"Date","Provider_Type","Category","Complaints"
"02/28/2026","Non-Transportation","IT/Technology","1"
"02/28/2026","Other/Unidentified Provider",,"13"
"02/28/2026","Broker","Driver","3"
"02/28/2026","Primary","Vehicles","1"
"02/28/2026","Primary","Service - Ride Time","2"
"02/28/2026","Primary","Driver","1"
"02/28/2026","Broker","Service - Late Pickup","1"
"02/28/2026","Broker","Service - No Shows","1"
"02/27/2026","Non-Transportation","Travel Services (Same Day)","8"
"02/27/2026","Non-Transportation","Travel Planning (Res)","7"
"02/27/2026","Non-Transportation","Scheduling","1"
"02/27/2026","Non-Transportation","Policy","11"
"02/27/2026","Non-Transportation","IT/Technology","6"
"02/27/2026","Non-Transportation","Customer","36"
"02/27/2026","Supplemental","Vehicles","1"
"02/27/2026","Supplemental","Service - Ride Time","2"
"02/27/2026","Supplemental","Service - No Shows","3"
"02/27/2026","Supplemental","Driver","2"
"02/27/2026","Broker","Vehicles","3"
"02/27/2026","Broker","Service - Ride Time","4"
"02/27/2026","Broker","Service - Other","7"
"02/27/2026","Broker","Service - No Shows","57"
"02/27/2026","Broker","Service - Late Pickup","18"
"02/27/2026","Broker","Driver","29"
"02/27/2026","Primary","Service - Ride Time","4"
"02/27/2026","Primary","Service - No Shows","16"
"02/27/2026","Primary","Driver","7"
"02/27/2026","Primary","Service - Late Pickup","2"
"02/27/2026","Other/Unidentified Provider","Vehicles","1"
"02/27/2026","Other/Unidentified Provider","Service - Ride Time","3"
"02/27/2026","Other/Unidentified Provider","Service - Other","6"
"02/27/2026","Other/Unidentified Provider","Service - No Shows","18"
"02/27/2026","Other/Unidentified Provider","Service - Late Pickup","8"
"02/27/2026","Other/Unidentified Provider","Driver","10"
"02/27/2026","Other/Unidentified Provider",,"30"
"02/26/2026","Broker","Service - No Shows","51"
"02/26/2026","Other/Unidentified Provider","Service - Other","1"
"02/26/2026","Other/Unidentified Provider","Service - No Shows","10"
"02/26/2026","Other/Unidentified Provider","Service - Late Pickup","2"
"02/26/2026","Other/Unidentified Provider","Driver","9"
"02/26/2026","Other/Unidentified Provider",,"11"
"02/26/2026","Non-Transportation","Travel Services (Same Day)","11"
"02/26/2026","Non-Transportation","Travel Planning (Res)","8"
"02/26/2026","Non-Transportation","Scheduling","1"
"02/26/2026","Non-Transportation","Policy","20"
"02/26/2026","Non-Transportation","IT/Technology","5"
"02/26/2026","Non-Transportation","Customer Relations","1"
"02/26/2026","Non-Transportation","Customer","35"
"02/26/2026","Supplemental","Service - Ride Time","1"
"02/26/2026","Supplemental","Service - No Shows","4"
"02/26/2026","Supplemental","Service - Late Pickup","4"
"02/26/2026","Supplemental","Driver","5"
"02/26/2026","Broker","Vehicles","1"
"02/26/2026","Broker","Service - Ride Time","9"
"02/26/2026","Broker","Service - Other","5"
"02/26/2026","Broker","Service - Late Pickup","23"
"02/26/2026","Broker","Driver","30"
"02/26/2026","Primary","Service - Ride Time","11"
"02/26/2026","Primary","Service - No Shows","9"
"02/26/2026","Primary","Service - Late Pickup","1"
"02/26/2026","Primary","Driver","9"
"02/26/2026","Primary",,"1"
"02/25/2026","Primary","Service - No Shows","8"
"02/25/2026","Other/Unidentified Provider","Vehicles","1"
"02/25/2026","Other/Unidentified Provider","Service - Other","3"
"02/25/2026","Other/Unidentified Provider","Service - No Shows","3"
"02/25/2026","Other/Unidentified Provider","Service - Late Pickup","2"
"02/25/2026","Other/Unidentified Provider","Driver","8"
"02/25/2026","Other/Unidentified Provider",,"10"
"02/25/2026","Non-Transportation","Travel Services (Same Day)","2"
"02/25/2026","Non-Transportation","Travel Planning (Res)","4"
"02/25/2026","Non-Transportation","Policy","12"
"02/25/2026","Non-Transportation","IT/Technology","4"
"02/25/2026","Non-Transportation","Eligibility","2"
"02/25/2026","Non-Transportation","Customer","52"
"02/25/2026","Supplemental","Vehicles","1"
"02/25/2026","Supplemental","Service - Ride Time","1"
"02/25/2026","Supplemental","Service - Other","1"
"02/25/2026","Supplemental","Service - No Shows","4"
"02/25/2026","Supplemental","Service - Late Pickup","2"
"02/25/2026","Supplemental","Driver","1"
"02/25/2026","Broker","Vehicles","3"
"02/25/2026","Primary","Driver","5"
"02/25/2026","Broker","Service - Ride Time","4"
"02/25/2026","Broker","Service - Other","3"
"02/25/2026","Broker","Service - No Shows","54"
"02/25/2026","Broker","Service - Late Pickup","9"
"02/25/2026","Broker","Driver","15"
"02/25/2026","Primary","Service - Ride Time","2"
"02/24/2026","Supplemental","Service - No Shows","5"
"02/24/2026","Other/Unidentified Provider","Vehicles","1"
"02/24/2026","Other/Unidentified Provider","Service - Ride Time","1"
"02/24/2026","Other/Unidentified Provider","Service - No Shows","1"
"02/24/2026","Other/Unidentified Provider","Service - Late Pickup","2"
"02/24/2026","Other/Unidentified Provider","Driver","9"
"02/24/2026","Other/Unidentified Provider",,"1"
"02/24/2026","Non-Transportation","Travel Services (Same Day)","3"
"02/24/2026","Non-Transportation","Travel Planning (Res)","6"
"02/24/2026","Non-Transportation","Scheduling","1"
"02/24/2026","Non-Transportation","Policy","10"
"02/24/2026","Non-Transportation","IT/Technology","7"
"02/24/2026","Non-Transportation","Eligibility","3"
"02/24/2026","Non-Transportation","Customer","38"
"02/24/2026","Supplemental","Vehicles","1"
"02/24/2026","Supplemental","Driver","1"
"02/24/2026","Broker","Vehicles","2"
"02/24/2026","Broker","Service - Ride Time","2"
"02/24/2026","Broker","Service - Other","3"
"02/24/2026","Broker","Service - No Shows","25"
"02/24/2026","Broker","Service - Late Pickup","2"
"02/24/2026","Broker","Driver","27"
"02/24/2026","Primary","Service - No Shows","10"
"02/24/2026","Primary","Service - Late Pickup","1"
"02/24/2026","Primary","Driver","1"
"02/23/2026","Supplemental","Service - No Shows","3"
"02/23/2026","Other/Unidentified Provider","Service - No Shows","2"
"02/23/2026","Other/Unidentified Provider","Service - Late Pickup","1"
"02/23/2026","Other/Unidentified Provider","Driver","5"
"02/23/2026","Other/Unidentified Provider",,"1"
"02/23/2026","Non-Transportation","Travel Services (Same Day)","3"
"02/23/2026","Non-Transportation","Travel Planning (Res)","1"
"02/23/2026","Non-Transportation","Policy","11"
"02/23/2026","Non-Transportation","IT/Technology","4"
"02/23/2026","Non-Transportation","Customer","33"
"02/23/2026","Supplemental","Driver","3"
"02/23/2026","Broker","Vehicles","2"
"02/23/2026","Broker","Service - Other","3"
"02/23/2026","Broker","Service - No Shows","14"
"02/23/2026","Broker","Service - Late Pickup","1"
"02/23/2026","Broker","Driver","18"
"02/23/2026","Primary","Vehicles","1"
"02/23/2026","Primary","Service - Ride Time","1"
"02/23/2026","Primary","Service - Other","1"
"02/23/2026","Primary","Service - No Shows","8"
"02/23/2026","Primary","Driver","5"
"02/22/2026","Non-Transportation","Customer","1"
"02/22/2026","Supplemental","Driver","1"
"02/22/2026","Broker","Vehicles","1"
"02/22/2026","Broker","Service - No Shows","1"
"02/22/2026","Broker","Driver","4"
"02/22/2026","Primary","Service - No Shows","1"
"02/22/2026","Primary","Driver","2"
"02/22/2026","Other/Unidentified Provider",,"2"
"02/22/2026","Non-Transportation","Policy","1"
"02/21/2026","Broker","Driver","6"
"02/21/2026","Primary","Service - Ride Time","2"
"02/21/2026","Primary","Service - Late Pickup","1"
"02/21/2026","Primary","Service - No Shows","1"
"02/21/2026","Primary","Driver","2"
"02/21/2026","Other/Unidentified Provider",,"1"
"02/21/2026","Non-Transportation","Policy","4"
"02/21/2026","Non-Transportation","IT/Technology","1"
"02/21/2026","Supplemental","Service - Ride Time","1"
"02/21/2026","Broker","Service - Ride Time","3"
"02/21/2026","Broker","Service - No Shows","1"
"02/21/2026","Broker","Service - Late Pickup","1"
"02/20/2026","Broker","Service - Ride Time","4"
"02/20/2026","Other/Unidentified Provider","Service - Ride Time","3"
"02/20/2026","Other/Unidentified Provider","Service - Other","2"
"02/20/2026","Other/Unidentified Provider","Service - No Shows","3"
"02/20/2026","Other/Unidentified Provider","Driver","9"
"02/20/2026","Other/Unidentified Provider",,"2"
"02/20/2026","Non-Transportation","Travel Services (Same Day)","12"
"02/20/2026","Non-Transportation","Travel Planning (Res)","7"
"02/20/2026","Non-Transportation","Scheduling","3"
"02/20/2026","Non-Transportation","Policy","9"
"02/20/2026","Non-Transportation","IT/Technology","5"
"02/20/2026","Non-Transportation","Customer","41"
"02/20/2026","Supplemental","Service - Ride Time","1"
"02/20/2026","Supplemental","Service - No Shows","7"
"02/20/2026","Supplemental","Driver","4"
"02/20/2026","Broker","Vehicles","1"
"02/20/2026","Broker","Service - Other","3"
"02/20/2026","Broker","Service - No Shows","43"
"02/20/2026","Broker","Service - Late Pickup","14"
"02/20/2026","Broker","Driver","41"
"02/20/2026","Primary","Service - Ride Time","6"
"02/20/2026","Primary","Service - No Shows","20"
"02/20/2026","Primary","Service - Late Pickup","2"
"02/20/2026","Primary","Driver","10"
"02/19/2026","Primary","Service - No Shows","11"
"02/19/2026","Other/Unidentified Provider","Vehicles","1"
"02/19/2026","Other/Unidentified Provider","Service - Other","2"
"02/19/2026","Other/Unidentified Provider","Service - No Shows","3"
"02/19/2026","Other/Unidentified Provider","Service - Late Pickup","2"
"02/19/2026","Other/Unidentified Provider","Driver","12"
"02/19/2026","Other/Unidentified Provider",,"4"
"02/19/2026","Non-Transportation","Travel Services (Same Day)","3"
"02/19/2026","Non-Transportation","Travel Planning (Res)","5"
"02/19/2026","Non-Transportation","Scheduling","1"
"02/19/2026","Non-Transportation","Policy","14"
"02/19/2026","Non-Transportation","IT/Technology","17"
"02/19/2026","Non-Transportation","Eligibility","4"
"02/19/2026","Non-Transportation","Customer","28"
"02/19/2026","Supplemental","Service - Ride Time","2"
"02/19/2026","Supplemental","Service - No Shows","7"
"02/19/2026","Supplemental","Service - Late Pickup","1"
"02/19/2026","Supplemental","Driver","4"
"02/19/2026","Primary","Driver","11"
"02/19/2026","Broker","Service - Ride Time","5"
"02/19/2026","Primary","Service - Late Pickup","10"
"02/19/2026","Broker","Service - Other","11"
"02/19/2026","Broker","Service - No Shows","45"
"02/19/2026","Broker","Service - Late Pickup","8"
"02/19/2026","Broker","Driver","56"
"02/19/2026","Primary","Vehicles","1"
"02/19/2026","Primary","Service - Ride Time","1"
"02/19/2026","Primary","Service - Other","1"
"02/18/2026","Non-Transportation","Policy","13"
"02/18/2026","Other/Unidentified Provider","Service - No Shows","1"
"02/18/2026","Other/Unidentified Provider","Driver","1"
"02/18/2026","Other/Unidentified Provider",,"1"
"02/18/2026","Non-Transportation","Travel Services (Same Day)","5"
"02/18/2026","Non-Transportation","Travel Planning (Res)","4"
"02/18/2026","Non-Transportation","Scheduling","1"
"02/18/2026","Non-Transportation","IT/Technology","9"
"02/18/2026","Non-Transportation","Eligibility","1"
"02/18/2026","Non-Transportation","Customer","47"
"02/18/2026","Supplemental","Service - No Shows","5"
"02/18/2026","Supplemental","Driver","1"
"02/18/2026","Broker","Vehicles","4"
"02/18/2026","Broker","Service - Ride Time","6"
"02/18/2026","Broker","Service - Other","3"
"02/18/2026","Broker","Service - No Shows","39"
"02/18/2026","Broker","Service - Late Pickup","11"
"02/18/2026","Broker","Driver","53"
"02/18/2026","Primary","Service - Ride Time","3"
"02/18/2026","Primary","Service - Other","1"
"02/18/2026","Primary","Service - No Shows","19"
"02/18/2026","Primary","Service - Late Pickup","3"
"02/18/2026","Primary","Driver","10"
"02/17/2026","Primary","Driver","19"
"02/17/2026","Other/Unidentified Provider","Service - Ride Time","1"
"02/17/2026","Other/Unidentified Provider","Service - No Shows","2"
"02/17/2026","Other/Unidentified Provider","Driver","5"
"02/17/2026","Other/Unidentified Provider",,"1"
"02/17/2026","Non-Transportation","Travel Services (Same Day)","6"
"02/17/2026","Non-Transportation","Travel Planning (Res)","7"
"02/17/2026","Non-Transportation","Scheduling","1"
"02/17/2026","Non-Transportation","Policy","23"
"02/17/2026","Non-Transportation","IT/Technology","11"
"02/17/2026","Non-Transportation","Eligibility","6"
"02/17/2026","Non-Transportation","Customer","50"
"02/17/2026","Supplemental","Vehicles","1"
"02/17/2026","Supplemental","Service - Ride Time","1"
"02/17/2026","Supplemental","Service - No Shows","7"
"02/17/2026","Supplemental","Service - Late Pickup","1"
"02/17/2026","Supplemental","Driver","9"
"02/17/2026","Broker","Vehicles","4"
"02/17/2026","Broker","Service - Ride Time","7"
"02/17/2026","Broker","Service - Other","1"
"02/17/2026","Broker","Service - No Shows","66"
"02/17/2026","Broker","Service - Late Pickup","10"
"02/17/2026","Broker","Driver","78"
"02/17/2026","Primary","Vehicles","1"
"02/17/2026","Primary","Service - Ride Time","4"
"02/17/2026","Primary","Service - No Shows","24"
"02/17/2026","Primary","Service - Late Pickup","5"
"02/16/2026","Broker","Driver","2"
"02/16/2026","Non-Transportation","Policy","3"
"02/16/2026","Non-Transportation","IT/Technology","1"
"02/16/2026","Supplemental","Driver","1"
"02/16/2026","Broker","Service - Ride Time","1"
"02/16/2026","Broker","Service - Other","1"
"02/16/2026","Broker","Service - No Shows","1"
"02/16/2026","Primary","Service - No Shows","1"
"02/15/2026","Non-Transportation","IT/Technology","3"
"02/15/2026","Other/Unidentified Provider","Driver","1"
"02/15/2026","Other/Unidentified Provider",,"2"
"02/15/2026","Non-Transportation","Policy","2"
"02/15/2026","Non-Transportation","Customer","1"
"02/15/2026","Broker","Service - Ride Time","1"
"02/15/2026","Broker","Service - No Shows","1"
"02/15/2026","Broker","Service - Late Pickup","2"
"02/15/2026","Broker","Driver","3"
"02/15/2026","Primary","Vehicles","1"
"02/15/2026","Primary","Driver","1"
"02/14/2026","Other/Unidentified Provider",,"3"
"02/14/2026","Non-Transportation","IT/Technology","1"
"02/14/2026","Non-Transportation","Customer","1"
"02/14/2026","Broker","Vehicles","1"
"02/14/2026","Broker","Service - No Shows","1"
"02/14/2026","Broker","Service - Late Pickup","1"
"02/14/2026","Broker","Driver","2"
"02/14/2026","Primary","Driver","1"
"02/13/2026","Non-Transportation","IT/Technology","5"
"02/13/2026","Non-Transportation","Eligibility","5"
"02/13/2026","Non-Transportation","Customer","38"
"02/13/2026","Supplemental","Service - Ride Time","3"
"02/13/2026","Supplemental","Service - Other","1"
"02/13/2026","Supplemental","Service - No Shows","4"
"02/13/2026","Supplemental","Driver","3"
"02/13/2026","Broker","Vehicles","4"
"02/13/2026","Broker","Service - Ride Time","10"
"02/13/2026","Broker","Service - Other","6"
"02/13/2026","Primary","Driver","11"
"02/13/2026","Broker","Service - No Shows","49"
"02/13/2026","Broker","Service - Late Pickup","8"
"02/13/2026","Broker","Driver","36"
"02/13/2026","Primary","Vehicles","1"
"02/13/2026","Primary","Service - Ride Time","6"
"02/13/2026","Primary","Service - Late Pickup","18"
"02/13/2026","Primary","Service - No Shows","26"
"02/13/2026","Other/Unidentified Provider","Service - Other","1"
"02/13/2026","Other/Unidentified Provider","Service - No Shows","3"
"02/13/2026","Other/Unidentified Provider","Service - Late Pickup","1"
"02/13/2026","Other/Unidentified Provider","Driver","4"
"02/13/2026","Non-Transportation","Travel Services (Same Day)","3"
"02/13/2026","Non-Transportation","Scheduling","1"
"02/13/2026","Non-Transportation","Policy","13"
"02/12/2026","Primary","Vehicles","1"
"02/12/2026","Other/Unidentified Provider","Service - Ride Time","1"
"02/12/2026","Other/Unidentified Provider","Service - No Shows","1"
"02/12/2026","Other/Unidentified Provider","Service - Late Pickup","1"
"02/12/2026","Other/Unidentified Provider","Driver","6"
"02/12/2026","Non-Transportation","Travel Services (Same Day)","4"
"02/12/2026","Non-Transportation","Travel Planning (Res)","6"
"02/12/2026","Non-Transportation","Policy","21"
"02/12/2026","Non-Transportation","IT/Technology","14"
"02/12/2026","Non-Transportation","Eligibility","4"
"02/12/2026","Non-Transportation","Customer","22"
"02/12/2026","Supplemental","Vehicles","1"
"02/12/2026","Supplemental","Service - No Shows","4"
"02/12/2026","Supplemental","Service - Late Pickup","4"
"02/12/2026","Supplemental","Driver","6"
"02/12/2026","Broker","Vehicles","2"
"02/12/2026","Broker","Service - Ride Time","7"
"02/12/2026","Broker","Service - Other","2"
"02/12/2026","Broker","Service - No Shows","53"
"02/12/2026","Broker","Service - Late Pickup","18"
"02/12/2026","Broker","Driver","55"
"02/12/2026","Primary","Service - Ride Time","6"
"02/12/2026","Primary","Service - No Shows","18"
"02/12/2026","Primary","Service - Late Pickup","12"
"02/12/2026","Primary","Driver","17"
"02/11/2026","Primary","Driver","9"
"02/11/2026","Other/Unidentified Provider","Service - No Shows","4"
"02/11/2026","Other/Unidentified Provider","Service - Late Pickup","1"
"02/11/2026","Other/Unidentified Provider","Driver","1"
"02/11/2026","Non-Transportation","Travel Services (Same Day)","4"
"02/11/2026","Non-Transportation","Travel Planning (Res)","6"
"02/11/2026","Non-Transportation","Scheduling","5"
"02/11/2026","Non-Transportation","Policy","12"
"02/11/2026","Non-Transportation","IT/Technology","23"
"02/11/2026","Non-Transportation","Eligibility","3"
"02/11/2026","Non-Transportation","Customer Relations","1"
"02/11/2026","Non-Transportation","Customer","50"
"02/11/2026","Supplemental","Vehicles","1"
"02/11/2026","Supplemental","Service - Ride Time","2"
"02/11/2026","Supplemental","Service - No Shows","9"
"02/11/2026","Supplemental","Service - Late Pickup","2"
"02/11/2026","Supplemental","Driver","5"
"02/11/2026","Broker","Vehicles","2"
"02/11/2026","Broker","Service - Ride Time","15"
"02/11/2026","Broker","Service - Other","3"
"02/11/2026","Broker","Service - No Shows","57"
"02/11/2026","Broker","Service - Late Pickup","20"
"02/11/2026","Broker","Driver","29"
"02/11/2026","Primary","Service - Ride Time","7"
"02/11/2026","Primary","Service - No Shows","27"
"02/11/2026","Primary","Service - Late Pickup","8"
"02/10/2026","Non-Transportation","Eligibility","3"
"02/10/2026","Other/Unidentified Provider","Service - Ride Time","1"
"02/10/2026","Other/Unidentified Provider","Service - No Shows","1"
"02/10/2026","Other/Unidentified Provider","Driver","1"
"02/10/2026","Non-Transportation","Travel Services (Same Day)","8"
"02/10/2026","Non-Transportation","Travel Planning (Res)","7"
"02/10/2026","Non-Transportation","Scheduling","2"
"02/10/2026","Non-Transportation","Policy","27"
"02/10/2026","Non-Transportation","Other","1"
"02/10/2026","Non-Transportation","IT/Technology","18"
"02/10/2026","Non-Transportation","Customer Relations","1"
"02/10/2026","Non-Transportation","Customer","44"
"02/10/2026","Supplemental","Vehicles","1"
"02/10/2026","Supplemental","Service - Ride Time","2"
"02/10/2026","Supplemental","Service - No Shows","6"
"02/10/2026","Supplemental","Service - Late Pickup","2"
"02/10/2026","Supplemental","Driver","5"
"02/10/2026","Broker","Vehicles","2"
"02/10/2026","Broker","Service - Ride Time","13"
"02/10/2026","Broker","Service - Other","5"
"02/10/2026","Broker","Service - No Shows","59"
"02/10/2026","Broker","Service - Late Pickup","22"
"02/10/2026","Broker","Driver","56"
"02/10/2026","Primary","Vehicles","2"
"02/10/2026","Primary","Service - Ride Time","8"
"02/10/2026","Primary","Service - No Shows","45"
"02/10/2026","Primary","Service - Late Pickup","11"
"02/10/2026","Primary","Driver","14"
"02/09/2026","Non-Transportation","IT/Technology","15"
"02/09/2026","Other/Unidentified Provider","Service - Ride Time","1"
"02/09/2026","Other/Unidentified Provider","Service - No Shows","4"
"02/09/2026","Other/Unidentified Provider","Service - Late Pickup","4"
"02/09/2026","Other/Unidentified Provider","Driver","4"
"02/09/2026","Other/Unidentified Provider",,"1"
"02/09/2026","Non-Transportation","Travel Services (Same Day)","19"
"02/09/2026","Non-Transportation","Travel Planning (Res)","7"
"02/09/2026","Non-Transportation","Scheduling","1"
"02/09/2026","Non-Transportation","Policy","19"
"02/09/2026","Supplemental","Service - Ride Time","1"
"02/09/2026","Supplemental","Service - Other","1"
"02/09/2026","Supplemental","Service - No Shows","11"
"02/09/2026","Supplemental","Service - Late Pickup","3"
"02/09/2026","Supplemental","Driver","6"
"02/09/2026","Broker","Vehicles","2"
"02/09/2026","Broker","Service - Ride Time","8"
"02/09/2026","Broker","Service - No Shows","81"
"02/09/2026","Broker","Service - Late Pickup","10"
"02/09/2026","Broker","Driver","37"
"02/09/2026","Primary","Service - Ride Time","8"
"02/09/2026","Primary","Service - Other","1"
"02/09/2026","Primary","Service - No Shows","45"
"02/09/2026","Primary","Service - Late Pickup","9"
"02/09/2026","Primary","Driver","13"
"02/09/2026","Non-Transportation","Eligibility","4"
"02/09/2026","Non-Transportation","Customer","45"
"02/08/2026","Non-Transportation","Customer","2"
"02/08/2026","Broker","Service - Ride Time","1"
"02/08/2026","Broker","Service - No Shows","3"
"02/08/2026","Broker","Driver","3"
"02/08/2026","Primary","Service - No Shows","1"
"02/08/2026","Primary","Driver","1"
"02/08/2026","Non-Transportation","Travel Services (Same Day)","1"
"02/08/2026","Non-Transportation","Policy","1"
"02/07/2026","Broker","Service - Late Pickup","2"
"02/07/2026","Non-Transportation","Travel Services (Same Day)","3"
"02/07/2026","Broker","Driver","3"
"02/07/2026","Primary","Service - No Shows","3"
"02/07/2026","Non-Transportation","Policy","4"
"02/07/2026","Broker","Service - Ride Time","1"
"02/07/2026","Broker","Service - No Shows","3"
"02/06/2026","Non-Transportation","Customer","29"
"02/06/2026","Other/Unidentified Provider","Service - Late Pickup","1"
"02/06/2026","Other/Unidentified Provider","Driver","2"
"02/06/2026","Other/Unidentified Provider",,"1"
"02/06/2026","Non-Transportation","Travel Services (Same Day)","4"
"02/06/2026","Non-Transportation","Travel Planning (Res)","3"
"02/06/2026","Non-Transportation","Scheduling","2"
"02/06/2026","Non-Transportation","Policy","14"
"02/06/2026","Non-Transportation","Other","1"
"02/06/2026","Non-Transportation","IT/Technology","10"
"02/06/2026","Supplemental","Service - Ride Time","3"
"02/06/2026","Supplemental","Service - No Shows","5"
"02/06/2026","Supplemental","Service - Late Pickup","4"
"02/06/2026","Supplemental","Driver","4"
"02/06/2026","Broker","Vehicles","1"
"02/06/2026","Broker","Service - Ride Time","4"
"02/06/2026","Broker","Service - Other","1"
"02/06/2026","Broker","Service - No Shows","59"
"02/06/2026","Broker","Service - Late Pickup","22"
"02/06/2026","Broker","Driver","43"
"02/06/2026","Primary","Vehicles","1"
"02/06/2026","Primary","Service - Ride Time","4"
"02/06/2026","Primary","Service - No Shows","26"
"02/06/2026","Primary","Service - Late Pickup","18"
"02/06/2026","Primary","Driver","7"
"02/05/2026","Primary","Driver","15"
"02/05/2026","Other/Unidentified Provider","Service - Other","1"
"02/05/2026","Other/Unidentified Provider","Service - No Shows","2"
"02/05/2026","Other/Unidentified Provider","Service - Late Pickup","2"
"02/05/2026","Other/Unidentified Provider","Driver","2"
"02/05/2026","Non-Transportation","Travel Services (Same Day)","5"
"02/05/2026","Non-Transportation","Travel Planning (Res)","3"
"02/05/2026","Non-Transportation","Scheduling","2"
"02/05/2026","Non-Transportation","Policy","13"
"02/05/2026","Non-Transportation","IT/Technology","10"
"02/05/2026","Non-Transportation","Eligibility","1"
"02/05/2026","Non-Transportation","Customer","25"
"02/05/2026","Supplemental","Vehicles","1"
"02/05/2026","Supplemental","Service - Ride Time","2"
"02/05/2026","Supplemental","Service - No Shows","12"
"02/05/2026","Supplemental","Service - Late Pickup","3"
"02/05/2026","Supplemental","Driver","3"
"02/05/2026","Broker","Vehicles","1"
"02/05/2026","Broker","Service - Ride Time","17"
"02/05/2026","Broker","Service - Other","8"
"02/05/2026","Broker","Service - No Shows","81"
"02/05/2026","Broker","Service - Late Pickup","33"
"02/05/2026","Broker","Driver","48"
"02/05/2026","Primary","Vehicles","1"
"02/05/2026","Primary","Service - Ride Time","21"
"02/05/2026","Primary","Service - Other","3"
"02/05/2026","Primary","Service - No Shows","36"
"02/05/2026","Primary","Service - Late Pickup","22"
"02/04/2026","Primary","Service - Ride Time","7"
"02/04/2026","Other/Unidentified Provider","Service - Other","1"
"02/04/2026","Other/Unidentified Provider","Service - No Shows","1"
"02/04/2026","Other/Unidentified Provider","Service - Late Pickup","4"
"02/04/2026","Other/Unidentified Provider","Driver","2"
"02/04/2026","Non-Transportation","Travel Planning (Res)","5"
"02/04/2026","Non-Transportation","Scheduling","3"
"02/04/2026","Non-Transportation","Policy","18"
"02/04/2026","Non-Transportation","IT/Technology","12"
"02/04/2026","Non-Transportation","Customer Relations","1"
"02/04/2026","Non-Transportation","Customer","15"
"02/04/2026","Supplemental","Service - Ride Time","1"
"02/04/2026","Supplemental","Service - No Shows","10"
"02/04/2026","Supplemental","Driver","4"
"02/04/2026","Broker","Vehicles","4"
"02/04/2026","Broker","Service - Ride Time","13"
"02/04/2026","Broker","Service - Other","7"
"02/04/2026","Broker","Service - No Shows","71"
"02/04/2026","Broker","Service - Late Pickup","27"
"02/04/2026","Broker","Driver","34"
"02/04/2026","Primary","Service - No Shows","34"
"02/04/2026","Primary","Service - Late Pickup","7"
"02/04/2026","Primary","Driver","2"
"02/03/2026","Primary","Service - Late Pickup","14"
"02/03/2026","Other/Unidentified Provider","Service - Ride Time","2"
"02/03/2026","Other/Unidentified Provider","Service - No Shows","3"
"02/03/2026","Other/Unidentified Provider","Service - Late Pickup","3"
"02/03/2026","Other/Unidentified Provider","Driver","4"
"02/03/2026","Other/Unidentified Provider",,"1"
"02/03/2026","Non-Transportation","Travel Services (Same Day)","6"
"02/03/2026","Non-Transportation","Travel Planning (Res)","2"
"02/03/2026","Non-Transportation","Scheduling","1"
"02/03/2026","Non-Transportation","Policy","14"
"02/03/2026","Non-Transportation","IT/Technology","8"
"02/03/2026","Non-Transportation","Eligibility","1"
"02/03/2026","Non-Transportation","Customer","20"
"02/03/2026","Supplemental","Vehicles","2"
"02/03/2026","Supplemental","Service - Other","1"
"02/03/2026","Supplemental","Service - No Shows","4"
"02/03/2026","Supplemental","Service - Late Pickup","1"
"02/03/2026","Supplemental","Driver","8"
"02/03/2026","Broker","Vehicles","2"
"02/03/2026","Broker","Service - Ride Time","19"
"02/03/2026","Broker","Service - Other","4"
"02/03/2026","Broker","Service - No Shows","56"
"02/03/2026","Broker","Service - Late Pickup","13"
"02/03/2026","Broker","Driver","50"
"02/03/2026","Primary","Driver","10"
"02/03/2026","Primary","Service - Ride Time","11"
"02/03/2026","Primary","Service - No Shows","28"
"02/02/2026","Broker","Service - No Shows","66"
"02/02/2026","Other/Unidentified Provider","Service - Other","1"
"02/02/2026","Other/Unidentified Provider","Service - No Shows","3"
"02/02/2026","Other/Unidentified Provider","Driver","1"
"02/02/2026","Non-Transportation","Travel Services (Same Day)","9"
"02/02/2026","Non-Transportation","Travel Planning (Res)","7"
"02/02/2026","Non-Transportation","Scheduling","1"
"02/02/2026","Non-Transportation","Policy","12"
"02/02/2026","Non-Transportation","IT/Technology","8"
"02/02/2026","Non-Transportation","Eligibility","1"
"02/02/2026","Non-Transportation","Customer","34"
"02/02/2026","Supplemental","Service - Ride Time","5"
"02/02/2026","Supplemental","Service - Other","1"
"02/02/2026","Supplemental","Service - No Shows","8"
"02/02/2026","Supplemental","Service - Late Pickup","1"
"02/02/2026","Supplemental","Driver","9"
"02/02/2026","Broker","Vehicles","3"
"02/02/2026","Broker","Service - Ride Time","15"
"02/02/2026","Broker","Service - Other","4"
"02/02/2026","Broker","Service - Late Pickup","21"
"02/02/2026","Broker","Driver","41"
"02/02/2026","Primary","Vehicles","3"
"02/02/2026","Primary","Service - Ride Time","8"
"02/02/2026","Primary","Service - Other","1"
"02/02/2026","Primary","Service - No Shows","17"
"02/02/2026","Primary","Service - Late Pickup","5"
"02/02/2026","Primary","Driver","15"
"02/01/2026","Broker","Service - Ride Time","1"
"02/01/2026","Broker","Service - No Shows","3"
"02/01/2026","Broker","Driver","4"
"02/01/2026","Primary","Service - Ride Time","1"
"02/01/2026","Primary","Service - No Shows","2"
"02/01/2026","Non-Transportation","Travel Services (Same Day)","1"
"02/01/2026","Supplemental","Driver","1"
"01/31/2026","Broker","Service - Other","1"
"01/31/2026","Broker","Driver","4"
"01/31/2026","Primary","Driver","1"
"01/31/2026","Non-Transportation","Policy","3"
"01/31/2026","Non-Transportation","IT/Technology","2"
"01/30/2026","Supplemental","Vehicles","1"
"01/30/2026","Supplemental","Service - Ride Time","2"
"01/30/2026","Supplemental","Service - No Shows","8"
"01/30/2026","Supplemental","Service - Late Pickup","1"
"01/30/2026","Supplemental","Driver","6"
"01/30/2026","Broker","Vehicles","4"
"01/30/2026","Broker","Service - Ride Time","12"
"01/30/2026","Broker","Service - Other","4"
"01/30/2026","Broker","Service - No Shows","60"
"01/30/2026","Broker","Service - Late Pickup","25"
"01/30/2026","Broker","Driver","47"
"01/30/2026","Primary","Service - Ride Time","11"
"01/30/2026","Primary","Service - Other","1"
"01/30/2026","Primary","Service - No Shows","17"
"01/30/2026","Primary","Driver","12"
"01/30/2026","Primary","Service - Late Pickup","9"
"01/30/2026","Other/Unidentified Provider","Service - No Shows","1"
"01/30/2026","Other/Unidentified Provider","Service - Late Pickup","1"
"01/30/2026","Other/Unidentified Provider","Driver","2"
"01/30/2026","Non-Transportation","Travel Services (Same Day)","6"
"01/30/2026","Non-Transportation","Travel Planning (Res)","5"
"01/30/2026","Non-Transportation","Scheduling","2"
"01/30/2026","Non-Transportation","Policy","13"
"01/30/2026","Non-Transportation","IT/Technology","3"
"01/30/2026","Non-Transportation","Eligibility","2"
"01/30/2026","Non-Transportation","Customer Relations","2"
"01/30/2026","Non-Transportation","Customer","33"
"01/29/2026","Broker","Service - Ride Time","20"
"01/29/2026","Other/Unidentified Provider","Service - Ride Time","2"
"01/29/2026","Other/Unidentified Provider","Service - No Shows","3"
"01/29/2026","Other/Unidentified Provider","Driver","4"
"01/29/2026","Non-Transportation","Travel Services (Same Day)","3"
"01/29/2026","Non-Transportation","Travel Planning (Res)","1"
"01/29/2026","Non-Transportation","Scheduling","3"
"01/29/2026","Non-Transportation","Policy","13"
"01/29/2026","Non-Transportation","IT/Technology","6"
"01/29/2026","Non-Transportation","Eligibility","1"
"01/29/2026","Non-Transportation","Customer","17"
"01/29/2026","Supplemental","Vehicles","1"
"01/29/2026","Supplemental","Service - Ride Time","1"
"01/29/2026","Supplemental","Service - No Shows","14"
"01/29/2026","Supplemental","Service - Late Pickup","3"
"01/29/2026","Supplemental","Driver","12"
"01/29/2026","Broker","Vehicles","3"
"01/29/2026","Broker","Service - Other","9"
"01/29/2026","Broker","Service - No Shows","82"
"01/29/2026","Broker","Service - Late Pickup","26"
"01/29/2026","Broker","Driver","52"
"01/29/2026","Primary","Vehicles","1"
"01/29/2026","Primary","Service - Ride Time","7"
"01/29/2026","Primary","Service - No Shows","25"
"01/29/2026","Primary","Service - Late Pickup","11"
"01/29/2026","Primary","Driver","10"
"01/28/2026","Primary","Service - No Shows","32"
"01/28/2026","Other/Unidentified Provider","Service - No Shows","2"
"01/28/2026","Other/Unidentified Provider","Service - Late Pickup","1"
"01/28/2026","Other/Unidentified Provider","Driver","4"
"01/28/2026","Non-Transportation","Travel Services (Same Day)","4"
"01/28/2026","Non-Transportation","Travel Planning (Res)","7"
"01/28/2026","Non-Transportation","Scheduling","1"
"01/28/2026","Non-Transportation","Policy","12"
"01/28/2026","Non-Transportation","IT/Technology","6"
"01/28/2026","Non-Transportation","Eligibility","1"
"01/28/2026","Non-Transportation","Customer","26"
"01/28/2026","Supplemental","Service - Ride Time","2"
"01/28/2026","Supplemental","Service - No Shows","5"
"01/28/2026","Supplemental","Service - Late Pickup","4"
"01/28/2026","Supplemental","Driver","4"
"01/28/2026","Broker","Vehicles","2"
"01/28/2026","Primary","Service - Late Pickup","9"
"01/28/2026","Broker","Service - Ride Time","13"
"01/28/2026","Primary","Driver","18"
"01/28/2026","Broker","Service - Other","9"
"01/28/2026","Broker","Service - No Shows","71"
"01/28/2026","Broker","Service - Late Pickup","26"
"01/28/2026","Broker","Driver","49"
"01/28/2026","Primary","Vehicles","1"
"01/28/2026","Primary","Service - Ride Time","5"
"01/27/2026","Broker","Service - Other","2"
"01/27/2026","Other/Unidentified Provider","Service - Ride Time","1"
"01/27/2026","Other/Unidentified Provider","Service - No Shows","4"
"01/27/2026","Other/Unidentified Provider","Driver","2"
"01/27/2026","Non-Transportation","Travel Services (Same Day)","6"
"01/27/2026","Non-Transportation","Scheduling","1"
"01/27/2026","Non-Transportation","Policy","9"
"01/27/2026","Non-Transportation","Other","1"
"01/27/2026","Non-Transportation","IT/Technology","5"
"01/27/2026","Non-Transportation","Eligibility","2"
"01/27/2026","Non-Transportation","Customer Relations","2"
"01/27/2026","Non-Transportation","Customer","23"
"01/27/2026","Supplemental","Service - Ride Time","2"
"01/27/2026","Supplemental","Service - No Shows","4"
"01/27/2026","Supplemental","Service - Late Pickup","2"
"01/27/2026","Supplemental","Driver","4"
"01/27/2026","Broker","Vehicles","1"
"01/27/2026","Broker","Service - Ride Time","13"
"01/27/2026","Broker","Service - No Shows","54"
"01/27/2026","Broker","Service - Late Pickup","18"
"01/27/2026","Broker","Driver","28"
"01/27/2026","Primary","Service - No Shows","27"
"01/27/2026","Primary","Service - Late Pickup","4"
"01/27/2026","Primary","Driver","13"
"01/26/2026","Primary","Driver","6"
"01/26/2026","Other/Unidentified Provider","Service - No Shows","3"
"01/26/2026","Other/Unidentified Provider","Driver","2"
"01/26/2026","Non-Transportation","Travel Services (Same Day)","3"
"01/26/2026","Non-Transportation","Travel Planning (Res)","2"
"01/26/2026","Non-Transportation","Scheduling","3"
"01/26/2026","Non-Transportation","Policy","7"
"01/26/2026","Non-Transportation","IT/Technology","4"
"01/26/2026","Non-Transportation","Eligibility","3"
"01/26/2026","Non-Transportation","Customer","13"
"01/26/2026","Supplemental","Service - No Shows","2"
"01/26/2026","Supplemental","Service - Late Pickup","1"
"01/26/2026","Supplemental","Driver","4"
"01/26/2026","Broker","Vehicles","1"
"01/26/2026","Broker","Service - Ride Time","3"
"01/26/2026","Broker","Service - Other","3"
"01/26/2026","Broker","Service - No Shows","20"
"01/26/2026","Broker","Service - Late Pickup","1"
"01/26/2026","Broker","Driver","17"
"01/26/2026","Primary","Vehicles","1"
"01/26/2026","Primary","Service - Ride Time","1"
"01/26/2026","Primary","Service - No Shows","10"
"01/26/2026","Primary","Service - Late Pickup","3"
"01/25/2026","Broker","Service - No Shows","1"
"01/25/2026","Non-Transportation","Policy","1"
"01/25/2026","Non-Transportation","IT/Technology","2"
"01/25/2026","Broker","Vehicles","1"
"01/25/2026","Broker","Driver","2"
"01/24/2026","Broker","Driver","2"
"01/24/2026","Other/Unidentified Provider","Driver","1"
"01/24/2026","Non-Transportation","Policy","1"
"01/24/2026","Non-Transportation","Customer","1"
"01/24/2026","Primary","Driver","3"
"01/23/2026","Broker","Driver","49"
"01/23/2026","Other/Unidentified Provider","Service - Other","1"
"01/23/2026","Other/Unidentified Provider","Service - No Shows","2"
"01/23/2026","Other/Unidentified Provider","Driver","3"
"01/23/2026","Other/Unidentified Provider",,"1"
"01/23/2026","Non-Transportation","Travel Services (Same Day)","4"
"01/23/2026","Non-Transportation","Travel Planning (Res)","4"
"01/23/2026","Non-Transportation","Scheduling","2"
"01/23/2026","Non-Transportation","Policy","6"
"01/23/2026","Non-Transportation","IT/Technology","7"
"01/23/2026","Non-Transportation","Eligibility","3"
"01/23/2026","Non-Transportation","Customer","24"
"01/23/2026","Supplemental","Service - No Shows","9"
"01/23/2026","Supplemental","Service - Late Pickup","1"
"01/23/2026","Supplemental","Driver","5"
"01/23/2026","Broker","Service - Ride Time","15"
"01/23/2026","Broker","Service - Other","4"
"01/23/2026","Broker","Service - No Shows","25"
"01/23/2026","Broker","Service - Late Pickup","7"
"01/23/2026","Primary","Vehicles","1"
"01/23/2026","Primary","Service - Ride Time","4"
"01/23/2026","Primary","Service - No Shows","21"
"01/23/2026","Primary","Service - Late Pickup","8"
"01/23/2026","Primary","Driver","16"
"01/22/2026","Primary","Service - Late Pickup","10"
"01/22/2026","Other/Unidentified Provider","Service - No Shows","5"
"01/22/2026","Other/Unidentified Provider","Service - Late Pickup","1"
"01/22/2026","Other/Unidentified Provider","Driver","1"
"01/22/2026","Non-Transportation","Travel Services (Same Day)","4"
"01/22/2026","Non-Transportation","Travel Planning (Res)","9"
"01/22/2026","Non-Transportation","Scheduling","2"
"01/22/2026","Non-Transportation","Policy","25"
"01/22/2026","Non-Transportation","Other","1"
"01/22/2026","Non-Transportation","IT/Technology","10"
"01/22/2026","Non-Transportation","Eligibility","2"
"01/22/2026","Non-Transportation","Customer Relations","1"
"01/22/2026","Non-Transportation","Customer","39"
"01/22/2026","Supplemental","Vehicles","1"
"01/22/2026","Supplemental","Service - Ride Time","5"
"01/22/2026","Supplemental","Service - No Shows","7"
"01/22/2026","Supplemental","Driver","7"
"01/22/2026","Broker","Vehicles","5"
"01/22/2026","Broker","Service - Ride Time","11"
"01/22/2026","Broker","Service - Other","5"
"01/22/2026","Broker","Service - No Shows","37"
"01/22/2026","Broker","Service - Late Pickup","7"
"01/22/2026","Primary","Driver","16"
"01/22/2026","Broker","Driver","43"
"01/22/2026","Primary","Vehicles","1"
"01/22/2026","Primary","Service - Ride Time","9"
"01/22/2026","Primary","Service - No Shows","24"
"01/21/2026","Primary","Vehicles","1"
"01/21/2026","Other/Unidentified Provider","Service - No Shows","2"
"01/21/2026","Other/Unidentified Provider","Driver","1"
"01/21/2026","Non-Transportation","Travel Services (Same Day)","6"
"01/21/2026","Non-Transportation","Travel Planning (Res)","4"
"01/21/2026","Non-Transportation","Scheduling","4"
"01/21/2026","Non-Transportation","Policy","9"
"01/21/2026","Non-Transportation","IT/Technology","5"
"01/21/2026","Non-Transportation","Eligibility","3"
"01/21/2026","Non-Transportation","Customer","36"
"01/21/2026","Supplemental","Service - Ride Time","3"
"01/21/2026","Supplemental","Service - No Shows","8"
"01/21/2026","Supplemental","Service - Late Pickup","1"
"01/21/2026","Supplemental","Driver","5"
"01/21/2026","Broker","Vehicles","3"
"01/21/2026","Broker","Service - Ride Time","8"
"01/21/2026","Broker","Service - Other","5"
"01/21/2026","Broker","Service - No Shows","27"
"01/21/2026","Broker","Service - Late Pickup","12"
"01/21/2026","Broker","Driver","46"
"01/21/2026","Primary","Service - Ride Time","2"
"01/21/2026","Primary","Service - No Shows","12"
"01/21/2026","Primary","Service - Late Pickup","5"
"01/21/2026","Primary","Driver","9"
"01/20/2026","Non-Transportation","Customer","32"
"01/20/2026","Other/Unidentified Provider","Service - Ride Time","1"
"01/20/2026","Other/Unidentified Provider","Service - No Shows","1"
"01/20/2026","Other/Unidentified Provider","Driver","3"
"01/20/2026","Non-Transportation","Travel Services (Same Day)","4"
"01/20/2026","Non-Transportation","Travel Planning (Res)","5"
"01/20/2026","Non-Transportation","Scheduling","1"
"01/20/2026","Non-Transportation","Policy","13"
"01/20/2026","Non-Transportation","IT/Technology","9"
"01/20/2026","Non-Transportation","Eligibility","1"
"01/20/2026","Supplemental","Service - Late Pickup","1"
"01/20/2026","Supplemental","Driver","9"
"01/20/2026","Broker","Vehicles","5"
"01/20/2026","Broker","Service - Ride Time","15"
"01/20/2026","Broker","Service - Other","4"
"01/20/2026","Broker","Service - No Shows","43"
"01/20/2026","Broker","Service - Late Pickup","12"
"01/20/2026","Broker","Driver","75"
"01/20/2026","Primary","Vehicles","1"
"01/20/2026","Primary","Service - Ride Time","3"
"01/20/2026","Primary","Service - Other","1"
"01/20/2026","Primary","Service - No Shows","22"
"01/20/2026","Primary","Service - Late Pickup","5"
"01/20/2026","Primary","Driver","13"
"01/20/2026","Supplemental","Vehicles","2"
"01/20/2026","Supplemental","Service - Ride Time","1"
"01/20/2026","Supplemental","Service - Other","1"
"01/20/2026","Supplemental","Service - No Shows","10"
"01/19/2026","Primary","Service - No Shows","2"
"01/19/2026","Non-Transportation","Policy","2"
"01/19/2026","Non-Transportation","IT/Technology","1"
"01/19/2026","Supplemental","Service - No Shows","1"
"01/19/2026","Broker","Service - Other","1"
"01/19/2026","Broker","Service - No Shows","1"
"01/19/2026","Broker","Driver","2"
"01/19/2026","Non-Transportation","Travel Planning (Res)","1"
"01/18/2026","Non-Transportation","Travel Services (Same Day)","1"
"01/18/2026","Non-Transportation","Policy","3"
"01/18/2026","Non-Transportation","IT/Technology","1"
"01/18/2026","Non-Transportation","Customer","1"
"01/18/2026","Broker","Driver","1"
"01/18/2026","Primary","Driver","1"
"01/17/2026","Primary","Service - No Shows","1"
"01/17/2026","Non-Transportation","Travel Planning (Res)","1"
"01/17/2026","Non-Transportation","Policy","4"
"01/17/2026","Supplemental","Driver","3"
"01/17/2026","Broker","Service - No Shows","1"
"01/17/2026","Broker","Service - Late Pickup","1"
"01/17/2026","Broker","Driver","5"
"01/17/2026","Primary","Service - Ride Time","1"
"01/16/2026","Non-Transportation","Travel Services (Same Day)","5"
"01/16/2026","Non-Transportation","Travel Planning (Res)","4"
"01/16/2026","Non-Transportation","Scheduling","2"
"01/16/2026","Non-Transportation","Policy","21"
"01/16/2026","Non-Transportation","IT/Technology","4"
"01/16/2026","Non-Transportation","Eligibility","1"
"01/16/2026","Non-Transportation","Customer","31"
"01/16/2026","Supplemental","Vehicles","1"
"01/16/2026","Supplemental","Service - Ride Time","1"
"01/16/2026","Supplemental","Service - No Shows","4"
"01/16/2026","Supplemental","Driver","8"
"01/16/2026","Broker","Vehicles","2"
"01/16/2026","Broker","Service - Ride Time","10"
"01/16/2026","Broker","Service - Other","2"
"01/16/2026","Broker","Service - No Shows","33"
"01/16/2026","Broker","Service - Late Pickup","6"
"01/16/2026","Broker","Driver","39"
"01/16/2026","Primary","Vehicles","1"
"01/16/2026","Primary","Service - Ride Time","3"
"01/16/2026","Primary","Service - Other","1"
"01/16/2026","Primary","Service - No Shows","22"
"01/16/2026","Primary","Service - Late Pickup","6"
"01/16/2026","Primary","Driver","17"
"01/16/2026","Other/Unidentified Provider","Driver","3"
"01/15/2026","Broker","Driver","48"
"01/15/2026","Primary","Service - Other","1"
"01/15/2026","Primary","Service - Ride Time","8"
"01/15/2026","Other/Unidentified Provider","Service - Ride Time","1"
"01/15/2026","Other/Unidentified Provider","Service - No Shows","1"
"01/15/2026","Other/Unidentified Provider","Driver","4"
"01/15/2026","Non-Transportation","Travel Services (Same Day)","10"
"01/15/2026","Non-Transportation","Travel Planning (Res)","6"
"01/15/2026","Non-Transportation","Scheduling","2"
"01/15/2026","Non-Transportation","Policy","22"
"01/15/2026","Non-Transportation","IT/Technology","4"
"01/15/2026","Non-Transportation","Eligibility","3"
"01/15/2026","Non-Transportation","Customer Relations","1"
"01/15/2026","Primary","Driver","16"
"01/15/2026","Non-Transportation","Customer","47"
"01/15/2026","Supplemental","Service - Ride Time","2"
"01/15/2026","Supplemental","Service - Other","2"
"01/15/2026","Supplemental","Service - No Shows","8"
"01/15/2026","Supplemental","Driver","9"
"01/15/2026","Broker","Vehicles","2"
"01/15/2026","Broker","Service - Ride Time","13"
"01/15/2026","Broker","Service - Other","5"
"01/15/2026","Primary","Service - Late Pickup","4"
"01/15/2026","Broker","Service - No Shows","40"
"01/15/2026","Primary","Service - No Shows","26"
"01/15/2026","Broker","Service - Late Pickup","9"
"01/14/2026","Non-Transportation","Travel Services (Same Day)","2"
"01/14/2026","Other/Unidentified Provider","Service - Ride Time","1"
"01/14/2026","Other/Unidentified Provider","Service - No Shows","2"
"01/14/2026","Other/Unidentified Provider","Driver","1"
"01/14/2026","Non-Transportation","Travel Planning (Res)","6"
"01/14/2026","Non-Transportation","Scheduling","1"
"01/14/2026","Non-Transportation","Policy","18"
"01/14/2026","Non-Transportation","IT/Technology","7"
"01/14/2026","Non-Transportation","Eligibility","2"
"01/14/2026","Non-Transportation","Customer Relations","1"
"01/14/2026","Non-Transportation","Customer","25"
"01/14/2026","Supplemental","Service - No Shows","4"
"01/14/2026","Supplemental","Driver","4"
"01/14/2026","Broker","Vehicles","1"
"01/14/2026","Broker","Service - Ride Time","6"
"01/14/2026","Broker","Service - Other","3"
"01/14/2026","Broker","Service - No Shows","34"
"01/14/2026","Broker","Service - Late Pickup","12"
"01/14/2026","Broker","Driver","36"
"01/14/2026","Primary","Vehicles","2"
"01/14/2026","Primary","Service - Ride Time","3"
"01/14/2026","Primary","Service - No Shows","20"
"01/14/2026","Primary","Service - Late Pickup","9"
"01/14/2026","Primary","Driver","9"
"01/13/2026","Primary","Driver","14"
"01/13/2026","Other/Unidentified Provider","Vehicles","2"
"01/13/2026","Other/Unidentified Provider","Service - No Shows","1"
"01/13/2026","Other/Unidentified Provider","Driver","4"
"01/13/2026","Non-Transportation","Travel Services (Same Day)","3"
"01/13/2026","Non-Transportation","Travel Planning (Res)","10"
"01/13/2026","Non-Transportation","Scheduling","5"
"01/13/2026","Non-Transportation","Policy","23"
"01/13/2026","Non-Transportation","Other","1"
"01/13/2026","Non-Transportation","IT/Technology","7"
"01/13/2026","Non-Transportation","Eligibility","3"
"01/13/2026","Non-Transportation","Customer","28"
"01/13/2026","Supplemental","Service - No Shows","5"
"01/13/2026","Supplemental","Service - Late Pickup","1"
"01/13/2026","Supplemental","Driver","2"
"01/13/2026","Broker","Vehicles","6"
"01/13/2026","Broker","Service - Ride Time","15"
"01/13/2026","Broker","Service - Other","3"
"01/13/2026","Broker","Service - No Shows","38"
"01/13/2026","Broker","Service - Late Pickup","12"
"01/13/2026","Broker","Driver","40"
"01/13/2026","Primary","Service - Ride Time","3"
"01/13/2026","Primary","Service - Other","1"
"01/13/2026","Primary","Service - No Shows","10"
"01/13/2026","Primary","Service - Late Pickup","4"
"01/12/2026","Non-Transportation","Eligibility","3"
"01/12/2026","Other/Unidentified Provider","Vehicles","1"
"01/12/2026","Other/Unidentified Provider","Driver","2"
"01/12/2026","Non-Transportation","Travel Services (Same Day)","8"
"01/12/2026","Non-Transportation","Travel Planning (Res)","8"
"01/12/2026","Non-Transportation","Scheduling","5"
"01/12/2026","Non-Transportation","Policy","23"
"01/12/2026","Non-Transportation","IT/Technology","4"
"01/12/2026","Non-Transportation","Customer","36"
"01/12/2026","Supplemental","Vehicles","2"
"01/12/2026","Supplemental","Service - Ride Time","3"
"01/12/2026","Supplemental","Service - No Shows","10"
"01/12/2026","Supplemental","Service - Late Pickup","2"
"01/12/2026","Supplemental","Driver","5"
"01/12/2026","Broker","Vehicles","2"
"01/12/2026","Broker","Service - Ride Time","12"
"01/12/2026","Broker","Service - Other","3"
"01/12/2026","Broker","Service - No Shows","42"
"01/12/2026","Broker","Service - Late Pickup","14"
"01/12/2026","Broker","Driver","47"
"01/12/2026","Primary","Service - Ride Time","3"
"01/12/2026","Primary","Service - No Shows","20"
"01/12/2026","Primary","Service - Late Pickup","6"
"01/12/2026","Primary","Driver","14"
"01/11/2026","Primary","Service - No Shows","1"
"01/11/2026","Non-Transportation","IT/Technology","2"
"01/11/2026","Non-Transportation","Customer","2"
"01/11/2026","Broker","Driver","2"
"01/10/2026","Broker","Service - Late Pickup","1"
"01/10/2026","Broker","Driver","2"
"01/10/2026","Primary","Service - No Shows","1"
"01/10/2026","Primary","Driver","1"
"01/10/2026","Non-Transportation","Scheduling","1"
"01/10/2026","Non-Transportation","Policy","2"
"01/10/2026","E-Hail","Driver","1"
"01/10/2026","Non-Transportation","Customer","1"
"01/10/2026","Supplemental","Service - Other","1"
"01/10/2026","Supplemental","Service - No Shows","1"
"01/10/2026","Broker","Service - Other","1"
"01/09/2026","Broker","Vehicles","2"
"01/09/2026","Broker","Service - Ride Time","10"
"01/09/2026","Broker","Service - Other","3"
"01/09/2026","Broker","Service - No Shows","25"
"01/09/2026","Broker","Service - Late Pickup","12"
"01/09/2026","Broker","Driver","35"
"01/09/2026","Primary","Service - Ride Time","4"
"01/09/2026","Primary","Service - Late Pickup","4"
"01/09/2026","Primary","Service - No Shows","28"
"01/09/2026","Other/Unidentified Provider","Service - No Shows","2"
"01/09/2026","Other/Unidentified Provider","Driver","1"
"01/09/2026","Non-Transportation","Travel Services (Same Day)","5"
"01/09/2026","Non-Transportation","Travel Planning (Res)","6"
"01/09/2026","Non-Transportation","Scheduling","4"
"01/09/2026","Non-Transportation","Policy","15"
"01/09/2026","Primary","Driver","13"
"01/09/2026","Non-Transportation","IT/Technology","5"
"01/09/2026","Non-Transportation","Eligibility","3"
"01/09/2026","Non-Transportation","Customer","35"
"01/09/2026","Supplemental","Service - Ride Time","2"
"01/09/2026","Supplemental","Service - No Shows","1"
"01/09/2026","Supplemental","Service - Late Pickup","2"
"01/09/2026","Supplemental","Driver","4"
"01/08/2026","Non-Transportation","Customer","47"
"01/08/2026","Other/Unidentified Provider","Service - Ride Time","2"
"01/08/2026","Other/Unidentified Provider","Service - No Shows","1"
"01/08/2026","Other/Unidentified Provider","Driver","5"
"01/08/2026","Non-Transportation","Travel Services (Same Day)","4"
"01/08/2026","Non-Transportation","Travel Planning (Res)","5"
"01/08/2026","Non-Transportation","Scheduling","4"
"01/08/2026","Non-Transportation","Policy","14"
"01/08/2026","Non-Transportation","IT/Technology","9"
"01/08/2026","Non-Transportation","Eligibility","3"
"01/08/2026","Non-Transportation","Customer Relations","1"
"01/08/2026","Supplemental","Service - Ride Time","1"
"01/08/2026","Supplemental","Service - Other","1"
"01/08/2026","Supplemental","Service - No Shows","4"
"01/08/2026","Supplemental","Service - Late Pickup","1"
"01/08/2026","Supplemental","Driver","3"
"01/08/2026","Broker","Vehicles","6"
"01/08/2026","Broker","Service - Ride Time","14"
"01/08/2026","Broker","Service - Other","4"
"01/08/2026","Broker","Service - No Shows","43"
"01/08/2026","Broker","Service - Late Pickup","10"
"01/08/2026","Broker","Driver","48"
"01/08/2026","Primary","Service - Ride Time","5"
"01/08/2026","Primary","Service - No Shows","24"
"01/08/2026","Primary","Service - Late Pickup","5"
"01/08/2026","Primary","Driver","16"
"01/07/2026","Primary","Driver","18"
"01/07/2026","Other/Unidentified Provider","Service - No Shows","1"
"01/07/2026","Other/Unidentified Provider","Driver","2"
"01/07/2026","Non-Transportation","Travel Services (Same Day)","5"
"01/07/2026","Non-Transportation","Travel Planning (Res)","8"
"01/07/2026","Non-Transportation","Scheduling","7"
"01/07/2026","Non-Transportation","Policy","15"
"01/07/2026","Non-Transportation","Other","1"
"01/07/2026","Non-Transportation","IT/Technology","8"
"01/07/2026","Non-Transportation","Eligibility","8"
"01/07/2026","Non-Transportation","Customer Relations","1"
"01/07/2026","Non-Transportation","Customer","43"
"01/07/2026","Supplemental","Service - Ride Time","1"
"01/07/2026","Supplemental","Service - No Shows","5"
"01/07/2026","Supplemental","Service - Late Pickup","2"
"01/07/2026","Supplemental","Driver","5"
"01/07/2026","Broker","Service - Ride Time","16"
"01/07/2026","Broker","Service - Other","4"
"01/07/2026","Broker","Service - No Shows","48"
"01/07/2026","Broker","Service - Late Pickup","7"
"01/07/2026","Broker","Driver","53"
"01/07/2026","Primary","Vehicles","3"
"01/07/2026","Primary","Service - Ride Time","6"
"01/07/2026","Primary","Service - No Shows","16"
"01/07/2026","Primary","Service - Late Pickup","6"
"01/06/2026","Non-Transportation","IT/Technology","12"
"01/06/2026","Other/Unidentified Provider","Driver","5"
"01/06/2026","Non-Transportation","Travel Services (Same Day)","7"
"01/06/2026","Non-Transportation","Travel Planning (Res)","3"
"01/06/2026","Non-Transportation","Scheduling","6"
"01/06/2026","Non-Transportation","Policy","16"
"01/06/2026","Non-Transportation","Eligibility","5"
"01/06/2026","Non-Transportation","Customer Relations","1"
"01/06/2026","Non-Transportation","Customer","48"
"01/06/2026","Supplemental","Vehicles","1"
"01/06/2026","Supplemental","Service - Ride Time","1"
"01/06/2026","Supplemental","Service - No Shows","9"
"01/06/2026","Supplemental","Service - Late Pickup","1"
"01/06/2026","Supplemental","Driver","5"
"01/06/2026","Broker","Vehicles","1"
"01/06/2026","Broker","Service - Ride Time","14"
"01/06/2026","Broker","Service - Other","7"
"01/06/2026","Broker","Service - No Shows","48"
"01/06/2026","Broker","Service - Late Pickup","3"
"01/06/2026","Broker","Driver","56"
"01/06/2026","Primary","Service - Ride Time","3"
"01/06/2026","Primary","Service - No Shows","14"
"01/06/2026","Primary","Service - Late Pickup","8"
"01/06/2026","Primary","Driver","13"
"01/05/2026","Primary","Service - Ride Time","6"
"01/05/2026","Primary","Service - No Shows","9"
"01/05/2026","Primary","Driver","19"
"01/05/2026","Other/Unidentified Provider","Driver","3"
"01/05/2026","Non-Transportation","Travel Services (Same Day)","1"
"01/05/2026","Non-Transportation","Travel Planning (Res)","4"
"01/05/2026","Non-Transportation","Scheduling","3"
"01/05/2026","Non-Transportation","Policy","13"
"01/05/2026","Non-Transportation","IT/Technology","3"
"01/05/2026","Non-Transportation","Eligibility","1"
"01/05/2026","Non-Transportation","Customer","49"
"01/05/2026","Supplemental","Service - Ride Time","2"
"01/05/2026","Supplemental","Service - No Shows","3"
"01/05/2026","Supplemental","Service - Late Pickup","1"
"01/05/2026","Supplemental","Driver","7"
"01/05/2026","Broker","Vehicles","4"
"01/05/2026","Other/Unidentified Provider","Service - Other","1"
"01/05/2026","Broker","Service - Ride Time","6"
"01/05/2026","Broker","Service - Other","7"
"01/05/2026","Broker","Service - No Shows","57"
"01/05/2026","Other/Unidentified Provider","Service - No Shows","2"
"01/05/2026","Broker","Service - Late Pickup","8"
"01/05/2026","Broker","Driver","36"
"01/04/2026","Supplemental","Driver","1"
"01/04/2026","Broker","Service - No Shows","2"
"01/04/2026","Broker","Driver","3"
"01/04/2026","Non-Transportation","Policy","2"
"01/04/2026","Non-Transportation","Customer","1"
"01/04/2026","Broker","Service - Ride Time","1"
"01/03/2026","Supplemental","Service - No Shows","1"
"01/03/2026","Broker","Driver","3"
"01/03/2026","Primary","Vehicles","1"
"01/03/2026","Non-Transportation","Travel Planning (Res)","1"
"01/03/2026","Broker","Service - Late Pickup","1"
"01/02/2026","Broker","Service - Other","3"
"01/02/2026","Other/Unidentified Provider","Service - No Shows","2"
"01/02/2026","Other/Unidentified Provider","Driver","3"
"01/02/2026","Non-Transportation","Travel Services (Same Day)","5"
"01/02/2026","Non-Transportation","Travel Planning (Res)","3"
"01/02/2026","Non-Transportation","Scheduling","2"
"01/02/2026","Non-Transportation","Policy","14"
"01/02/2026","Non-Transportation","IT/Technology","3"
"01/02/2026","Non-Transportation","Customer","39"
"01/02/2026","Supplemental","Vehicles","1"
"01/02/2026","Supplemental","Service - Ride Time","1"
"01/02/2026","Supplemental","Service - No Shows","5"
"01/02/2026","Supplemental","Driver","3"
"01/02/2026","Broker","Vehicles","3"
"01/02/2026","Broker","Service - Ride Time","3"
"01/02/2026","Broker","Service - No Shows","59"
"01/02/2026","Broker","Service - Late Pickup","9"
"01/02/2026","Broker","Driver","45"
"01/02/2026","Primary","Service - Ride Time","3"
"01/02/2026","Primary","Service - No Shows","10"
"01/02/2026","Primary","Service - Late Pickup","1"
"01/02/2026","Primary","Driver","11"
"01/01/2026","Non-Transportation","Customer","2"
"01/01/2026","Broker","Service - No Shows","4"
"01/01/2026","Broker","Driver","1"
"01/01/2026","Other/Unidentified Provider","Driver","1"
"01/01/2026","Non-Transportation","Travel Planning (Res)","1"
"01/01/2026","Non-Transportation","Policy","3"
"12/31/2025","Non-Transportation","Scheduling","1"
"12/31/2025","Non-Transportation","Policy","10"
"12/31/2025","Non-Transportation","IT/Technology","5"
"12/31/2025","Non-Transportation","Customer","42"
"12/31/2025","Supplemental","Vehicles","2"
"12/31/2025","Supplemental","Service - No Shows","7"
"12/31/2025","Supplemental","Driver","5"
"12/31/2025","Broker","Vehicles","1"
"12/31/2025","Broker","Service - Ride Time","2"
"12/31/2025","Broker","Service - Other","3"
"12/31/2025","Broker","Service - No Shows","24"
"12/31/2025","Broker","Service - Late Pickup","6"
"12/31/2025","Broker","Driver","26"
"12/31/2025","Primary","Service - Ride Time","2"
"12/31/2025","Primary","Service - Other","1"
"12/31/2025","Primary","Driver","13"
"12/31/2025","Primary","Service - No Shows","6"
"12/31/2025","Other/Unidentified Provider","Service - No Shows","2"
"12/31/2025","Other/Unidentified Provider","Service - Late Pickup","1"
"12/31/2025","Other/Unidentified Provider","Driver","2"
"12/31/2025","Non-Transportation","Travel Services (Same Day)","4"
"12/31/2025","Non-Transportation","Travel Planning (Res)","3"
"12/30/2025","Non-Transportation","Travel Planning (Res)","6"
"12/30/2025","Other/Unidentified Provider","Service - No Shows","1"
"12/30/2025","Other/Unidentified Provider","Service - Late Pickup","1"
"12/30/2025","Other/Unidentified Provider","Driver","2"
"12/30/2025","Non-Transportation","Travel Services (Same Day)","3"
"12/30/2025","Non-Transportation","Scheduling","4"
"12/30/2025","Non-Transportation","Policy","14"
"12/30/2025","Non-Transportation","IT/Technology","10"
"12/30/2025","Non-Transportation","Eligibility","1"
"12/30/2025","Non-Transportation","Customer","25"
"12/30/2025","Supplemental","Vehicles","1"
"12/30/2025","Supplemental","Service - Ride Time","1"
"12/30/2025","Supplemental","Service - No Shows","5"
"12/30/2025","Supplemental","Driver","3"
"12/30/2025","Broker","Vehicles","3"
"12/30/2025","Broker","Service - Ride Time","5"
"12/30/2025","Broker","Service - Other","3"
"12/30/2025","Broker","Service - No Shows","25"
"12/30/2025","Broker","Service - Late Pickup","5"
"12/30/2025","Broker","Driver","40"
"12/30/2025","Primary","Service - Ride Time","2"
"12/30/2025","Primary","Service - No Shows","20"
"12/30/2025","Primary","Service - Late Pickup","1"
"12/30/2025","Primary","Driver","11"
"12/29/2025","Primary","Service - Late Pickup","2"
"12/29/2025","Primary","Driver","11"
"12/29/2025","Other/Unidentified Provider",,"1"
"12/29/2025","Non-Transportation","Travel Services (Same Day)","3"
"12/29/2025","Non-Transportation","Travel Planning (Res)","5"
"12/29/2025","Non-Transportation","Scheduling","2"
"12/29/2025","Non-Transportation","Policy","9"
"12/29/2025","Non-Transportation","IT/Technology","8"
"12/29/2025","Non-Transportation","Eligibility","3"
"12/29/2025","Non-Transportation","Customer Relations","2"
"12/29/2025","Non-Transportation","Customer","31"
"12/29/2025","Supplemental","Service - Ride Time","3"
"12/29/2025","Supplemental","Service - No Shows","6"
"12/29/2025","Supplemental","Driver","9"
"12/29/2025","Broker","Vehicles","2"
"12/29/2025","Other/Unidentified Provider","Driver","4"
"12/29/2025","Broker","Service - Ride Time","4"
"12/29/2025","Broker","Service - Other","5"
"12/29/2025","Broker","Service - No Shows","36"
"12/29/2025","Broker","Service - Late Pickup","6"
"12/29/2025","Broker","Driver","36"
"12/29/2025","Primary","Service - Ride Time","6"
"12/29/2025","Primary","Service - No Shows","17"
"12/28/2025","Supplemental","Service - Late Pickup","1"
"12/28/2025","Broker","Driver","3"
"12/28/2025","Supplemental","Service - Ride Time","2"
"12/28/2025","Supplemental","Service - No Shows","2"
"12/28/2025","Supplemental","Driver","1"
"12/27/2025","Supplemental","Service - No Shows","1"
"12/27/2025","Broker","Driver","4"
"12/27/2025","Non-Transportation","Policy","1"
"12/27/2025","Non-Transportation","IT/Technology","1"
"12/27/2025","Non-Transportation","Customer","1"
"12/27/2025","Supplemental","Driver","1"
"12/26/2025","Broker","Service - Other","4"
"12/26/2025","Other/Unidentified Provider","Driver","2"
"12/26/2025","Non-Transportation","Travel Services (Same Day)","5"
"12/26/2025","Non-Transportation","Travel Planning (Res)","1"
"12/26/2025","Non-Transportation","Scheduling","2"
"12/26/2025","Non-Transportation","Policy","9"
"12/26/2025","Non-Transportation","IT/Technology","2"
"12/26/2025","Non-Transportation","Eligibility","3"
"12/26/2025","Non-Transportation","Customer","33"
"12/26/2025","Supplemental","Vehicles","1"
"12/26/2025","Supplemental","Service - Ride Time","2"
"12/26/2025","Supplemental","Service - Other","2"
"12/26/2025","Supplemental","Service - No Shows","7"
"12/26/2025","Supplemental","Driver","4"
"12/26/2025","Broker","Vehicles","2"
"12/26/2025","Broker","Service - Ride Time","3"
"12/26/2025","Broker","Service - No Shows","21"
"12/26/2025","Broker","Service - Late Pickup","4"
"12/26/2025","Broker","Driver","28"
"12/26/2025","Primary","Vehicles","1"
"12/26/2025","Primary","Service - No Shows","13"
"12/26/2025","Primary","Driver","13"
"12/25/2025","Broker","Service - Other","2"
"12/25/2025","Primary","Vehicles","1"
"12/25/2025","Primary","Driver","2"
"12/25/2025","Non-Transportation","Customer","1"
"12/24/2025","Non-Transportation","Travel Planning (Res)","2"
"12/24/2025","Non-Transportation","Scheduling","2"
"12/24/2025","Non-Transportation","Policy","10"
"12/24/2025","Non-Transportation","IT/Technology","5"
"12/24/2025","Non-Transportation","Eligibility","2"
"12/24/2025","Non-Transportation","Customer Relations","3"
"12/24/2025","Non-Transportation","Customer","41"
"12/24/2025","Supplemental","Service - No Shows","6"
"12/24/2025","Supplemental","Driver","5"
"12/24/2025","Broker","Vehicles","1"
"12/24/2025","Broker","Service - Ride Time","6"
"12/24/2025","Broker","Service - Other","2"
"12/24/2025","Broker","Service - No Shows","42"
"12/24/2025","Broker","Service - Late Pickup","2"
"12/24/2025","Broker","Driver","48"
"12/24/2025","Primary","Service - Ride Time","7"
"12/24/2025","Primary","Service - No Shows","17"
"12/24/2025","Primary","Driver","16"
"12/24/2025","Primary","Service - Late Pickup","2"
"12/24/2025","Other/Unidentified Provider","Service - No Shows","1"
"12/24/2025","Other/Unidentified Provider","Driver","2"
"12/24/2025","Non-Transportation","Travel Services (Same Day)","2"
"12/23/2025","Non-Transportation","Customer","26"
"12/23/2025","Other/Unidentified Provider","Service - Ride Time","1"
"12/23/2025","Other/Unidentified Provider","Driver","1"
"12/23/2025","Non-Transportation","Travel Services (Same Day)","7"
"12/23/2025","Non-Transportation","Travel Planning (Res)","10"
"12/23/2025","Non-Transportation","Scheduling","5"
"12/23/2025","Non-Transportation","Policy","18"
"12/23/2025","Non-Transportation","IT/Technology","6"
"12/23/2025","Non-Transportation","Eligibility","1"
"12/23/2025","Non-Transportation","Customer Relations","1"
"12/23/2025","Supplemental","Vehicles","1"
"12/23/2025","Supplemental","Service - Ride Time","2"
"12/23/2025","Supplemental","Service - No Shows","4"
"12/23/2025","Supplemental","Service - Late Pickup","1"
"12/23/2025","Supplemental","Driver","6"
"12/23/2025","Broker","Service - Ride Time","15"
"12/23/2025","Broker","Service - Other","9"
"12/23/2025","Broker","Service - No Shows","85"
"12/23/2025","Broker","Service - Late Pickup","15"
"12/23/2025","Broker","Driver","44"
"12/23/2025","Primary","Service - Ride Time","3"
"12/23/2025","Primary","Service - No Shows","32"
"12/23/2025","Primary","Service - Late Pickup","14"
"12/23/2025","Primary","Driver","20"
"12/22/2025","Non-Transportation","IT/Technology","3"
"12/22/2025","Other/Unidentified Provider","Vehicles","1"
"12/22/2025","Other/Unidentified Provider","Service - No Shows","1"
"12/22/2025","Other/Unidentified Provider","Service - Late Pickup","1"
"12/22/2025","Other/Unidentified Provider","Driver","2"
"12/22/2025","Non-Transportation","Travel Services (Same Day)","12"
"12/22/2025","Non-Transportation","Travel Planning (Res)","6"
"12/22/2025","Non-Transportation","Scheduling","2"
"12/22/2025","Non-Transportation","Policy","18"
"12/22/2025","Non-Transportation","Other","2"
"12/22/2025","Non-Transportation","Eligibility","5"
"12/22/2025","Non-Transportation","Customer","21"
"12/22/2025","Supplemental","Service - Ride Time","1"
"12/22/2025","Supplemental","Service - No Shows","6"
"12/22/2025","Supplemental","Driver","8"
"12/22/2025","Broker","Vehicles","1"
"12/22/2025","Broker","Service - Ride Time","10"
"12/22/2025","Broker","Service - Other","4"
"12/22/2025","Broker","Service - No Shows","62"
"12/22/2025","Broker","Service - Late Pickup","18"
"12/22/2025","Broker","Driver","48"
"12/22/2025","Primary","Vehicles","1"
"12/22/2025","Primary","Service - Ride Time","6"
"12/22/2025","Primary","Service - Other","1"
"12/22/2025","Primary","Service - No Shows","23"
"12/22/2025","Primary","Service - Late Pickup","4"
"12/22/2025","Primary","Driver","8"
"12/21/2025","Broker","Driver","1"
"12/21/2025","Primary","Service - Late Pickup","2"
"12/21/2025","Non-Transportation","Travel Services (Same Day)","1"
"12/21/2025","Non-Transportation","Travel Planning (Res)","2"
"12/21/2025","Non-Transportation","Policy","3"
"12/21/2025","Other/Unidentified Provider","Service - Ride Time","1"
"12/21/2025","Supplemental","Service - No Shows","1"
"12/21/2025","Broker","Service - Other","1"
"12/21/2025","Broker","Service - No Shows","2"
"12/20/2025","Supplemental","Service - No Shows","1"
"12/20/2025","Supplemental","Service - Ride Time","1"
"12/20/2025","Broker","Service - Ride Time","1"
"12/20/2025","Broker","Driver","1"
"12/20/2025","Non-Transportation","Policy","2"
"12/20/2025","Non-Transportation","Other","1"
"12/20/2025","Primary","Driver","1"
"12/20/2025","Primary","Service - No Shows","3"
"12/20/2025","Non-Transportation","IT/Technology","1"
"12/20/2025","Non-Transportation","Customer","1"
"12/19/2025","Supplemental","Service - Other","1"
"12/19/2025","Other/Unidentified Provider","Service - Ride Time","1"
"12/19/2025","Other/Unidentified Provider","Driver","1"
"12/19/2025","Non-Transportation","Travel Services (Same Day)","11"
"12/19/2025","Non-Transportation","Travel Planning (Res)","2"
"12/19/2025","Non-Transportation","Policy","18"
"12/19/2025","Non-Transportation","IT/Technology","4"
"12/19/2025","Non-Transportation","Eligibility","4"
"12/19/2025","Non-Transportation","Customer","27"
"12/19/2025","Supplemental","Vehicles","2"
"12/19/2025","Supplemental","Service - Ride Time","4"
"12/19/2025","Supplemental","Service - No Shows","5"
"12/19/2025","Supplemental","Service - Late Pickup","2"
"12/19/2025","Supplemental","Driver","5"
"12/19/2025","Broker","Vehicles","1"
"12/19/2025","Broker","Service - Ride Time","10"
"12/19/2025","Broker","Service - Other","8"
"12/19/2025","Broker","Service - No Shows","68"
"12/19/2025","Broker","Service - Late Pickup","17"
"12/19/2025","Broker","Driver","48"
"12/19/2025","Primary","Service - Ride Time","7"
"12/19/2025","Primary","Service - Other","1"
"12/19/2025","Primary","Service - No Shows","21"
"12/19/2025","Primary","Service - Late Pickup","15"
"12/19/2025","Primary","Driver","4"
"12/18/2025","Primary","Driver","10"
"12/18/2025","Other/Unidentified Provider","Vehicles","1"
"12/18/2025","Other/Unidentified Provider","Service - No Shows","3"
"12/18/2025","Other/Unidentified Provider","Driver","2"
"12/18/2025","Non-Transportation","Travel Services (Same Day)","17"
"12/18/2025","Non-Transportation","Travel Planning (Res)","2"
"12/18/2025","Non-Transportation","Scheduling","4"
"12/18/2025","Non-Transportation","Policy","20"
"12/18/2025","Non-Transportation","IT/Technology","5"
"12/18/2025","Non-Transportation","Eligibility","1"
"12/18/2025","Non-Transportation","Customer","21"
"12/18/2025","Supplemental","Vehicles","1"
"12/18/2025","Supplemental","Service - Ride Time","2"
"12/18/2025","Supplemental","Service - No Shows","10"
"12/18/2025","Supplemental","Service - Late Pickup","1"
"12/18/2025","Supplemental","Driver","3"
"12/18/2025","Broker","Vehicles","5"
"12/18/2025","Broker","Service - Ride Time","17"
"12/18/2025","Broker","Service - Other","9"
"12/18/2025","Broker","Service - No Shows","57"
"12/18/2025","Broker","Service - Late Pickup","14"
"12/18/2025","Broker","Driver","47"
"12/18/2025","Primary","Vehicles","1"
"12/18/2025","Primary","Service - Ride Time","10"
"12/18/2025","Primary","Service - No Shows","38"
"12/18/2025","Primary","Service - Late Pickup","11"
"12/17/2025","Primary","Service - No Shows","15"
"12/17/2025","Other/Unidentified Provider","Vehicles","1"
"12/17/2025","Other/Unidentified Provider","Service - No Shows","2"
"12/17/2025","Other/Unidentified Provider","Driver","1"
"12/17/2025","Other/Unidentified Provider",,"5"
"12/17/2025","Non-Transportation","Travel Services (Same Day)","6"
"12/17/2025","Non-Transportation","Travel Planning (Res)","7"
"12/17/2025","Non-Transportation","Scheduling","3"
"12/17/2025","Non-Transportation","Policy","14"
"12/17/2025","Non-Transportation","IT/Technology","4"
"12/17/2025","Non-Transportation","Eligibility","1"
"12/17/2025","Non-Transportation","Customer Relations","1"
"12/17/2025","Non-Transportation","Customer","16"
"12/17/2025","Supplemental","Service - No Shows","9"
"12/17/2025","Supplemental","Service - Late Pickup","1"
"12/17/2025","Supplemental","Driver","4"
"12/17/2025","Broker","Vehicles","1"
"12/17/2025","Broker","Service - Ride Time","22"
"12/17/2025","Broker","Service - Other","6"
"12/17/2025","Broker","Service - No Shows","62"
"12/17/2025","Broker","Service - Late Pickup","24"
"12/17/2025","Broker","Driver","43"
"12/17/2025","Primary","Vehicles","1"
"12/17/2025","Primary","Service - Ride Time","5"
"12/17/2025","Primary","Service - Late Pickup","8"
"12/17/2025","Primary","Driver","16"
"12/16/2025","Primary","Service - Late Pickup","11"
"12/16/2025","Other/Unidentified Provider","Service - Ride Time","1"
"12/16/2025","Other/Unidentified Provider","Service - Other","1"
"12/16/2025","Other/Unidentified Provider","Service - No Shows","2"
"12/16/2025","Other/Unidentified Provider","Service - Late Pickup","1"
"12/16/2025","Other/Unidentified Provider","Driver","2"
"12/16/2025","Non-Transportation","Travel Services (Same Day)","4"
"12/16/2025","Non-Transportation","Travel Planning (Res)","5"
"12/16/2025","Non-Transportation","Scheduling","3"
"12/16/2025","Non-Transportation","Policy","18"
"12/16/2025","Non-Transportation","IT/Technology","10"
"12/16/2025","Non-Transportation","Eligibility","2"
"12/16/2025","Non-Transportation","Customer","24"
"12/16/2025","Supplemental","Vehicles","1"
"12/16/2025","Supplemental","Service - Ride Time","1"
"12/16/2025","Supplemental","Service - Other","1"
"12/16/2025","Supplemental","Service - No Shows","7"
"12/16/2025","Supplemental","Service - Late Pickup","1"
"12/16/2025","Supplemental","Driver","5"
"12/16/2025","Broker","Vehicles","1"
"12/16/2025","Broker","Service - Ride Time","17"
"12/16/2025","Broker","Service - Other","10"
"12/16/2025","Broker","Service - No Shows","62"
"12/16/2025","Broker","Service - Late Pickup","26"
"12/16/2025","Broker","Driver","36"
"12/16/2025","Primary","Service - Ride Time","8"
"12/16/2025","Primary","Driver","22"
"12/16/2025","Primary","Service - No Shows","39"
"12/15/2025","Primary","Vehicles","2"
"12/15/2025","Other/Unidentified Provider","Service - No Shows","2"
"12/15/2025","Other/Unidentified Provider","Service - Late Pickup","1"
"12/15/2025","Other/Unidentified Provider","Driver","1"
"12/15/2025","Non-Transportation","Travel Services (Same Day)","7"
"12/15/2025","Non-Transportation","Travel Planning (Res)","4"
"12/15/2025","Non-Transportation","Policy","18"
"12/15/2025","Non-Transportation","IT/Technology","7"
"12/15/2025","Non-Transportation","Eligibility","3"
"12/15/2025","Non-Transportation","Customer Relations","1"
"12/15/2025","Non-Transportation","Customer","32"
"12/15/2025","Supplemental","Service - Ride Time","1"
"12/15/2025","Supplemental","Service - No Shows","8"
"12/15/2025","Supplemental","Service - Late Pickup","1"
"12/15/2025","Supplemental","Driver","7"
"12/15/2025","Broker","Vehicles","3"
"12/15/2025","Broker","Service - Ride Time","10"
"12/15/2025","Broker","Service - Other","3"
"12/15/2025","Broker","Service - No Shows","89"
"12/15/2025","Broker","Service - Late Pickup","19"
"12/15/2025","Broker","Driver","59"
"12/15/2025","Primary","Service - Ride Time","5"
"12/15/2025","Primary","Service - Other","1"
"12/15/2025","Primary","Service - No Shows","27"
"12/15/2025","Primary","Service - Late Pickup","8"
"12/15/2025","Primary","Driver","12"
"12/14/2025","Broker","Service - Ride Time","1"
"12/14/2025","Broker","Service - Other","1"
"12/14/2025","Broker","Service - No Shows","1"
"12/14/2025","Broker","Driver","5"
"12/14/2025","Primary","Service - Ride Time","1"
"12/14/2025","Primary","Driver","1"
"12/14/2025","Non-Transportation","Scheduling","2"
"12/14/2025","Non-Transportation","Policy","2"
"12/14/2025","Non-Transportation","Eligibility","1"
"12/14/2025","Non-Transportation","Customer","1"
"12/13/2025","Supplemental","Service - No Shows","1"
"12/13/2025","Broker","Service - Ride Time","2"
"12/13/2025","Broker","Driver","3"
"12/13/2025","Primary","Service - Ride Time","1"
"12/13/2025","Primary","Service - No Shows","4"
"12/13/2025","Primary","Service - Late Pickup","1"
"12/13/2025","Non-Transportation","Travel Planning (Res)","1"
"12/13/2025","Non-Transportation","Policy","2"
"12/13/2025","Non-Transportation","IT/Technology","2"
"12/13/2025","Non-Transportation","Eligibility","1"
"12/12/2025","Broker","Driver","47"
"12/12/2025","Primary","Vehicles","1"
"12/12/2025","Primary","Service - Ride Time","8"
"12/12/2025","Primary","Service - No Shows","18"
"12/12/2025","Primary","Driver","9"
"12/12/2025","Primary","Service - Late Pickup","12"
"12/12/2025","Other/Unidentified Provider","Service - Ride Time","1"
"12/12/2025","Other/Unidentified Provider","Service - No Shows","2"
"12/12/2025","Other/Unidentified Provider","Driver","3"
"12/12/2025","Other/Unidentified Provider",,"1"
"12/12/2025","Non-Transportation","Travel Services (Same Day)","9"
"12/12/2025","Non-Transportation","Travel Planning (Res)","10"
"12/12/2025","Non-Transportation","Scheduling","1"
"12/12/2025","Non-Transportation","Policy","13"
"12/12/2025","Non-Transportation","IT/Technology","3"
"12/12/2025","Non-Transportation","Eligibility","2"
"12/12/2025","Non-Transportation","Customer Relations","3"
"12/12/2025","Non-Transportation","Customer","25"
"12/12/2025","Supplemental","Service - No Shows","9"
"12/12/2025","Supplemental","Driver","7"
"12/12/2025","Broker","Vehicles","5"
"12/12/2025","Broker","Service - Ride Time","11"
"12/12/2025","Broker","Service - Other","2"
"12/12/2025","Broker","Service - No Shows","45"
"12/12/2025","Broker","Service - Late Pickup","15"
"12/11/2025","Broker","Service - Ride Time","13"
"12/11/2025","Other/Unidentified Provider","Service - Ride Time","2"
"12/11/2025","Other/Unidentified Provider","Driver","1"
"12/11/2025","Non-Transportation","Travel Services (Same Day)","11"
"12/11/2025","Non-Transportation","Travel Planning (Res)","5"
"12/11/2025","Non-Transportation","Scheduling","4"
"12/11/2025","Non-Transportation","Policy","20"
"12/11/2025","Non-Transportation","IT/Technology","3"
"12/11/2025","Non-Transportation","Eligibility","2"
"12/11/2025","Non-Transportation","Customer","28"
"12/11/2025","Supplemental","Service - Ride Time","1"
"12/11/2025","Supplemental","Service - No Shows","7"
"12/11/2025","Supplemental","Service - Late Pickup","3"
"12/11/2025","Supplemental","Driver","3"
"12/11/2025","Broker","Vehicles","5"
"12/11/2025","Broker","Service - Other","3"
"12/11/2025","Broker","Service - No Shows","73"
"12/11/2025","Broker","Service - Late Pickup","14"
"12/11/2025","Broker","Driver","43"
"12/11/2025","Primary","Vehicles","1"
"12/11/2025","Primary","Service - Ride Time","11"
"12/11/2025","Primary","Service - Other","3"
"12/11/2025","Primary","Service - No Shows","28"
"12/11/2025","Primary","Service - Late Pickup","9"
"12/11/2025","Primary","Driver","14"
"12/10/2025","Primary","Service - No Shows","21"
"12/10/2025","Other/Unidentified Provider","Service - Ride Time","2"
"12/10/2025","Other/Unidentified Provider","Service - No Shows","1"
"12/10/2025","Other/Unidentified Provider","Driver","3"
"12/10/2025","Non-Transportation","Travel Services (Same Day)","5"
"12/10/2025","Non-Transportation","Travel Planning (Res)","9"
"12/10/2025","Non-Transportation","Scheduling","5"
"12/10/2025","Non-Transportation","Policy","15"
"12/10/2025","Non-Transportation","IT/Technology","6"
"12/10/2025","Non-Transportation","Eligibility","4"
"12/10/2025","Non-Transportation","Customer","25"
"12/10/2025","Supplemental","Vehicles","1"
"12/10/2025","Supplemental","Service - Ride Time","1"
"12/10/2025","Supplemental","Service - No Shows","7"
"12/10/2025","Supplemental","Service - Late Pickup","1"
"12/10/2025","Supplemental","Driver","7"
"12/10/2025","Primary","Service - Late Pickup","11"
"12/10/2025","Broker","Vehicles","1"
"12/10/2025","Broker","Service - Ride Time","11"
"12/10/2025","Broker","Service - Other","10"
"12/10/2025","Broker","Service - No Shows","57"
"12/10/2025","Broker","Service - Late Pickup","14"
"12/10/2025","Primary","Driver","7"
"12/10/2025","Broker","Driver","48"
"12/10/2025","Primary","Vehicles","1"
"12/10/2025","Primary","Service - Ride Time","8"
"12/09/2025","Non-Transportation","IT/Technology","8"
"12/09/2025","Other/Unidentified Provider","Service - No Shows","2"
"12/09/2025","Other/Unidentified Provider","Service - Late Pickup","1"
"12/09/2025","Other/Unidentified Provider","Driver","1"
"12/09/2025","Non-Transportation","Travel Services (Same Day)","9"
"12/09/2025","Non-Transportation","Travel Planning (Res)","4"
"12/09/2025","Non-Transportation","Scheduling","1"
"12/09/2025","Non-Transportation","Policy","14"
"12/09/2025","Non-Transportation","Eligibility","9"
"12/09/2025","Non-Transportation","Customer Relations","2"
"12/09/2025","Non-Transportation","Customer","29"
"12/09/2025","Supplemental","Vehicles","1"
"12/09/2025","Supplemental","Service - Other","2"
"12/09/2025","Supplemental","Service - No Shows","3"
"12/09/2025","Supplemental","Service - Late Pickup","2"
"12/09/2025","Supplemental","Driver","8"
"12/09/2025","Broker","Service - Ride Time","16"
"12/09/2025","Broker","Service - Other","5"
"12/09/2025","Broker","Service - No Shows","61"
"12/09/2025","Broker","Service - Late Pickup","24"
"12/09/2025","Broker","Driver","56"
"12/09/2025","Primary","Service - Ride Time","9"
"12/09/2025","Primary","Service - Other","1"
"12/09/2025","Primary","Service - No Shows","29"
"12/09/2025","Primary","Service - Late Pickup","8"
"12/09/2025","Primary","Driver","16"
"12/08/2025","Non-Transportation","Customer Relations","1"
"12/08/2025","Other/Unidentified Provider","Service - No Shows","2"
"12/08/2025","Other/Unidentified Provider","Service - Late Pickup","1"
"12/08/2025","Other/Unidentified Provider","Driver","3"
"12/08/2025","Non-Transportation","Travel Services (Same Day)","7"
"12/08/2025","Non-Transportation","Travel Planning (Res)","5"
"12/08/2025","Non-Transportation","Scheduling","2"
"12/08/2025","Non-Transportation","Policy","9"
"12/08/2025","Non-Transportation","IT/Technology","7"
"12/08/2025","Non-Transportation","Eligibility","20"
"12/08/2025","Supplemental","Service - Ride Time","5"
"12/08/2025","Supplemental","Service - No Shows","10"
"12/08/2025","Supplemental","Service - Late Pickup","2"
"12/08/2025","Supplemental","Driver","6"
"12/08/2025","Broker","Vehicles","4"
"12/08/2025","Broker","Service - Ride Time","5"
"12/08/2025","Broker","Service - Other","3"
"12/08/2025","Broker","Service - No Shows","58"
"12/08/2025","Broker","Service - Late Pickup","9"
"12/08/2025","Broker","Driver","55"
"12/08/2025","Primary","Vehicles","1"
"12/08/2025","Primary","Service - Ride Time","3"
"12/08/2025","Primary","Service - Other","1"
"12/08/2025","Primary","Service - No Shows","25"
"12/08/2025","Primary","Service - Late Pickup","5"
"12/08/2025","Primary","Driver","18"
"12/08/2025","Non-Transportation","Customer","27"
"12/07/2025","Broker","Service - Ride Time","1"
"12/07/2025","Broker","Service - No Shows","1"
"12/07/2025","Broker","Driver","2"
"12/07/2025","Other/Unidentified Provider","Driver","1"
"12/07/2025","Non-Transportation","Travel Planning (Res)","1"
"12/07/2025","Non-Transportation","Policy","2"
"12/07/2025","Non-Transportation","Customer","1"
"12/07/2025","Broker","Vehicles","1"
"12/06/2025","Broker","Driver","1"
"12/06/2025","Primary","Service - No Shows","1"
"12/06/2025","Primary","Service - Late Pickup","1"
"12/06/2025","Other/Unidentified Provider","Driver","1"
"12/06/2025","Non-Transportation","Policy","1"
"12/06/2025","Broker","Service - Other","1"
"12/06/2025","Broker","Service - Late Pickup","2"
"12/06/2025","Primary","Driver","2"
"12/05/2025","Supplemental","Driver","3"
"12/05/2025","Other/Unidentified Provider","Driver","3"
"12/05/2025","Non-Transportation","Travel Services (Same Day)","9"
"12/05/2025","Non-Transportation","Travel Planning (Res)","4"
"12/05/2025","Non-Transportation","Policy","13"
"12/05/2025","Non-Transportation","IT/Technology","5"
"12/05/2025","Non-Transportation","Eligibility","4"
"12/05/2025","Non-Transportation","Customer Relations","2"
"12/05/2025","Non-Transportation","Customer","23"
"12/05/2025","Supplemental","Service - Ride Time","2"
"12/05/2025","Supplemental","Service - Other","1"
"12/05/2025","Supplemental","Service - No Shows","6"
"12/05/2025","Supplemental","Service - Late Pickup","5"
"12/05/2025","Broker","Service - Ride Time","12"
"12/05/2025","Broker","Service - Other","3"
"12/05/2025","Broker","Service - No Shows","34"
"12/05/2025","Broker","Service - Late Pickup","13"
"12/05/2025","Broker","Driver","36"
"12/05/2025","Primary","Service - Ride Time","8"
"12/05/2025","Primary","Service - Other","2"
"12/05/2025","Primary","Service - No Shows","23"
"12/05/2025","Primary","Service - Late Pickup","8"
"12/05/2025","Primary","Driver","13"
"12/04/2025","Primary","Service - Late Pickup","14"
"12/04/2025","Other/Unidentified Provider","Driver","3"
"12/04/2025","Non-Transportation","Travel Services (Same Day)","8"
"12/04/2025","Non-Transportation","Travel Planning (Res)","6"
"12/04/2025","Non-Transportation","Scheduling","3"
"12/04/2025","Non-Transportation","Policy","24"
"12/04/2025","Non-Transportation","IT/Technology","4"
"12/04/2025","Non-Transportation","Eligibility","4"
"12/04/2025","Non-Transportation","Customer","25"
"12/04/2025","Supplemental","Vehicles","1"
"12/04/2025","Supplemental","Service - Ride Time","5"
"12/04/2025","Supplemental","Service - No Shows","5"
"12/04/2025","Supplemental","Service - Late Pickup","3"
"12/04/2025","Supplemental","Driver","5"
"12/04/2025","Primary","Driver","8"
"12/04/2025","Broker","Vehicles","3"
"12/04/2025","Broker","Service - Ride Time","21"
"12/04/2025","Broker","Service - Other","3"
"12/04/2025","Broker","Service - No Shows","58"
"12/04/2025","Broker","Service - Late Pickup","15"
"12/04/2025","Broker","Driver","52"
"12/04/2025","Primary","Service - Ride Time","5"
"12/04/2025","Primary","Service - Other","1"
"12/04/2025","Primary","Service - No Shows","20"
"12/03/2025","Non-Transportation","Travel Services (Same Day)","8"
"12/03/2025","Other/Unidentified Provider","Service - Ride Time","1"
"12/03/2025","Other/Unidentified Provider","Service - No Shows","4"
"12/03/2025","Other/Unidentified Provider","Service - Late Pickup","1"
"12/03/2025","Other/Unidentified Provider","Driver","3"
"12/03/2025","Other/Unidentified Provider",,"1"
"12/03/2025","Non-Transportation","Travel Planning (Res)","5"
"12/03/2025","Non-Transportation","Scheduling","5"
"12/03/2025","Non-Transportation","Policy","9"
"12/03/2025","Non-Transportation","IT/Technology","5"
"12/03/2025","Non-Transportation","Eligibility","5"
"12/03/2025","Non-Transportation","Customer Relations","1"
"12/03/2025","Non-Transportation","Customer","15"
"12/03/2025","Supplemental","Service - No Shows","2"
"12/03/2025","Supplemental","Driver","1"
"12/03/2025","Broker","Vehicles","4"
"12/03/2025","Broker","Service - Ride Time","17"
"12/03/2025","Broker","Service - Other","3"
"12/03/2025","Broker","Service - No Shows","33"
"12/03/2025","Broker","Service - Late Pickup","18"
"12/03/2025","Broker","Driver","46"
"12/03/2025","Primary","Service - Ride Time","5"
"12/03/2025","Primary","Service - No Shows","17"
"12/03/2025","Primary","Service - Late Pickup","8"
"12/03/2025","Primary","Driver","11"
"12/02/2025","Other/Unidentified Provider","Service - No Shows","1"
"12/02/2025","Other/Unidentified Provider","Driver","3"
"12/02/2025","Non-Transportation","Travel Services (Same Day)","11"
"12/02/2025","Non-Transportation","Travel Planning (Res)","10"
"12/02/2025","Non-Transportation","Policy","19"
"12/02/2025","Non-Transportation","IT/Technology","9"
"12/02/2025","Non-Transportation","Eligibility","4"
"12/02/2025","Non-Transportation","Customer","35"
"12/02/2025","Supplemental","Service - Ride Time","2"
"12/02/2025","Supplemental","Service - No Shows","10"
"12/02/2025","Supplemental","Service - Late Pickup","1"
"12/02/2025","Supplemental","Driver","7"
"12/02/2025","Broker","Vehicles","5"
"12/02/2025","Broker","Service - Ride Time","15"
"12/02/2025","Broker","Service - Other","2"
"12/02/2025","Broker","Service - No Shows","63"
"12/02/2025","Broker","Service - Late Pickup","13"
"12/02/2025","Broker","Driver","59"
"12/02/2025","Primary","Vehicles","1"
"12/02/2025","Primary","Service - Ride Time","4"
"12/02/2025","Primary","Service - No Shows","32"
"12/02/2025","Primary","Service - Late Pickup","12"
"12/02/2025","Primary","Driver","11"
"12/01/2025","Primary","Service - No Shows","25"
"12/01/2025","Primary","Service - Late Pickup","9"
"12/01/2025","Other/Unidentified Provider","Service - No Shows","1"
"12/01/2025","Other/Unidentified Provider","Service - Late Pickup","1"
"12/01/2025","Other/Unidentified Provider","Driver","3"
"12/01/2025","Non-Transportation","Travel Services (Same Day)","4"
"12/01/2025","Non-Transportation","Travel Planning (Res)","4"
"12/01/2025","Non-Transportation","Scheduling","2"
"12/01/2025","Non-Transportation","Policy","25"
"12/01/2025","Non-Transportation","IT/Technology","5"
"12/01/2025","Non-Transportation","Eligibility","6"
"12/01/2025","Non-Transportation","Customer","42"
"12/01/2025","Supplemental","Service - Ride Time","1"
"12/01/2025","Supplemental","Service - No Shows","7"
"12/01/2025","Supplemental","Service - Late Pickup","1"
"12/01/2025","Supplemental","Driver","7"
"12/01/2025","Broker","Vehicles","3"
"12/01/2025","Broker","Service - Ride Time","3"
"12/01/2025","Broker","Service - Other","4"
"12/01/2025","Broker","Service - No Shows","55"
"12/01/2025","Broker","Service - Late Pickup","12"
"12/01/2025","Broker","Driver","45"
"12/01/2025","Primary","Vehicles","1"
"12/01/2025","Primary","Service - Ride Time","3"
"12/01/2025","Primary","Driver","12"
"11/30/2025","Primary","Service - No Shows","1"
"11/30/2025","Broker","Service - Ride Time","1"
"11/30/2025","Other/Unidentified Provider","Service - No Shows","1"
"11/30/2025","Non-Transportation","Policy","1"
"11/30/2025","Broker","Service - Late Pickup","2"
"11/30/2025","Non-Transportation","IT/Technology","1"
"11/30/2025","Broker","Driver","4"
"11/29/2025","Broker","Service - Ride Time","1"
"11/29/2025","Broker","Driver","5"
"11/29/2025","Primary","Service - Ride Time","1"
"11/29/2025","Primary","Driver","2"
"11/29/2025","Other/Unidentified Provider","Driver","1"
"11/29/2025","Broker","Vehicles","1"
"11/29/2025","Broker","Service - No Shows","1"
"11/28/2025","Non-Transportation","IT/Technology","2"
"11/28/2025","Broker","Service - No Shows","1"
"11/28/2025","Broker","Service - Late Pickup","1"
"11/28/2025","Broker","Driver","3"
"11/28/2025","Primary","Driver","2"
"11/28/2025","Non-Transportation","Policy","1"
"11/28/2025","Broker","Service - Ride Time","1"
"11/27/2025","Non-Transportation","Eligibility","1"
"11/27/2025","Primary","Service - No Shows","1"
"11/27/2025","Supplemental","Service - Ride Time","1"
"11/27/2025","Broker","Service - No Shows","1"
"11/27/2025","Broker","Driver","1"
"11/27/2025","Non-Transportation","Travel Services (Same Day)","1"
"11/27/2025","Non-Transportation","Policy","2"
"11/27/2025","Non-Transportation","IT/Technology","1"
"11/26/2025","Non-Transportation","IT/Technology","3"
"11/26/2025","Other/Unidentified Provider","Service - Ride Time","1"
"11/26/2025","Other/Unidentified Provider","Driver","3"
"11/26/2025","Non-Transportation","Travel Services (Same Day)","4"
"11/26/2025","Non-Transportation","Travel Planning (Res)","10"
"11/26/2025","Non-Transportation","Scheduling","4"
"11/26/2025","Non-Transportation","Policy","17"
"11/26/2025","Non-Transportation","Eligibility","3"
"11/26/2025","Non-Transportation","Customer Relations","2"
"11/26/2025","Non-Transportation","Customer","19"
"11/26/2025","Supplemental","Vehicles","1"
"11/26/2025","Supplemental","Service - Ride Time","4"
"11/26/2025","Supplemental","Service - No Shows","9"
"11/26/2025","Supplemental","Service - Late Pickup","4"
"11/26/2025","Supplemental","Driver","4"
"11/26/2025","Broker","Vehicles","2"
"11/26/2025","Broker","Service - Ride Time","14"
"11/26/2025","Broker","Service - Other","6"
"11/26/2025","Broker","Service - No Shows","47"
"11/26/2025","Broker","Service - Late Pickup","17"
"11/26/2025","Broker","Driver","59"
"11/26/2025","Primary","Vehicles","1"
"11/26/2025","Primary","Service - Ride Time","4"
"11/26/2025","Primary","Service - Other","1"
"11/26/2025","Primary","Service - No Shows","22"
"11/26/2025","Primary","Service - Late Pickup","4"
"11/26/2025","Primary","Driver","11"
"11/25/2025","Primary","Driver","16"
"11/25/2025","Other/Unidentified Provider","Service - No Shows","2"
"11/25/2025","Other/Unidentified Provider","Service - Late Pickup","1"
"11/25/2025","Other/Unidentified Provider","Driver","3"
"11/25/2025","Non-Transportation","Travel Services (Same Day)","6"
"11/25/2025","Non-Transportation","Travel Planning (Res)","4"
"11/25/2025","Non-Transportation","Scheduling","5"
"11/25/2025","Non-Transportation","Policy","20"
"11/25/2025","Non-Transportation","IT/Technology","8"
"11/25/2025","Non-Transportation","Eligibility","3"
"11/25/2025","Non-Transportation","Customer","19"
"11/25/2025","Supplemental","Service - No Shows","5"
"11/25/2025","Supplemental","Service - Late Pickup","1"
"11/25/2025","Supplemental","Driver","6"
"11/25/2025","Broker","Service - Ride Time","13"
"11/25/2025","Broker","Service - Other","4"
"11/25/2025","Broker","Service - No Shows","45"
"11/25/2025","Broker","Service - Late Pickup","11"
"11/25/2025","Broker","Driver","61"
"11/25/2025","Primary","Service - Ride Time","8"
"11/25/2025","Primary","Service - No Shows","17"
"11/25/2025","Primary","Service - Late Pickup","9"
"11/24/2025","Supplemental","Vehicles","1"
"11/24/2025","Other/Unidentified Provider","Service - Ride Time","1"
"11/24/2025","Other/Unidentified Provider","Service - No Shows","3"
"11/24/2025","Other/Unidentified Provider","Driver","6"
"11/24/2025","Non-Transportation","Travel Services (Same Day)","6"
"11/24/2025","Non-Transportation","Travel Planning (Res)","9"
"11/24/2025","Non-Transportation","Scheduling","2"
"11/24/2025","Non-Transportation","Policy","16"
"11/24/2025","Non-Transportation","IT/Technology","11"
"11/24/2025","Non-Transportation","Eligibility","1"
"11/24/2025","Non-Transportation","Customer","27"
"11/24/2025","Supplemental","Service - No Shows","3"
"11/24/2025","Supplemental","Driver","4"
"11/24/2025","Broker","Vehicles","2"
"11/24/2025","Broker","Service - Ride Time","15"
"11/24/2025","Broker","Service - Other","9"
"11/24/2025","Broker","Service - No Shows","43"
"11/24/2025","Broker","Service - Late Pickup","12"
"11/24/2025","Broker","Driver","40"
"11/24/2025","Primary","Vehicles","2"
"11/24/2025","Primary","Service - Ride Time","3"
"11/24/2025","Primary","Service - No Shows","25"
"11/24/2025","Primary","Service - Late Pickup","12"
"11/24/2025","Primary","Driver","10"
"11/23/2025","Primary","Driver","1"
"11/23/2025","Non-Transportation","Policy","3"
"11/23/2025","Non-Transportation","IT/Technology","1"
"11/23/2025","Broker","Driver","1"
"11/23/2025","Primary","Service - Ride Time","1"
"11/23/2025","Primary","Service - No Shows","1"
"11/23/2025","Primary","Service - Late Pickup","2"
"11/22/2025","Primary","Service - No Shows","1"
"11/22/2025","Non-Transportation","Policy","2"
"11/22/2025","Non-Transportation","IT/Technology","1"
"11/22/2025","Supplemental","Service - No Shows","1"
"11/22/2025","Broker","Service - Ride Time","2"
"11/22/2025","Broker","Driver","5"
"11/22/2025","Primary","Driver","2"
"11/21/2025","Supplemental","Service - Ride Time","1"
"11/21/2025","Primary","Driver","14"
"11/21/2025","Supplemental","Service - No Shows","6"
"11/21/2025","Supplemental","Service - Late Pickup","2"
"11/21/2025","Supplemental","Driver","5"
"11/21/2025","Broker","Vehicles","3"
"11/21/2025","Broker","Service - Ride Time","12"
"11/21/2025","Broker","Service - Other","9"
"11/21/2025","Broker","Service - No Shows","36"
"11/21/2025","Broker","Service - Late Pickup","20"
"11/21/2025","Broker","Driver","41"
"11/21/2025","Primary","Service - Ride Time","13"
"11/21/2025","Primary","Service - Other","1"
"11/21/2025","Primary","Service - Late Pickup","9"
"11/21/2025","Primary","Service - No Shows","21"
"11/21/2025","Other/Unidentified Provider","Service - Ride Time","2"
"11/21/2025","Other/Unidentified Provider","Service - Other","1"
"11/21/2025","Other/Unidentified Provider","Service - Late Pickup","1"
"11/21/2025","Other/Unidentified Provider","Driver","5"
"11/21/2025","Other/Unidentified Provider",,"1"
"11/21/2025","Non-Transportation","Travel Services (Same Day)","8"
"11/21/2025","Non-Transportation","Travel Planning (Res)","1"
"11/21/2025","Non-Transportation","Scheduling","4"
"11/21/2025","Non-Transportation","Policy","13"
"11/21/2025","Non-Transportation","IT/Technology","4"
"11/21/2025","Non-Transportation","Eligibility","1"
"11/21/2025","Non-Transportation","Customer","28"
"11/21/2025","Supplemental","Vehicles","1"
"11/20/2025","Supplemental","Vehicles","2"
"11/20/2025","Other/Unidentified Provider","Service - No Shows","1"
"11/20/2025","Other/Unidentified Provider","Driver","3"
"11/20/2025","Non-Transportation","Travel Services (Same Day)","4"
"11/20/2025","Non-Transportation","Travel Planning (Res)","5"
"11/20/2025","Non-Transportation","Scheduling","4"
"11/20/2025","Non-Transportation","Policy","11"
"11/20/2025","Non-Transportation","IT/Technology","12"
"11/20/2025","Non-Transportation","Eligibility","4"
"11/20/2025","Non-Transportation","Customer","30"
"11/20/2025","Supplemental","Service - Ride Time","2"
"11/20/2025","Supplemental","Service - Other","1"
"11/20/2025","Supplemental","Service - No Shows","3"
"11/20/2025","Supplemental","Service - Late Pickup","2"
"11/20/2025","Supplemental","Driver","1"
"11/20/2025","Broker","Vehicles","1"
"11/20/2025","Broker","Service - Ride Time","16"
"11/20/2025","Broker","Service - Other","8"
"11/20/2025","Broker","Service - No Shows","45"
"11/20/2025","Broker","Service - Late Pickup","12"
"11/20/2025","Broker","Driver","43"
"11/20/2025","Primary","Service - Ride Time","6"
"11/20/2025","Primary","Service - Other","2"
"11/20/2025","Primary","Service - No Shows","15"
"11/20/2025","Primary","Service - Late Pickup","12"
"11/20/2025","Primary","Driver","8"
"11/19/2025","Primary","Driver","9"
"11/19/2025","Other/Unidentified Provider","Vehicles","1"
"11/19/2025","Other/Unidentified Provider","Service - No Shows","1"
"11/19/2025","Other/Unidentified Provider","Service - Late Pickup","1"
"11/19/2025","Other/Unidentified Provider","Driver","3"
"11/19/2025","Non-Transportation","Travel Services (Same Day)","3"
"11/19/2025","Non-Transportation","Travel Planning (Res)","4"
"11/19/2025","Non-Transportation","Scheduling","1"
"11/19/2025","Non-Transportation","Policy","25"
"11/19/2025","Non-Transportation","Other","3"
"11/19/2025","Non-Transportation","IT/Technology","6"
"11/19/2025","Non-Transportation","Eligibility","2"
"11/19/2025","Non-Transportation","Customer","32"
"11/19/2025","Supplemental","Service - Ride Time","5"
"11/19/2025","Supplemental","Service - Other","2"
"11/19/2025","Supplemental","Service - No Shows","7"
"11/19/2025","Supplemental","Service - Late Pickup","2"
"11/19/2025","Supplemental","Driver","11"
"11/19/2025","Broker","Vehicles","7"
"11/19/2025","Broker","Service - Ride Time","13"
"11/19/2025","Broker","Service - Other","10"
"11/19/2025","Broker","Service - No Shows","65"
"11/19/2025","Broker","Service - Late Pickup","25"
"11/19/2025","Broker","Driver","50"
"11/19/2025","Primary","Vehicles","2"
"11/19/2025","Primary","Service - Ride Time","6"
"11/19/2025","Primary","Service - Other","1"
"11/19/2025","Primary","Service - No Shows","30"
"11/19/2025","Primary","Service - Late Pickup","17"
"11/18/2025","Primary","Service - Ride Time","7"
"11/18/2025","Other/Unidentified Provider","Service - Ride Time","1"
"11/18/2025","Other/Unidentified Provider","Service - No Shows","2"
"11/18/2025","Other/Unidentified Provider","Driver","5"
"11/18/2025","Non-Transportation","Travel Services (Same Day)","5"
"11/18/2025","Non-Transportation","Travel Planning (Res)","4"
"11/18/2025","Non-Transportation","Policy","11"
"11/18/2025","Non-Transportation","IT/Technology","8"
"11/18/2025","Non-Transportation","Eligibility","1"
"11/18/2025","Non-Transportation","Customer Relations","1"
"11/18/2025","Non-Transportation","Customer","23"
"11/18/2025","Supplemental","Vehicles","1"
"11/18/2025","Supplemental","Service - Ride Time","3"
"11/18/2025","Supplemental","Service - No Shows","15"
"11/18/2025","Supplemental","Service - Late Pickup","3"
"11/18/2025","Supplemental","Driver","7"
"11/18/2025","Broker","Vehicles","1"
"11/18/2025","Broker","Service - Ride Time","11"
"11/18/2025","Broker","Service - Other","3"
"11/18/2025","Broker","Service - No Shows","67"
"11/18/2025","Broker","Service - Late Pickup","26"
"11/18/2025","Broker","Driver","45"
"11/18/2025","Primary","Service - Other","2"
"11/18/2025","Primary","Service - No Shows","21"
"11/18/2025","Primary","Service - Late Pickup","10"
"11/18/2025","Primary","Driver","4"
"11/17/2025","Primary","Service - No Shows","20"
"11/17/2025","Other/Unidentified Provider","Vehicles","1"
"11/17/2025","Other/Unidentified Provider","Service - No Shows","3"
"11/17/2025","Other/Unidentified Provider","Service - Late Pickup","2"
"11/17/2025","Other/Unidentified Provider","Driver","3"
"11/17/2025","Non-Transportation","Travel Services (Same Day)","2"
"11/17/2025","Non-Transportation","Travel Planning (Res)","9"
"11/17/2025","Non-Transportation","Scheduling","4"
"11/17/2025","Non-Transportation","Policy","15"
"11/17/2025","Non-Transportation","IT/Technology","4"
"11/17/2025","Non-Transportation","Eligibility","2"
"11/17/2025","Primary","Driver","12"
"11/17/2025","Non-Transportation","Customer","16"
"11/17/2025","E-Hail","Service - No Shows","1"
"11/17/2025","Supplemental","Service - Ride Time","1"
"11/17/2025","Supplemental","Service - No Shows","3"
"11/17/2025","Supplemental","Service - Late Pickup","1"
"11/17/2025","Supplemental","Driver","4"
"11/17/2025","Broker","Vehicles","5"
"11/17/2025","Broker","Service - Ride Time","12"
"11/17/2025","Broker","Service - Other","13"
"11/17/2025","Broker","Service - No Shows","65"
"11/17/2025","Broker","Service - Late Pickup","10"
"11/17/2025","Primary","Service - Late Pickup","9"
"11/17/2025","Broker","Driver","57"
"11/17/2025","Primary","Service - Ride Time","4"
"11/17/2025","Primary","Service - Other","3"
"11/16/2025","Primary","Driver","1"
"11/16/2025","Non-Transportation","Policy","4"
"11/16/2025","Supplemental","Service - Ride Time","1"
"11/16/2025","Supplemental","Service - Late Pickup","1"
"11/16/2025","Broker","Service - Other","1"
"11/16/2025","Broker","Service - No Shows","1"
"11/16/2025","Broker","Driver","4"
"11/16/2025","Primary","Service - No Shows","2"
"11/15/2025","Primary","Driver","2"
"11/15/2025","Non-Transportation","Policy","1"
"11/15/2025","Non-Transportation","IT/Technology","1"
"11/15/2025","Supplemental","Service - No Shows","1"
"11/15/2025","Supplemental","Service - Late Pickup","1"
"11/15/2025","Broker","Service - No Shows","1"
"11/15/2025","Broker","Service - Late Pickup","1"
"11/15/2025","Primary","Service - Ride Time","1"
"11/14/2025","Non-Transportation","Eligibility","2"
"11/14/2025","Non-Transportation","Customer","15"
"11/14/2025","Supplemental","Service - Ride Time","1"
"11/14/2025","Supplemental","Service - No Shows","6"
"11/14/2025","Supplemental","Service - Late Pickup","2"
"11/14/2025","Supplemental","Driver","9"
"11/14/2025","Broker","Vehicles","4"
"11/14/2025","Broker","Service - Ride Time","7"
"11/14/2025","Broker","Service - Other","5"
"11/14/2025","Broker","Service - No Shows","39"
"11/14/2025","Broker","Service - Late Pickup","20"
"11/14/2025","Broker","Driver","49"
"11/14/2025","Primary","Vehicles","1"
"11/14/2025","Primary","Service - Ride Time","6"
"11/14/2025","Primary","Service - No Shows","21"
"11/14/2025","Primary","Driver","9"
"11/14/2025","Primary","Service - Late Pickup","16"
"11/14/2025","Other/Unidentified Provider","Service - Late Pickup","1"
"11/14/2025","Other/Unidentified Provider","Driver","8"
"11/14/2025","Non-Transportation","Travel Services (Same Day)","6"
"11/14/2025","Non-Transportation","Travel Planning (Res)","4"
"11/14/2025","Non-Transportation","Scheduling","3"
"11/14/2025","Non-Transportation","Policy","18"
"11/14/2025","Non-Transportation","IT/Technology","7"
"11/13/2025","Primary","Service - No Shows","22"
"11/13/2025","Other/Unidentified Provider","Service - Ride Time","2"
"11/13/2025","Other/Unidentified Provider","Service - No Shows","2"
"11/13/2025","Other/Unidentified Provider","Driver","2"
"11/13/2025","Non-Transportation","Travel Services (Same Day)","9"
"11/13/2025","Non-Transportation","Travel Planning (Res)","5"
"11/13/2025","Non-Transportation","Policy","14"
"11/13/2025","Non-Transportation","IT/Technology","3"
"11/13/2025","Non-Transportation","Eligibility","7"
"11/13/2025","Non-Transportation","Customer Relations","1"
"11/13/2025","Non-Transportation","Customer","23"
"11/13/2025","Supplemental","Service - Ride Time","3"
"11/13/2025","Supplemental","Service - Other","1"
"11/13/2025","Supplemental","Service - No Shows","3"
"11/13/2025","Supplemental","Service - Late Pickup","2"
"11/13/2025","Supplemental","Driver","4"
"11/13/2025","Broker","Vehicles","1"
"11/13/2025","Broker","Service - Ride Time","18"
"11/13/2025","Broker","Service - Other","3"
"11/13/2025","Broker","Service - No Shows","48"
"11/13/2025","Broker","Service - Late Pickup","16"
"11/13/2025","Broker","Driver","41"
"11/13/2025","Primary","Service - Ride Time","6"
"11/13/2025","Primary","Service - Other","1"
"11/13/2025","Primary","Service - Late Pickup","15"
"11/13/2025","Primary","Driver","11"
"11/12/2025","Primary","Driver","7"
"11/12/2025","Other/Unidentified Provider","Service - No Shows","1"
"11/12/2025","Other/Unidentified Provider","Driver","4"
"11/12/2025","Non-Transportation","Travel Services (Same Day)","7"
"11/12/2025","Non-Transportation","Travel Planning (Res)","6"
"11/12/2025","Non-Transportation","Scheduling","4"
"11/12/2025","Non-Transportation","Policy","13"
"11/12/2025","Non-Transportation","IT/Technology","9"
"11/12/2025","Non-Transportation","Eligibility","5"
"11/12/2025","Non-Transportation","Customer","22"
"11/12/2025","Supplemental","Vehicles","1"
"11/12/2025","Supplemental","Service - Ride Time","4"
"11/12/2025","Supplemental","Service - No Shows","4"
"11/12/2025","Supplemental","Service - Late Pickup","2"
"11/12/2025","Supplemental","Driver","5"
"11/12/2025","Broker","Service - Ride Time","16"
"11/12/2025","Broker","Service - Other","5"
"11/12/2025","Broker","Service - No Shows","48"
"11/12/2025","Broker","Service - Late Pickup","17"
"11/12/2025","Broker","Driver","42"
"11/12/2025","Primary","Service - Ride Time","9"
"11/12/2025","Primary","Service - No Shows","15"
"11/12/2025","Primary","Service - Late Pickup","5"
"11/11/2025","Primary","Service - No Shows","1"
"11/11/2025","Non-Transportation","Policy","2"
"11/11/2025","Non-Transportation","Customer","1"
"11/11/2025","Supplemental","Driver","1"
"11/11/2025","Broker","Service - No Shows","4"
"11/11/2025","Broker","Service - Late Pickup","1"
"11/11/2025","Broker","Driver","2"
"11/11/2025","Primary","Service - Ride Time","1"
"11/11/2025","Primary","Driver","1"
"11/11/2025","Primary","Service - Late Pickup","3"
"11/10/2025","Supplemental","Vehicles","2"
"11/10/2025","Other/Unidentified Provider","Service - No Shows","1"
"11/10/2025","Other/Unidentified Provider","Driver","4"
"11/10/2025","Non-Transportation","Travel Services (Same Day)","5"
"11/10/2025","Non-Transportation","Travel Planning (Res)","6"
"11/10/2025","Non-Transportation","Scheduling","2"
"11/10/2025","Non-Transportation","Policy","17"
"11/10/2025","Non-Transportation","IT/Technology","6"
"11/10/2025","Non-Transportation","Eligibility","8"
"11/10/2025","Non-Transportation","Customer Relations","1"
"11/10/2025","Non-Transportation","Customer","26"
"11/10/2025","Supplemental","Service - Ride Time","1"
"11/10/2025","Supplemental","Service - Other","1"
"11/10/2025","Supplemental","Service - No Shows","10"
"11/10/2025","Supplemental","Service - Late Pickup","1"
"11/10/2025","Supplemental","Driver","11"
"11/10/2025","Broker","Vehicles","1"
"11/10/2025","Broker","Service - Ride Time","12"
"11/10/2025","Broker","Service - Other","5"
"11/10/2025","Broker","Service - No Shows","33"
"11/10/2025","Broker","Service - Late Pickup","12"
"11/10/2025","Broker","Driver","42"
"11/10/2025","Primary","Vehicles","1"
"11/10/2025","Primary","Service - Ride Time","9"
"11/10/2025","Primary","Service - No Shows","29"
"11/10/2025","Primary","Service - Late Pickup","10"
"11/10/2025","Primary","Driver","8"
"11/09/2025","Broker","Service - Other","1"
"11/09/2025","Broker","Service - No Shows","1"
"11/09/2025","Broker","Driver","9"
"11/09/2025","Primary","Service - Other","1"
"11/09/2025","Non-Transportation","Policy","1"
"11/09/2025","Non-Transportation","IT/Technology","1"
"11/09/2025","Non-Transportation","Eligibility","1"
"11/09/2025","Supplemental","Service - Ride Time","1"
"11/09/2025","Broker","Service - Ride Time","1"
"11/09/2025","Non-Transportation","Travel Services (Same Day)","1"
"11/08/2025","Non-Transportation","Policy","3"
"11/08/2025","Broker","Vehicles","1"
"11/08/2025","Broker","Service - Ride Time","1"
"11/08/2025","Broker","Driver","3"
"11/08/2025","Primary","Driver","1"
"11/07/2025","Broker","Service - Other","1"
"11/07/2025","Broker","Service - No Shows","38"
"11/07/2025","Broker","Service - Late Pickup","11"
"11/07/2025","Broker","Driver","47"
"11/07/2025","Primary","Service - Ride Time","4"
"11/07/2025","Primary","Service - No Shows","23"
"11/07/2025","Primary","Driver","15"
"11/07/2025","Primary","Service - Late Pickup","18"
"11/07/2025","Other/Unidentified Provider","Service - No Shows","4"
"11/07/2025","Other/Unidentified Provider","Service - Late Pickup","1"
"11/07/2025","Other/Unidentified Provider",,"1"
"11/07/2025","Non-Transportation","Travel Services (Same Day)","9"
"11/07/2025","Non-Transportation","Travel Planning (Res)","3"
"11/07/2025","Non-Transportation","Scheduling","2"
"11/07/2025","Non-Transportation","Policy","19"
"11/07/2025","Non-Transportation","IT/Technology","11"
"11/07/2025","Non-Transportation","Eligibility","4"
"11/07/2025","Non-Transportation","Customer","22"
"11/07/2025","Supplemental","Vehicles","1"
"11/07/2025","Supplemental","Service - No Shows","6"
"11/07/2025","Supplemental","Driver","6"
"11/07/2025","Broker","Service - Ride Time","11"
"11/06/2025","Broker","Service - Other","5"
"11/06/2025","Other/Unidentified Provider","Service - No Shows","1"
"11/06/2025","Other/Unidentified Provider","Driver","3"
"11/06/2025","Non-Transportation","Travel Services (Same Day)","5"
"11/06/2025","Non-Transportation","Travel Planning (Res)","4"
"11/06/2025","Non-Transportation","Scheduling","3"
"11/06/2025","Non-Transportation","Policy","19"
"11/06/2025","Non-Transportation","IT/Technology","21"
"11/06/2025","Non-Transportation","Eligibility","5"
"11/06/2025","Non-Transportation","Customer","24"
"11/06/2025","Supplemental","Vehicles","1"
"11/06/2025","Supplemental","Service - Ride Time","5"
"11/06/2025","Supplemental","Service - No Shows","3"
"11/06/2025","Supplemental","Service - Late Pickup","2"
"11/06/2025","Supplemental","Driver","3"
"11/06/2025","Broker","Service - Ride Time","12"
"11/06/2025","Broker","Service - No Shows","45"
"11/06/2025","Broker","Service - Late Pickup","20"
"11/06/2025","Broker","Driver","47"
"11/06/2025","Primary","Service - Ride Time","5"
"11/06/2025","Primary","Service - Other","1"
"11/06/2025","Primary","Service - No Shows","22"
"11/06/2025","Primary","Service - Late Pickup","13"
"11/06/2025","Primary","Driver","14"
"11/05/2025","Primary","Service - No Shows","17"
"11/05/2025","Other/Unidentified Provider","Service - Ride Time","1"
"11/05/2025","Other/Unidentified Provider","Service - No Shows","2"
"11/05/2025","Other/Unidentified Provider","Driver","1"
"11/05/2025","Non-Transportation","Travel Services (Same Day)","8"
"11/05/2025","Non-Transportation","Travel Planning (Res)","9"
"11/05/2025","Non-Transportation","Scheduling","1"
"11/05/2025","Non-Transportation","Policy","20"
"11/05/2025","Non-Transportation","IT/Technology","9"
"11/05/2025","Non-Transportation","Eligibility","4"
"11/05/2025","Primary","Driver","9"
"11/05/2025","Non-Transportation","Customer","15"
"11/05/2025","Supplemental","Vehicles","1"
"11/05/2025","Supplemental","Service - Ride Time","1"
"11/05/2025","Supplemental","Service - No Shows","9"
"11/05/2025","Supplemental","Service - Late Pickup","3"
"11/05/2025","Supplemental","Driver","2"
"11/05/2025","Broker","Vehicles","1"
"11/05/2025","Primary","Service - Late Pickup","9"
"11/05/2025","Broker","Service - Ride Time","18"
"11/05/2025","Broker","Service - Other","7"
"11/05/2025","Broker","Service - No Shows","47"
"11/05/2025","Broker","Service - Late Pickup","12"
"11/05/2025","Broker","Driver","41"
"11/05/2025","Primary","Service - Ride Time","6"
"11/05/2025","Primary","Service - Other","1"
"11/04/2025","Primary","Service - Other","2"
"11/04/2025","Other/Unidentified Provider","Service - Ride Time","1"
"11/04/2025","Other/Unidentified Provider","Service - No Shows","1"
"11/04/2025","Other/Unidentified Provider","Service - Late Pickup","1"
"11/04/2025","Other/Unidentified Provider","Driver","3"
"11/04/2025","Non-Transportation","Travel Services (Same Day)","8"
"11/04/2025","Non-Transportation","Travel Planning (Res)","8"
"11/04/2025","Non-Transportation","Scheduling","1"
"11/04/2025","Non-Transportation","Policy","9"
"11/04/2025","Non-Transportation","IT/Technology","6"
"11/04/2025","Non-Transportation","Eligibility","6"
"11/04/2025","Non-Transportation","Customer Relations","1"
"11/04/2025","Non-Transportation","Customer","20"
"11/04/2025","Supplemental","Service - No Shows","7"
"11/04/2025","Supplemental","Service - Late Pickup","5"
"11/04/2025","Supplemental","Driver","6"
"11/04/2025","Broker","Vehicles","2"
"11/04/2025","Broker","Service - Ride Time","6"
"11/04/2025","Broker","Service - Other","5"
"11/04/2025","Broker","Service - No Shows","52"
"11/04/2025","Broker","Service - Late Pickup","24"
"11/04/2025","Broker","Driver","43"
"11/04/2025","Primary","Service - Ride Time","5"
"11/04/2025","Primary","Service - No Shows","24"
"11/04/2025","Primary","Service - Late Pickup","8"
"11/04/2025","Primary","Driver","10"
"11/03/2025","Primary","Driver","14"
"11/03/2025","Other/Unidentified Provider","Service - Ride Time","1"
"11/03/2025","Other/Unidentified Provider","Driver","3"
"11/03/2025","Non-Transportation","Travel Services (Same Day)","5"
"11/03/2025","Non-Transportation","Travel Planning (Res)","6"
"11/03/2025","Non-Transportation","Scheduling","3"
"11/03/2025","Non-Transportation","Policy","21"
"11/03/2025","Non-Transportation","IT/Technology","8"
"11/03/2025","Non-Transportation","Eligibility","5"
"11/03/2025","Non-Transportation","Customer Relations","1"
"11/03/2025","Non-Transportation","Customer","25"
"11/03/2025","Supplemental","Vehicles","3"
"11/03/2025","Supplemental","Service - Other","1"
"11/03/2025","Supplemental","Service - No Shows","13"
"11/03/2025","Supplemental","Service - Late Pickup","3"
"11/03/2025","Supplemental","Driver","7"
"11/03/2025","Broker","Service - Ride Time","14"
"11/03/2025","Broker","Service - Other","2"
"11/03/2025","Broker","Service - No Shows","37"
"11/03/2025","Broker","Service - Late Pickup","20"
"11/03/2025","Broker","Driver","44"
"11/03/2025","Primary","Service - Ride Time","8"
"11/03/2025","Primary","Service - Other","1"
"11/03/2025","Primary","Service - No Shows","20"
"11/03/2025","Primary","Service - Late Pickup","10"
"11/02/2025","Broker","Driver","3"
"11/02/2025","Non-Transportation","Travel Services (Same Day)","1"
"11/02/2025","Non-Transportation","Scheduling","1"
"11/02/2025","Non-Transportation","Policy","3"
"11/02/2025","Non-Transportation","Customer","1"
"11/02/2025","Broker","Service - No Shows","1"
"11/02/2025","Primary","Service - No Shows","1"
"11/01/2025","Primary","Service - No Shows","2"
"11/01/2025","Other/Unidentified Provider","Vehicles","1"
"11/01/2025","Non-Transportation","Policy","1"
"11/01/2025","Non-Transportation","Eligibility","2"
"11/01/2025","Broker","Service - No Shows","3"
"11/01/2025","Broker","Service - Late Pickup","3"
"11/01/2025","Broker","Driver","2"
"11/01/2025","Primary","Service - Late Pickup","1"
"10/31/2025","Broker","Service - Other","5"
"10/31/2025","Other/Unidentified Provider","Service - No Shows","2"
"10/31/2025","Other/Unidentified Provider","Driver","2"
"10/31/2025","Non-Transportation","Travel Services (Same Day)","6"
"10/31/2025","Non-Transportation","Travel Planning (Res)","3"
"10/31/2025","Non-Transportation","Scheduling","5"
"10/31/2025","Non-Transportation","Policy","12"
"10/31/2025","Non-Transportation","IT/Technology","4"
"10/31/2025","Non-Transportation","Eligibility","4"
"10/31/2025","Non-Transportation","Customer Relations","3"
"10/31/2025","Non-Transportation","Customer","17"
"10/31/2025","Supplemental","Service - Ride Time","4"
"10/31/2025","Supplemental","Service - No Shows","9"
"10/31/2025","Supplemental","Service - Late Pickup","4"
"10/31/2025","Supplemental","Driver","7"
"10/31/2025","Broker","Service - Ride Time","7"
"10/31/2025","Broker","Service - No Shows","52"
"10/31/2025","Broker","Service - Late Pickup","26"
"10/31/2025","Broker","Driver","40"
"10/31/2025","Primary","Service - Ride Time","8"
"10/31/2025","Primary","Service - Other","2"
"10/31/2025","Primary","Service - No Shows","23"
"10/31/2025","Primary","Service - Late Pickup","13"
"10/31/2025","Primary","Driver","12"
"10/30/2025","Primary","Service - Late Pickup","12"
"10/30/2025","Other/Unidentified Provider","Service - Ride Time","1"
"10/30/2025","Other/Unidentified Provider","Service - No Shows","2"
"10/30/2025","Other/Unidentified Provider","Service - Late Pickup","1"
"10/30/2025","Other/Unidentified Provider","Driver","1"
"10/30/2025","Non-Transportation","Travel Services (Same Day)","8"
"10/30/2025","Non-Transportation","Travel Planning (Res)","10"
"10/30/2025","Non-Transportation","Scheduling","5"
"10/30/2025","Non-Transportation","Policy","15"
"10/30/2025","Non-Transportation","IT/Technology","8"
"10/30/2025","Non-Transportation","Eligibility","7"
"10/30/2025","Non-Transportation","Customer Relations","2"
"10/30/2025","Non-Transportation","Customer","24"
"10/30/2025","Supplemental","Service - Ride Time","5"
"10/30/2025","Supplemental","Service - No Shows","9"
"10/30/2025","Supplemental","Service - Late Pickup","3"
"10/30/2025","Supplemental","Driver","3"
"10/30/2025","Broker","Vehicles","6"
"10/30/2025","Broker","Service - Ride Time","17"
"10/30/2025","Primary","Driver","6"
"10/30/2025","Broker","Service - Other","2"
"10/30/2025","Broker","Service - No Shows","46"
"10/30/2025","Broker","Service - Late Pickup","16"
"10/30/2025","Broker","Driver","55"
"10/30/2025","Primary","Vehicles","1"
"10/30/2025","Primary","Service - Ride Time","11"
"10/30/2025","Primary","Service - No Shows","27"
"10/29/2025","Supplemental","Service - Late Pickup","3"
"10/29/2025","Other/Unidentified Provider","Service - No Shows","1"
"10/29/2025","Other/Unidentified Provider","Driver","1"
"10/29/2025","Non-Transportation","Travel Services (Same Day)","12"
"10/29/2025","Non-Transportation","Travel Planning (Res)","8"
"10/29/2025","Non-Transportation","Scheduling","3"
"10/29/2025","Non-Transportation","Policy","15"
"10/29/2025","Non-Transportation","IT/Technology","11"
"10/29/2025","Non-Transportation","Eligibility","7"
"10/29/2025","Non-Transportation","Customer Relations","2"
"10/29/2025","Non-Transportation","Customer","25"
"10/29/2025","Supplemental","Vehicles","1"
"10/29/2025","Supplemental","Service - Ride Time","2"
"10/29/2025","Supplemental","Service - No Shows","5"
"10/29/2025","Supplemental","Driver","6"
"10/29/2025","Broker","Vehicles","2"
"10/29/2025","Broker","Service - Ride Time","19"
"10/29/2025","Broker","Service - Other","5"
"10/29/2025","Broker","Service - No Shows","26"
"10/29/2025","Broker","Service - Late Pickup","16"
"10/29/2025","Broker","Driver","59"
"10/29/2025","Primary","Vehicles","1"
"10/29/2025","Primary","Service - Ride Time","9"
"10/29/2025","Primary","Service - No Shows","23"
"10/29/2025","Primary","Service - Late Pickup","12"
"10/29/2025","Primary","Driver","16"
"10/28/2025","Primary","Driver","18"
"10/28/2025","Other/Unidentified Provider","Vehicles","1"
"10/28/2025","Other/Unidentified Provider","Service - No Shows","1"
"10/28/2025","Other/Unidentified Provider","Driver","1"
"10/28/2025","Non-Transportation","Travel Services (Same Day)","13"
"10/28/2025","Non-Transportation","Travel Planning (Res)","8"
"10/28/2025","Non-Transportation","Scheduling","8"
"10/28/2025","Non-Transportation","Policy","20"
"10/28/2025","Non-Transportation","IT/Technology","6"
"10/28/2025","Non-Transportation","Eligibility","6"
"10/28/2025","Non-Transportation","Customer Relations","2"
"10/28/2025","Non-Transportation","Customer","19"
"10/28/2025","Supplemental","Vehicles","1"
"10/28/2025","Supplemental","Service - Ride Time","4"
"10/28/2025","Supplemental","Service - No Shows","5"
"10/28/2025","Supplemental","Service - Late Pickup","1"
"10/28/2025","Supplemental","Driver","8"
"10/28/2025","Broker","Vehicles","1"
"10/28/2025","Broker","Service - Ride Time","16"
"10/28/2025","Broker","Service - Other","3"
"10/28/2025","Broker","Service - No Shows","62"
"10/28/2025","Broker","Service - Late Pickup","19"
"10/28/2025","Broker","Driver","45"
"10/28/2025","Primary","Vehicles","1"
"10/28/2025","Primary","Service - Ride Time","13"
"10/28/2025","Primary","Service - Other","1"
"10/28/2025","Primary","Service - No Shows","34"
"10/28/2025","Primary","Service - Late Pickup","21"
"10/27/2025","Non-Transportation","Customer Relations","2"
"10/27/2025","Other/Unidentified Provider","Driver","3"
"10/27/2025","Non-Transportation","Travel Services (Same Day)","10"
"10/27/2025","Non-Transportation","Travel Planning (Res)","8"
"10/27/2025","Non-Transportation","Scheduling","4"
"10/27/2025","Non-Transportation","Policy","17"
"10/27/2025","Non-Transportation","IT/Technology","7"
"10/27/2025","Non-Transportation","Eligibility","3"
"10/27/2025","Non-Transportation","Customer","32"
"10/27/2025","Supplemental","Vehicles","1"
"10/27/2025","Supplemental","Service - Ride Time","2"
"10/27/2025","Supplemental","Service - No Shows","9"
"10/27/2025","Supplemental","Service - Late Pickup","5"
"10/27/2025","Supplemental","Driver","13"
"10/27/2025","Broker","Vehicles","5"
"10/27/2025","Broker","Service - Ride Time","12"
"10/27/2025","Broker","Service - Other","5"
"10/27/2025","Broker","Service - No Shows","48"
"10/27/2025","Broker","Service - Late Pickup","24"
"10/27/2025","Broker","Driver","55"
"10/27/2025","Primary","Service - Ride Time","6"
"10/27/2025","Primary","Service - Other","1"
"10/27/2025","Primary","Service - No Shows","24"
"10/27/2025","Primary","Service - Late Pickup","13"
"10/27/2025","Primary","Driver","10"
"10/26/2025","Primary","Service - Ride Time","1"
"10/26/2025","Primary","Driver","1"
"10/26/2025","Other/Unidentified Provider","Driver","1"
"10/26/2025","Supplemental","Driver","1"
"10/26/2025","Broker","Vehicles","1"
"10/26/2025","Broker","Service - Ride Time","1"
"10/25/2025","Non-Transportation","Travel Services (Same Day)","1"
"10/25/2025","Non-Transportation","IT/Technology","1"
"10/25/2025","Supplemental","Driver","2"
"10/25/2025","Supplemental","Service - No Shows","1"
"10/25/2025","Broker","Service - Ride Time","1"
"10/25/2025","Broker","Service - No Shows","1"
"10/25/2025","Broker","Driver","3"
"10/25/2025","Primary","Service - Ride Time","2"
"10/25/2025","Other/Unidentified Provider","Driver","1"
"10/24/2025","Primary","Driver","13"
"10/24/2025","Supplemental","Service - Late Pickup","3"
"10/24/2025","Supplemental","Driver","7"
"10/24/2025","Broker","Vehicles","2"
"10/24/2025","Broker","Service - Ride Time","12"
"10/24/2025","Broker","Service - Other","6"
"10/24/2025","Broker","Service - No Shows","28"
"10/24/2025","Broker","Service - Late Pickup","11"
"10/24/2025","Broker","Driver","37"
"10/24/2025","Primary","Service - Ride Time","4"
"10/24/2025","Primary","Service - No Shows","8"
"10/24/2025","Primary","Service - Other","1"
"10/24/2025","Other/Unidentified Provider","Service - Ride Time","1"
"10/24/2025","Other/Unidentified Provider","Service - No Shows","4"
"10/24/2025","Non-Transportation","Travel Services (Same Day)","5"
"10/24/2025","Non-Transportation","Travel Planning (Res)","9"
"10/24/2025","Non-Transportation","Scheduling","5"
"10/24/2025","Non-Transportation","Policy","18"
"10/24/2025","Non-Transportation","IT/Technology","5"
"10/24/2025","Non-Transportation","Eligibility","3"
"10/24/2025","Primary","Service - Late Pickup","11"
"10/24/2025","Non-Transportation","Customer Relations","2"
"10/24/2025","Non-Transportation","Customer","23"
"10/24/2025","Supplemental","Vehicles","1"
"10/24/2025","Supplemental","Service - Ride Time","1"
"10/24/2025","Supplemental","Service - No Shows","5"
"10/23/2025","Non-Transportation","Travel Services (Same Day)","3"
"10/23/2025","Other/Unidentified Provider","Service - Ride Time","1"
"10/23/2025","Other/Unidentified Provider","Service - No Shows","1"
"10/23/2025","Other/Unidentified Provider","Driver","4"
"10/23/2025","Non-Transportation","Travel Planning (Res)","7"
"10/23/2025","Non-Transportation","Scheduling","7"
"10/23/2025","Non-Transportation","Policy","13"
"10/23/2025","Non-Transportation","IT/Technology","4"
"10/23/2025","Non-Transportation","Eligibility","5"
"10/23/2025","Non-Transportation","Customer Relations","2"
"10/23/2025","Non-Transportation","Customer","32"
"10/23/2025","Supplemental","Vehicles","1"
"10/23/2025","Supplemental","Service - Ride Time","2"
"10/23/2025","Supplemental","Service - No Shows","6"
"10/23/2025","Supplemental","Service - Late Pickup","2"
"10/23/2025","Supplemental","Driver","6"
"10/23/2025","Broker","Vehicles","4"
"10/23/2025","Broker","Service - Ride Time","18"
"10/23/2025","Broker","Service - Other","1"
"10/23/2025","Broker","Service - No Shows","45"
"10/23/2025","Broker","Service - Late Pickup","15"
"10/23/2025","Broker","Driver","57"
"10/23/2025","Primary","Service - Ride Time","6"
"10/23/2025","Primary","Service - No Shows","29"
"10/23/2025","Primary","Service - Late Pickup","13"
"10/23/2025","Primary","Driver","25"
"10/22/2025","Primary","Driver","15"
"10/22/2025","Other/Unidentified Provider","Service - Late Pickup","1"
"10/22/2025","Other/Unidentified Provider","Driver","2"
"10/22/2025","Other/Unidentified Provider",,"2"
"10/22/2025","Non-Transportation","Travel Services (Same Day)","5"
"10/22/2025","Non-Transportation","Travel Planning (Res)","5"
"10/22/2025","Non-Transportation","Scheduling","2"
"10/22/2025","Non-Transportation","Policy","10"
"10/22/2025","Non-Transportation","IT/Technology","7"
"10/22/2025","Non-Transportation","Customer Relations","2"
"10/22/2025","Non-Transportation","Customer","18"
"10/22/2025","Supplemental","Service - Ride Time","1"
"10/22/2025","Supplemental","Service - Other","1"
"10/22/2025","Supplemental","Service - No Shows","5"
"10/22/2025","Supplemental","Service - Late Pickup","2"
"10/22/2025","Supplemental","Driver","9"
"10/22/2025","Broker","Vehicles","2"
"10/22/2025","Broker","Service - Ride Time","9"
"10/22/2025","Broker","Service - Other","7"
"10/22/2025","Broker","Service - No Shows","32"
"10/22/2025","Broker","Service - Late Pickup","11"
"10/22/2025","Broker","Driver","51"
"10/22/2025","Primary","Service - Ride Time","10"
"10/22/2025","Primary","Service - Other","3"
"10/22/2025","Primary","Service - No Shows","14"
"10/22/2025","Primary","Service - Late Pickup","19"
"10/21/2025","Non-Transportation","Customer","17"
"10/21/2025","Other/Unidentified Provider","Service - Other","1"
"10/21/2025","Other/Unidentified Provider","Driver","2"
"10/21/2025","Non-Transportation","Travel Services (Same Day)","6"
"10/21/2025","Non-Transportation","Travel Planning (Res)","8"
"10/21/2025","Non-Transportation","Scheduling","2"
"10/21/2025","Non-Transportation","Policy","17"
"10/21/2025","Non-Transportation","IT/Technology","7"
"10/21/2025","Non-Transportation","Eligibility","3"
"10/21/2025","Supplemental","Vehicles","1"
"10/21/2025","Supplemental","Service - Ride Time","3"
"10/21/2025","Supplemental","Service - No Shows","11"
"10/21/2025","Supplemental","Service - Late Pickup","3"
"10/21/2025","Supplemental","Driver","7"
"10/21/2025","Broker","Vehicles","1"
"10/21/2025","Broker","Service - Ride Time","17"
"10/21/2025","Broker","Service - Other","6"
"10/21/2025","Broker","Service - No Shows","52"
"10/21/2025","Broker","Service - Late Pickup","11"
"10/21/2025","Broker","Driver","57"
"10/21/2025","Primary","Service - Ride Time","9"
"10/21/2025","Primary","Service - No Shows","30"
"10/21/2025","Primary","Service - Late Pickup","18"
"10/21/2025","Primary","Driver","12"
"10/20/2025","Non-Transportation","Customer Relations","2"
"10/20/2025","Other/Unidentified Provider","Service - No Shows","3"
"10/20/2025","Other/Unidentified Provider","Driver","3"
"10/20/2025","Non-Transportation","Travel Services (Same Day)","10"
"10/20/2025","Non-Transportation","Travel Planning (Res)","5"
"10/20/2025","Non-Transportation","Scheduling","4"
"10/20/2025","Non-Transportation","Policy","19"
"10/20/2025","Non-Transportation","Other","1"
"10/20/2025","Non-Transportation","IT/Technology","6"
"10/20/2025","Non-Transportation","Eligibility","2"
"10/20/2025","Non-Transportation","Customer","20"
"10/20/2025","Supplemental","Service - Ride Time","5"
"10/20/2025","Supplemental","Service - No Shows","10"
"10/20/2025","Supplemental","Service - Late Pickup","3"
"10/20/2025","Supplemental","Driver","10"
"10/20/2025","Broker","Vehicles","4"
"10/20/2025","Broker","Service - Ride Time","13"
"10/20/2025","Broker","Service - Other","8"
"10/20/2025","Broker","Service - No Shows","43"
"10/20/2025","Broker","Service - Late Pickup","8"
"10/20/2025","Broker","Driver","37"
"10/20/2025","Primary","Service - Ride Time","9"
"10/20/2025","Primary","Service - Other","1"
"10/20/2025","Primary","Service - No Shows","22"
"10/20/2025","Primary","Service - Late Pickup","8"
"10/20/2025","Primary","Driver","11"
"10/19/2025","Primary","Service - No Shows","3"
"10/19/2025","Primary","Driver","2"
"10/19/2025","Non-Transportation","Policy","3"
"10/19/2025","Non-Transportation","Customer","1"
"10/19/2025","Supplemental","Service - No Shows","1"
"10/19/2025","Broker","Service - No Shows","1"
"10/19/2025","Broker","Service - Late Pickup","1"
"10/19/2025","Broker","Driver","3"
"10/18/2025","Broker","Service - Other","1"
"10/18/2025","Supplemental","Driver","2"
"10/18/2025","Broker","Service - Late Pickup","2"
"10/18/2025","Broker","Driver","6"
"10/18/2025","Other/Unidentified Provider","Service - No Shows","1"
"10/18/2025","Non-Transportation","Policy","2"
"10/18/2025","Non-Transportation","Customer","1"
"10/18/2025","Supplemental","Service - Other","1"
"10/18/2025","Supplemental","Service - No Shows","1"
"10/17/2025","Primary","Service - Late Pickup","10"
"10/17/2025","Other/Unidentified Provider","Service - Other","1"
"10/17/2025","Other/Unidentified Provider","Service - No Shows","5"
"10/17/2025","Other/Unidentified Provider","Driver","2"
"10/17/2025","Other/Unidentified Provider",,"1"
"10/17/2025","Non-Transportation","Travel Services (Same Day)","7"
"10/17/2025","Non-Transportation","Travel Planning (Res)","6"
"10/17/2025","Non-Transportation","Scheduling","2"
"10/17/2025","Non-Transportation","Policy","13"
"10/17/2025","Non-Transportation","Other","1"
"10/17/2025","Non-Transportation","IT/Technology","4"
"10/17/2025","Non-Transportation","Eligibility","2"
"10/17/2025","Non-Transportation","Customer","14"
"10/17/2025","Supplemental","Vehicles","1"
"10/17/2025","Supplemental","Service - Ride Time","1"
"10/17/2025","Supplemental","Service - No Shows","11"
"10/17/2025","Supplemental","Driver","6"
"10/17/2025","Broker","Vehicles","2"
"10/17/2025","Broker","Service - Ride Time","9"
"10/17/2025","Broker","Service - Other","4"
"10/17/2025","Broker","Service - No Shows","41"
"10/17/2025","Broker","Service - Late Pickup","12"
"10/17/2025","Broker","Driver","43"
"10/17/2025","Primary","Vehicles","1"
"10/17/2025","Primary","Service - Ride Time","7"
"10/17/2025","Primary","Service - Other","1"
"10/17/2025","Primary","Service - No Shows","25"
"10/17/2025","Primary","Driver","7"
"10/16/2025","Primary","Driver","11"
"10/16/2025","Other/Unidentified Provider","Service - No Shows","3"
"10/16/2025","Other/Unidentified Provider","Service - Late Pickup","1"
"10/16/2025","Other/Unidentified Provider","Driver","3"
"10/16/2025","Non-Transportation","Travel Services (Same Day)","5"
"10/16/2025","Non-Transportation","Travel Planning (Res)","4"
"10/16/2025","Non-Transportation","Scheduling","8"
"10/16/2025","Non-Transportation","Policy","17"
"10/16/2025","Non-Transportation","IT/Technology","8"
"10/16/2025","Non-Transportation","Eligibility","2"
"10/16/2025","Non-Transportation","Customer Relations","1"
"10/16/2025","Non-Transportation","Customer","13"
"10/16/2025","Supplemental","Service - Ride Time","1"
"10/16/2025","Supplemental","Service - No Shows","5"
"10/16/2025","Supplemental","Service - Late Pickup","3"
"10/16/2025","Supplemental","Driver","5"
"10/16/2025","Broker","Vehicles","3"
"10/16/2025","Broker","Service - Ride Time","17"
"10/16/2025","Broker","Service - Other","3"
"10/16/2025","Broker","Service - No Shows","39"
"10/16/2025","Broker","Service - Late Pickup","16"
"10/16/2025","Broker","Driver","50"
"10/16/2025","Primary","Vehicles","1"
"10/16/2025","Primary","Service - Ride Time","4"
"10/16/2025","Primary","Service - Other","1"
"10/16/2025","Primary","Service - No Shows","21"
"10/16/2025","Primary","Service - Late Pickup","10"
"10/15/2025","Broker","Service - Late Pickup","9"
"10/15/2025","Other/Unidentified Provider","Service - No Shows","1"
"10/15/2025","Other/Unidentified Provider","Driver","3"
"10/15/2025","Non-Transportation","Travel Services (Same Day)","3"
"10/15/2025","Non-Transportation","Travel Planning (Res)","7"
"10/15/2025","Non-Transportation","Scheduling","2"
"10/15/2025","Non-Transportation","Policy","16"
"10/15/2025","Non-Transportation","IT/Technology","8"
"10/15/2025","Non-Transportation","Eligibility","3"
"10/15/2025","Non-Transportation","Customer Relations","1"
"10/15/2025","Non-Transportation","Customer","18"
"10/15/2025","Supplemental","Service - Ride Time","3"
"10/15/2025","Supplemental","Service - No Shows","4"
"10/15/2025","Supplemental","Driver","4"
"10/15/2025","Broker","Vehicles","4"
"10/15/2025","Broker","Service - Ride Time","9"
"10/15/2025","Broker","Service - Other","4"
"10/15/2025","Broker","Service - No Shows","34"
"10/15/2025","Broker","Driver","47"
"10/15/2025","Primary","Service - Ride Time","6"
"10/15/2025","Primary","Service - No Shows","21"
"10/15/2025","Primary","Service - Late Pickup","8"
"10/15/2025","Primary","Driver","15"
"10/14/2025","Primary","Service - Late Pickup","5"
"10/14/2025","Primary","Service - No Shows","14"
"10/14/2025","Other/Unidentified Provider","Driver","4"
"10/14/2025","Non-Transportation","Travel Services (Same Day)","2"
"10/14/2025","Non-Transportation","Travel Planning (Res)","13"
"10/14/2025","Non-Transportation","Scheduling","4"
"10/14/2025","Non-Transportation","Policy","17"
"10/14/2025","Non-Transportation","IT/Technology","11"
"10/14/2025","Non-Transportation","Eligibility","3"
"10/14/2025","Non-Transportation","Customer","32"
"10/14/2025","Supplemental","Vehicles","3"
"10/14/2025","Supplemental","Service - Ride Time","1"
"10/14/2025","Supplemental","Service - No Shows","4"
"10/14/2025","Supplemental","Driver","3"
"10/14/2025","Broker","Vehicles","1"
"10/14/2025","Broker","Service - Ride Time","12"
"10/14/2025","Broker","Service - Other","5"
"10/14/2025","Primary","Service - Ride Time","5"
"10/14/2025","Broker","Service - No Shows","28"
"10/14/2025","Broker","Service - Late Pickup","8"
"10/14/2025","Broker","Driver","45"
"10/14/2025","Primary","Driver","13"
"10/13/2025","Broker","Driver","38"
"10/13/2025","Other/Unidentified Provider","Service - No Shows","1"
"10/13/2025","Other/Unidentified Provider","Driver","1"
"10/13/2025","Non-Transportation","Travel Services (Same Day)","3"
"10/13/2025","Non-Transportation","Travel Planning (Res)","3"
"10/13/2025","Non-Transportation","Scheduling","1"
"10/13/2025","Non-Transportation","Policy","7"
"10/13/2025","Non-Transportation","IT/Technology","11"
"10/13/2025","Non-Transportation","Customer","16"
"10/13/2025","Supplemental","Service - Ride Time","3"
"10/13/2025","Supplemental","Service - No Shows","5"
"10/13/2025","Supplemental","Driver","5"
"10/13/2025","Broker","Service - Ride Time","4"
"10/13/2025","Broker","Service - Other","7"
"10/13/2025","Broker","Service - No Shows","26"
"10/13/2025","Broker","Service - Late Pickup","5"
"10/13/2025","Primary","Service - Ride Time","2"
"10/13/2025","Primary","Service - No Shows","13"
"10/13/2025","Primary","Service - Late Pickup","2"
"10/13/2025","Primary","Driver","6"
"10/12/2025","Broker","Driver","5"
"10/12/2025","Primary","Driver","1"
"10/12/2025","Other/Unidentified Provider","Service - Ride Time","1"
"10/12/2025","Non-Transportation","Travel Planning (Res)","1"
"10/12/2025","Non-Transportation","Eligibility","1"
"10/12/2025","Supplemental","Driver","1"
"10/12/2025","Broker","Service - Ride Time","2"
"10/11/2025","Broker","Service - Ride Time","1"
"10/11/2025","Broker","Service - Other","1"
"10/11/2025","Broker","Service - Late Pickup","1"
"10/11/2025","Broker","Driver","8"
"10/11/2025","Primary","Service - Ride Time","2"
"10/11/2025","Primary","Service - No Shows","5"
"10/11/2025","Primary","Service - Late Pickup","1"
"10/11/2025","Other/Unidentified Provider","Driver","1"
"10/11/2025","Non-Transportation","Policy","3"
"10/11/2025","Supplemental","Service - Ride Time","1"
"10/11/2025","Supplemental","Driver","2"
"10/11/2025","Broker","Vehicles","1"
"10/10/2025","Broker","Service - No Shows","19"
"10/10/2025","Broker","Service - Late Pickup","10"
"10/10/2025","Broker","Driver","28"
"10/10/2025","Primary","Service - Ride Time","8"
"10/10/2025","Primary","Service - No Shows","25"
"10/10/2025","Primary","Driver","9"
"10/10/2025","Primary","Service - Late Pickup","13"
"10/10/2025","Other/Unidentified Provider","Service - No Shows","1"
"10/10/2025","Other/Unidentified Provider","Service - Late Pickup","1"
"10/10/2025","Other/Unidentified Provider","Driver","2"
"10/10/2025","Non-Transportation","Travel Services (Same Day)","2"
"10/10/2025","Non-Transportation","Travel Planning (Res)","5"
"10/10/2025","Non-Transportation","Scheduling","5"
"10/10/2025","Non-Transportation","Policy","17"
"10/10/2025","Non-Transportation","IT/Technology","3"
"10/10/2025","Non-Transportation","Eligibility","1"
"10/10/2025","Non-Transportation","Customer","23"
"10/10/2025","Supplemental","Vehicles","2"
"10/10/2025","Supplemental","Service - Ride Time","6"
"10/10/2025","Supplemental","Service - Other","1"
"10/10/2025","Supplemental","Service - No Shows","7"
"10/10/2025","Supplemental","Service - Late Pickup","1"
"10/10/2025","Broker","Vehicles","1"
"10/10/2025","Broker","Service - Ride Time","8"
"10/10/2025","Broker","Service - Other","2"
"10/09/2025","Supplemental","Service - Late Pickup","4"
"10/09/2025","Other/Unidentified Provider","Service - Ride Time","1"
"10/09/2025","Other/Unidentified Provider","Service - No Shows","4"
"10/09/2025","Other/Unidentified Provider","Driver","1"
"10/09/2025","Non-Transportation","Travel Services (Same Day)","2"
"10/09/2025","Non-Transportation","Travel Planning (Res)","8"
"10/09/2025","Non-Transportation","Policy","21"
"10/09/2025","Non-Transportation","IT/Technology","7"
"10/09/2025","Non-Transportation","Customer Relations","1"
"10/09/2025","Non-Transportation","Customer","13"
"10/09/2025","Supplemental","Service - Ride Time","4"
"10/09/2025","Supplemental","Service - No Shows","11"
"10/09/2025","Supplemental","Driver","2"
"10/09/2025","Broker","Vehicles","1"
"10/09/2025","Broker","Service - Ride Time","17"
"10/09/2025","Broker","Service - Other","6"
"10/09/2025","Broker","Service - No Shows","27"
"10/09/2025","Broker","Service - Late Pickup","14"
"10/09/2025","Broker","Driver","40"
"10/09/2025","Primary","Vehicles","2"
"10/09/2025","Primary","Service - Ride Time","8"
"10/09/2025","Primary","Service - Other","1"
"10/09/2025","Primary","Service - No Shows","15"
"10/09/2025","Primary","Service - Late Pickup","11"
"10/09/2025","Primary","Driver","8"
"10/08/2025","Primary","Service - Late Pickup","7"
"10/08/2025","Other/Unidentified Provider","Service - No Shows","1"
"10/08/2025","Other/Unidentified Provider",,"3"
"10/08/2025","Non-Transportation","Travel Services (Same Day)","3"
"10/08/2025","Non-Transportation","Travel Planning (Res)","4"
"10/08/2025","Non-Transportation","Scheduling","3"
"10/08/2025","Non-Transportation","Policy","17"
"10/08/2025","Non-Transportation","IT/Technology","4"
"10/08/2025","Non-Transportation","Customer","12"
"10/08/2025","Primary","Driver","7"
"10/08/2025","Supplemental","Service - Ride Time","1"
"10/08/2025","Supplemental","Service - No Shows","4"
"10/08/2025","Supplemental","Service - Late Pickup","3"
"10/08/2025","Supplemental","Driver","7"
"10/08/2025","Broker","Service - Ride Time","8"
"10/08/2025","Broker","Service - Other","3"
"10/08/2025","Broker","Service - No Shows","28"
"10/08/2025","Broker","Service - Late Pickup","8"
"10/08/2025","Broker","Driver","35"
"10/08/2025","Primary","Service - Ride Time","3"
"10/08/2025","Primary","Service - Other","1"
"10/08/2025","Primary","Service - No Shows","13"
"10/07/2025","Supplemental","Driver","7"
"10/07/2025","Non-Transportation","Travel Services (Same Day)","2"
"10/07/2025","Non-Transportation","Travel Planning (Res)","6"
"10/07/2025","Non-Transportation","Scheduling","3"
"10/07/2025","Non-Transportation","Policy","21"
"10/07/2025","Non-Transportation","IT/Technology","12"
"10/07/2025","Non-Transportation","Eligibility","3"
"10/07/2025","Non-Transportation","Customer","23"
"10/07/2025","Supplemental","Vehicles","3"
"10/07/2025","Supplemental","Service - Ride Time","4"
"10/07/2025","Supplemental","Service - No Shows","5"
"10/07/2025","Supplemental","Service - Late Pickup","5"
"10/07/2025","Broker","Vehicles","2"
"10/07/2025","Broker","Service - Ride Time","15"
"10/07/2025","Broker","Service - Other","2"
"10/07/2025","Broker","Service - No Shows","33"
"10/07/2025","Broker","Service - Late Pickup","12"
"10/07/2025","Broker","Driver","44"
"10/07/2025","Primary","Vehicles","1"
"10/07/2025","Primary","Service - Ride Time","10"
"10/07/2025","Primary","Service - Other","1"
"10/07/2025","Primary","Service - No Shows","17"
"10/07/2025","Primary","Service - Late Pickup","7"
"10/07/2025","Primary","Driver","14"
"10/06/2025","Supplemental","Vehicles","1"
"10/06/2025","Other/Unidentified Provider","Driver","1"
"10/06/2025","Non-Transportation","Travel Services (Same Day)","4"
"10/06/2025","Non-Transportation","Travel Planning (Res)","5"
"10/06/2025","Non-Transportation","Scheduling","2"
"10/06/2025","Non-Transportation","Policy","12"
"10/06/2025","Non-Transportation","IT/Technology","6"
"10/06/2025","Non-Transportation","Eligibility","10"
"10/06/2025","Non-Transportation","Customer Relations","1"
"10/06/2025","Non-Transportation","Customer","18"
"10/06/2025","Supplemental","Service - Other","2"
"10/06/2025","Supplemental","Service - No Shows","7"
"10/06/2025","Supplemental","Service - Late Pickup","2"
"10/06/2025","Supplemental","Driver","5"
"10/06/2025","Broker","Service - Ride Time","4"
"10/06/2025","Broker","Service - Other","5"
"10/06/2025","Broker","Service - No Shows","48"
"10/06/2025","Broker","Service - Late Pickup","16"
"10/06/2025","Broker","Driver","51"
"10/06/2025","Primary","Vehicles","2"
"10/06/2025","Primary","Service - Ride Time","13"
"10/06/2025","Primary","Service - No Shows","17"
"10/06/2025","Primary","Service - Late Pickup","10"
"10/06/2025","Primary","Driver","4"
"10/05/2025","Supplemental","Vehicles","2"
"10/05/2025","Supplemental","Service - Late Pickup","1"
"10/05/2025","Non-Transportation","Travel Services (Same Day)","1"
"10/05/2025","Supplemental","Driver","1"
"10/05/2025","Broker","Service - No Shows","1"
"10/05/2025","Broker","Service - Late Pickup","1"
"10/05/2025","Broker","Driver","1"
"10/05/2025","Primary","Service - Ride Time","1"
"10/04/2025","Broker","Service - Other","1"
"10/04/2025","Broker","Driver","3"
"10/04/2025","Broker","Service - No Shows","2"
"10/04/2025","Primary","Driver","1"
"10/04/2025","Non-Transportation","Policy","2"
"10/04/2025","Non-Transportation","Customer","1"
"10/04/2025","Supplemental","Vehicles","1"
"10/04/2025","Supplemental","Service - Ride Time","1"
"10/04/2025","Broker","Vehicles","1"
"10/04/2025","Broker","Service - Ride Time","1"
"10/03/2025","Supplemental","Driver","5"
"10/03/2025","Other/Unidentified Provider","Driver","1"
"10/03/2025","Non-Transportation","Travel Services (Same Day)","5"
"10/03/2025","Non-Transportation","Travel Planning (Res)","4"
"10/03/2025","Non-Transportation","Scheduling","7"
"10/03/2025","Non-Transportation","Policy","10"
"10/03/2025","Non-Transportation","IT/Technology","1"
"10/03/2025","Non-Transportation","Eligibility","3"
"10/03/2025","Non-Transportation","Customer","15"
"10/03/2025","Supplemental","Vehicles","2"
"10/03/2025","Supplemental","Service - Ride Time","3"
"10/03/2025","Supplemental","Service - Other","1"
"10/03/2025","Supplemental","Service - No Shows","5"
"10/03/2025","Supplemental","Service - Late Pickup","3"
"10/03/2025","Broker","Vehicles","1"
"10/03/2025","Broker","Service - Ride Time","14"
"10/03/2025","Broker","Service - Other","2"
"10/03/2025","Broker","Service - No Shows","24"
"10/03/2025","Broker","Service - Late Pickup","8"
"10/03/2025","Broker","Driver","43"
"10/03/2025","Primary","Service - Ride Time","6"
"10/03/2025","Primary","Service - No Shows","18"
"10/03/2025","Primary","Service - Late Pickup","6"
"10/03/2025","Primary","Driver","10"
"10/02/2025","Primary","Service - No Shows","11"
"10/02/2025","Other/Unidentified Provider","Driver","1"
"10/02/2025","Non-Transportation","Travel Services (Same Day)","1"
"10/02/2025","Non-Transportation","Travel Planning (Res)","3"
"10/02/2025","Non-Transportation","Scheduling","7"
"10/02/2025","Non-Transportation","Policy","18"
"10/02/2025","Non-Transportation","IT/Technology","6"
"10/02/2025","Non-Transportation","Eligibility","2"
"10/02/2025","Non-Transportation","Customer Relations","3"
"10/02/2025","Non-Transportation","Customer","22"
"10/02/2025","Supplemental","Vehicles","1"
"10/02/2025","Supplemental","Service - Ride Time","1"
"10/02/2025","Supplemental","Service - Other","1"
"10/02/2025","Primary","Driver","13"
"10/02/2025","Supplemental","Service - No Shows","2"
"10/02/2025","Primary","Service - Late Pickup","3"
"10/02/2025","Supplemental","Driver","2"
"10/02/2025","Broker","Vehicles","1"
"10/02/2025","Broker","Service - Ride Time","11"
"10/02/2025","Broker","Service - Other","3"
"10/02/2025","Broker","Service - No Shows","35"
"10/02/2025","Broker","Service - Late Pickup","5"
"10/02/2025","Broker","Driver","30"
"10/02/2025","Primary","Service - Ride Time","7"
"10/02/2025","Primary","Service - Other","2"
"10/01/2025","Supplemental","Service - Late Pickup","1"
"10/01/2025","Other/Unidentified Provider",,"3"
"10/01/2025","Non-Transportation","Travel Services (Same Day)","6"
"10/01/2025","Non-Transportation","Travel Planning (Res)","5"
"10/01/2025","Non-Transportation","Scheduling","4"
"10/01/2025","Non-Transportation","Policy","26"
"10/01/2025","Non-Transportation","IT/Technology","5"
"10/01/2025","Non-Transportation","Eligibility","1"
"10/01/2025","Non-Transportation","Customer","11"
"10/01/2025","Supplemental","Vehicles","2"
"10/01/2025","Supplemental","Service - Ride Time","1"
"10/01/2025","Supplemental","Service - No Shows","5"
"10/01/2025","Supplemental","Driver","7"
"10/01/2025","Broker","Vehicles","3"
"10/01/2025","Broker","Service - Ride Time","18"
"10/01/2025","Broker","Service - Other","1"
"10/01/2025","Broker","Service - No Shows","27"
"10/01/2025","Broker","Service - Late Pickup","8"
"10/01/2025","Broker","Driver","36"
"10/01/2025","Primary","Service - Ride Time","9"
"10/01/2025","Primary","Service - Other","1"
"10/01/2025","Primary","Service - No Shows","14"
"10/01/2025","Primary","Service - Late Pickup","6"
"10/01/2025","Primary","Driver","11"
"09/30/2025","Primary","Driver","14"
"09/30/2025","Other/Unidentified Provider","Driver","3"
"09/30/2025","Non-Transportation","Travel Services (Same Day)","11"
"09/30/2025","Non-Transportation","Travel Planning (Res)","5"
"09/30/2025","Non-Transportation","Scheduling","4"
"09/30/2025","Non-Transportation","Policy","11"
"09/30/2025","Non-Transportation","IT/Technology","14"
"09/30/2025","Non-Transportation","Eligibility","1"
"09/30/2025","Non-Transportation","Customer Relations","1"
"09/30/2025","Non-Transportation","Customer","17"
"09/30/2025","Supplemental","Vehicles","2"
"09/30/2025","Supplemental","Service - Ride Time","3"
"09/30/2025","Supplemental","Service - Other","1"
"09/30/2025","Supplemental","Service - No Shows","5"
"09/30/2025","Supplemental","Driver","8"
"09/30/2025","Broker","Vehicles","2"
"09/30/2025","Broker","Service - Ride Time","11"
"09/30/2025","Broker","Service - Other","5"
"09/30/2025","Broker","Service - No Shows","42"
"09/30/2025","Broker","Service - Late Pickup","17"
"09/30/2025","Broker","Driver","39"
"09/30/2025","Primary","Service - Ride Time","5"
"09/30/2025","Primary","Service - No Shows","13"
"09/30/2025","Primary","Service - Late Pickup","9"
"09/29/2025","Non-Transportation","Customer Relations","1"
"09/29/2025","Other/Unidentified Provider","Service - No Shows","2"
"09/29/2025","Other/Unidentified Provider","Service - Late Pickup","1"
"09/29/2025","Other/Unidentified Provider","Driver","1"
"09/29/2025","Non-Transportation","Travel Services (Same Day)","12"
"09/29/2025","Non-Transportation","Travel Planning (Res)","8"
"09/29/2025","Non-Transportation","Scheduling","10"
"09/29/2025","Non-Transportation","Policy","20"
"09/29/2025","Non-Transportation","IT/Technology","2"
"09/29/2025","Non-Transportation","Eligibility","1"
"09/29/2025","Non-Transportation","Customer","14"
"09/29/2025","Supplemental","Vehicles","2"
"09/29/2025","Supplemental","Service - Ride Time","3"
"09/29/2025","Supplemental","Service - Other","1"
"09/29/2025","Supplemental","Service - No Shows","12"
"09/29/2025","Supplemental","Driver","11"
"09/29/2025","Broker","Vehicles","3"
"09/29/2025","Broker","Service - Ride Time","22"
"09/29/2025","Broker","Service - Other","1"
"09/29/2025","Broker","Service - No Shows","48"
"09/29/2025","Broker","Service - Late Pickup","13"
"09/29/2025","Broker","Driver","49"
"09/29/2025","Primary","Vehicles","2"
"09/29/2025","Primary","Service - Ride Time","5"
"09/29/2025","Primary","Service - No Shows","27"
"09/29/2025","Primary","Service - Late Pickup","10"
"09/29/2025","Primary","Driver","9"
"09/28/2025","Non-Transportation","IT/Technology","1"
"09/28/2025","Non-Transportation","Customer","1"
"09/28/2025","Broker","Service - No Shows","16"
"09/28/2025","Broker","Service - Late Pickup","2"
"09/28/2025","Broker","Driver","4"
"09/28/2025","Primary","Service - Late Pickup","1"
"09/28/2025","Primary","Driver","1"
"09/28/2025","Non-Transportation","Scheduling","1"
"09/27/2025","Non-Transportation","Scheduling","2"
"09/27/2025","Non-Transportation","Policy","1"
"09/27/2025","Non-Transportation","IT/Technology","1"
"09/27/2025","Non-Transportation","Customer","1"
"09/27/2025","Supplemental","Driver","2"
"09/27/2025","Broker","Service - No Shows","2"
"09/27/2025","Broker","Driver","2"
"09/27/2025","Primary","Service - No Shows","1"
"09/27/2025","Primary","Service - Late Pickup","1"
"09/27/2025","Primary","Driver","1"
"09/27/2025","Non-Transportation","Travel Services (Same Day)","1"
"09/26/2025","Primary","Service - Other","1"
"09/26/2025","Primary","Service - Late Pickup","4"
"09/26/2025","Primary","Service - No Shows","17"
"09/26/2025","Non-Transportation","Travel Services (Same Day)","4"
"09/26/2025","Non-Transportation","Travel Planning (Res)","3"
"09/26/2025","Non-Transportation","Scheduling","4"
"09/26/2025","Primary","Driver","10"
"09/26/2025","Non-Transportation","Policy","7"
"09/26/2025","Non-Transportation","IT/Technology","4"
"09/26/2025","Non-Transportation","Customer Relations","2"
"09/26/2025","Non-Transportation","Customer","14"
"09/26/2025","Supplemental","Service - Ride Time","2"
"09/26/2025","Supplemental","Service - No Shows","5"
"09/26/2025","Supplemental","Driver","6"
"09/26/2025","Broker","Vehicles","2"
"09/26/2025","Broker","Service - Ride Time","9"
"09/26/2025","Broker","Service - Other","3"
"09/26/2025","Broker","Service - No Shows","26"
"09/26/2025","Broker","Service - Late Pickup","13"
"09/26/2025","Broker","Driver","39"
"09/26/2025","Primary","Service - Ride Time","6"
"09/25/2025","Supplemental","Service - No Shows","6"
"09/25/2025","Other/Unidentified Provider","Service - Ride Time","1"
"09/25/2025","Other/Unidentified Provider","Service - Late Pickup","1"
"09/25/2025","Non-Transportation","Travel Services (Same Day)","7"
"09/25/2025","Non-Transportation","Travel Planning (Res)","6"
"09/25/2025","Non-Transportation","Scheduling","6"
"09/25/2025","Non-Transportation","Policy","22"
"09/25/2025","Non-Transportation","IT/Technology","3"
"09/25/2025","Non-Transportation","Eligibility","3"
"09/25/2025","Non-Transportation","Customer","15"
"09/25/2025","Supplemental","Service - Ride Time","3"
"09/25/2025","Supplemental","Service - Other","3"
"09/25/2025","Supplemental","Service - Late Pickup","1"
"09/25/2025","Supplemental","Driver","5"
"09/25/2025","Broker","Vehicles","3"
"09/25/2025","Broker","Service - Ride Time","14"
"09/25/2025","Broker","Service - Other","3"
"09/25/2025","Broker","Service - No Shows","34"
"09/25/2025","Broker","Service - Late Pickup","11"
"09/25/2025","Broker","Driver","51"
"09/25/2025","Primary","Service - Ride Time","4"
"09/25/2025","Primary","Service - Other","1"
"09/25/2025","Primary","Service - No Shows","17"
"09/25/2025","Primary","Service - Late Pickup","9"
"09/25/2025","Primary","Driver","7"
"09/24/2025","Primary","Driver","13"
"09/24/2025","Other/Unidentified Provider","Service - Other","1"
"09/24/2025","Other/Unidentified Provider","Driver","2"
"09/24/2025","Non-Transportation","Travel Services (Same Day)","2"
"09/24/2025","Non-Transportation","Travel Planning (Res)","5"
"09/24/2025","Non-Transportation","Scheduling","1"
"09/24/2025","Non-Transportation","Policy","15"
"09/24/2025","Non-Transportation","IT/Technology","6"
"09/24/2025","Non-Transportation","Eligibility","2"
"09/24/2025","Non-Transportation","Customer","14"
"09/24/2025","Supplemental","Service - Ride Time","4"
"09/24/2025","Supplemental","Service - Other","2"
"09/24/2025","Supplemental","Service - No Shows","11"
"09/24/2025","Supplemental","Service - Late Pickup","1"
"09/24/2025","Supplemental","Driver","1"
"09/24/2025","Broker","Vehicles","4"
"09/24/2025","Broker","Service - Ride Time","8"
"09/24/2025","Broker","Service - Other","5"
"09/24/2025","Broker","Service - No Shows","27"
"09/24/2025","Broker","Service - Late Pickup","7"
"09/24/2025","Broker","Driver","29"
"09/24/2025","Primary","Service - Ride Time","9"
"09/24/2025","Primary","Service - Other","1"
"09/24/2025","Primary","Service - No Shows","11"
"09/24/2025","Primary","Service - Late Pickup","3"
"09/23/2025","Non-Transportation","Policy","23"
"09/23/2025","Other/Unidentified Provider","Vehicles","1"
"09/23/2025","Other/Unidentified Provider","Service - Other","1"
"09/23/2025","Other/Unidentified Provider","Service - No Shows","1"
"09/23/2025","Other/Unidentified Provider","Service - Late Pickup","1"
"09/23/2025","Other/Unidentified Provider","Driver","3"
"09/23/2025","Non-Transportation","Travel Services (Same Day)","11"
"09/23/2025","Non-Transportation","Travel Planning (Res)","6"
"09/23/2025","Non-Transportation","Scheduling","4"
"09/23/2025","Non-Transportation","IT/Technology","4"
"09/23/2025","Non-Transportation","Eligibility","1"
"09/23/2025","Non-Transportation","Customer Relations","3"
"09/23/2025","Non-Transportation","Customer","16"
"09/23/2025","Supplemental","Vehicles","2"
"09/23/2025","Supplemental","Service - Ride Time","3"
"09/23/2025","Supplemental","Service - No Shows","11"
"09/23/2025","Supplemental","Service - Late Pickup","1"
"09/23/2025","Supplemental","Driver","8"
"09/23/2025","Broker","Vehicles","3"
"09/23/2025","Broker","Service - Ride Time","7"
"09/23/2025","Broker","Service - Other","2"
"09/23/2025","Broker","Service - No Shows","37"
"09/23/2025","Broker","Service - Late Pickup","12"
"09/23/2025","Broker","Driver","34"
"09/23/2025","Primary","Service - Ride Time","10"
"09/23/2025","Primary","Service - Other","1"
"09/23/2025","Primary","Service - No Shows","16"
"09/23/2025","Primary","Service - Late Pickup","3"
"09/23/2025","Primary","Driver","11"
"09/22/2025","Primary","Service - Other","1"
"09/22/2025","Primary","Service - No Shows","24"
"09/22/2025","Primary","Service - Late Pickup","12"
"09/22/2025","Primary","Driver","13"
"09/22/2025","Non-Transportation","Travel Services (Same Day)","9"
"09/22/2025","Non-Transportation","Travel Planning (Res)","11"
"09/22/2025","Non-Transportation","Scheduling","5"
"09/22/2025","Non-Transportation","Policy","18"
"09/22/2025","Non-Transportation","IT/Technology","8"
"09/22/2025","Non-Transportation","Eligibility","2"
"09/22/2025","Non-Transportation","Customer Relations","2"
"09/22/2025","Non-Transportation","Customer","22"
"09/22/2025","Supplemental","Vehicles","1"
"09/22/2025","Supplemental","Service - Ride Time","4"
"09/22/2025","Supplemental","Service - Other","1"
"09/22/2025","Supplemental","Service - No Shows","11"
"09/22/2025","Supplemental","Service - Late Pickup","2"
"09/22/2025","Other/Unidentified Provider","Service - No Shows","5"
"09/22/2025","Supplemental","Driver","2"
"09/22/2025","Broker","Vehicles","2"
"09/22/2025","Broker","Service - Ride Time","17"
"09/22/2025","Broker","Service - Other","7"
"09/22/2025","Broker","Service - No Shows","49"
"09/22/2025","Broker","Service - Late Pickup","17"
"09/22/2025","Broker","Driver","51"
"09/22/2025","Other/Unidentified Provider","Service - Late Pickup","1"
"09/22/2025","Primary","Service - Ride Time","14"
"09/22/2025","Other/Unidentified Provider","Driver","5"
"09/21/2025","Broker","Service - Late Pickup","1"
"09/21/2025","Primary","Service - No Shows","1"
"09/21/2025","Primary","Service - Late Pickup","1"
"09/21/2025","Primary","Driver","1"
"09/21/2025","Non-Transportation","Policy","1"
"09/21/2025","Non-Transportation","IT/Technology","1"
"09/21/2025","Supplemental","Driver","1"
"09/21/2025","Broker","Service - No Shows","3"
"09/21/2025","Broker","Driver","4"
"09/20/2025","Non-Transportation","Travel Services (Same Day)","1"
"09/20/2025","Non-Transportation","Scheduling","1"
"09/20/2025","Non-Transportation","Policy","3"
"09/20/2025","Non-Transportation","IT/Technology","1"
"09/20/2025","Supplemental","Service - No Shows","1"
"09/20/2025","Broker","Service - Ride Time","1"
"09/20/2025","Broker","Service - No Shows","1"
"09/20/2025","Broker","Driver","3"
"09/20/2025","Primary","Driver","1"
"09/19/2025","Primary","Driver","9"
"09/19/2025","Other/Unidentified Provider","Service - No Shows","2"
"09/19/2025","Other/Unidentified Provider","Service - Late Pickup","1"
"09/19/2025","Other/Unidentified Provider","Driver","2"
"09/19/2025","Other/Unidentified Provider",,"1"
"09/19/2025","Non-Transportation","Travel Services (Same Day)","5"
"09/19/2025","Non-Transportation","Travel Planning (Res)","4"
"09/19/2025","Non-Transportation","Policy","15"
"09/19/2025","Non-Transportation","IT/Technology","3"
"09/19/2025","Non-Transportation","Eligibility","2"
"09/19/2025","Non-Transportation","Customer Relations","1"
"09/19/2025","Non-Transportation","Customer","18"
"09/19/2025","Supplemental","Vehicles","3"
"09/19/2025","Supplemental","Service - Ride Time","2"
"09/19/2025","Supplemental","Service - No Shows","2"
"09/19/2025","Supplemental","Driver","9"
"09/19/2025","Broker","Vehicles","3"
"09/19/2025","Broker","Service - Ride Time","16"
"09/19/2025","Broker","Service - Other","3"
"09/19/2025","Broker","Service - No Shows","27"
"09/19/2025","Broker","Service - Late Pickup","16"
"09/19/2025","Broker","Driver","38"
"09/19/2025","Primary","Service - Ride Time","5"
"09/19/2025","Primary","Service - No Shows","18"
"09/19/2025","Primary","Service - Late Pickup","10"
"09/18/2025","Primary","Service - No Shows","21"
"09/18/2025","Other/Unidentified Provider","Driver","3"
"09/18/2025","Non-Transportation","Travel Services (Same Day)","8"
"09/18/2025","Non-Transportation","Travel Planning (Res)","4"
"09/18/2025","Non-Transportation","Scheduling","4"
"09/18/2025","Non-Transportation","Policy","20"
"09/18/2025","Non-Transportation","IT/Technology","5"
"09/18/2025","Non-Transportation","Eligibility","3"
"09/18/2025","Non-Transportation","Customer Relations","1"
"09/18/2025","Non-Transportation","Customer","21"
"09/18/2025","Supplemental","Vehicles","4"
"09/18/2025","Supplemental","Service - Ride Time","2"
"09/18/2025","Supplemental","Service - Other","1"
"09/18/2025","Supplemental","Service - No Shows","5"
"09/18/2025","Supplemental","Driver","1"
"09/18/2025","Broker","Vehicles","2"
"09/18/2025","Broker","Service - Ride Time","14"
"09/18/2025","Broker","Service - Other","8"
"09/18/2025","Broker","Service - No Shows","55"
"09/18/2025","Broker","Service - Late Pickup","11"
"09/18/2025","Broker","Driver","57"
"09/18/2025","Primary","Service - Ride Time","7"
"09/18/2025","Primary","Service - Other","2"
"09/18/2025","Primary","Service - Late Pickup","12"
"09/18/2025","Primary","Driver","14"
"09/17/2025","Primary","Service - Late Pickup","4"
"09/17/2025","Other/Unidentified Provider","Vehicles","1"
"09/17/2025","Other/Unidentified Provider","Service - Ride Time","2"
"09/17/2025","Other/Unidentified Provider","Service - Other","2"
"09/17/2025","Other/Unidentified Provider","Service - No Shows","2"
"09/17/2025","Other/Unidentified Provider","Driver","2"
"09/17/2025","Non-Transportation","Travel Services (Same Day)","4"
"09/17/2025","Non-Transportation","Travel Planning (Res)","6"
"09/17/2025","Non-Transportation","Scheduling","3"
"09/17/2025","Non-Transportation","Policy","18"
"09/17/2025","Non-Transportation","IT/Technology","6"
"09/17/2025","Non-Transportation","Eligibility","3"
"09/17/2025","Non-Transportation","Customer Relations","1"
"09/17/2025","Non-Transportation","Customer","15"
"09/17/2025","Supplemental","Service - Ride Time","1"
"09/17/2025","Supplemental","Service - Other","2"
"09/17/2025","Supplemental","Service - No Shows","6"
"09/17/2025","Supplemental","Service - Late Pickup","2"
"09/17/2025","Supplemental","Driver","7"
"09/17/2025","Broker","Vehicles","2"
"09/17/2025","Broker","Service - Ride Time","14"
"09/17/2025","Broker","Service - Other","2"
"09/17/2025","Broker","Service - No Shows","30"
"09/17/2025","Broker","Service - Late Pickup","20"
"09/17/2025","Broker","Driver","34"
"09/17/2025","Primary","Vehicles","1"
"09/17/2025","Primary","Service - Ride Time","15"
"09/17/2025","Primary","Driver","8"
"09/17/2025","Primary","Service - No Shows","14"
"09/16/2025","Broker","Service - Late Pickup","20"
"09/16/2025","Other/Unidentified Provider","Service - Other","1"
"09/16/2025","Other/Unidentified Provider","Service - Late Pickup","1"
"09/16/2025","Other/Unidentified Provider","Driver","1"
"09/16/2025","Non-Transportation","Travel Services (Same Day)","7"
"09/16/2025","Non-Transportation","Travel Planning (Res)","5"
"09/16/2025","Non-Transportation","Scheduling","7"
"09/16/2025","Non-Transportation","Policy","12"
"09/16/2025","Non-Transportation","IT/Technology","6"
"09/16/2025","Non-Transportation","Eligibility","3"
"09/16/2025","Non-Transportation","Customer","14"
"09/16/2025","Supplemental","Vehicles","4"
"09/16/2025","Supplemental","Service - Ride Time","3"
"09/16/2025","Supplemental","Service - Other","2"
"09/16/2025","Supplemental","Service - No Shows","10"
"09/16/2025","Supplemental","Service - Late Pickup","2"
"09/16/2025","Supplemental","Driver","9"
"09/16/2025","Broker","Service - Ride Time","18"
"09/16/2025","Broker","Service - Other","3"
"09/16/2025","Broker","Service - No Shows","35"
"09/16/2025","Broker","Driver","53"
"09/16/2025","Primary","Vehicles","1"
"09/16/2025","Primary","Service - Ride Time","13"
"09/16/2025","Primary","Service - Other","1"
"09/16/2025","Primary","Service - No Shows","22"
"09/16/2025","Primary","Service - Late Pickup","9"
"09/16/2025","Primary","Driver","15"
"09/15/2025","Non-Transportation","Customer","25"
"09/15/2025","Other/Unidentified Provider","Service - Other","2"
"09/15/2025","Other/Unidentified Provider","Service - Late Pickup","2"
"09/15/2025","Other/Unidentified Provider","Driver","1"
"09/15/2025","Non-Transportation","Travel Services (Same Day)","6"
"09/15/2025","Non-Transportation","Travel Planning (Res)","3"
"09/15/2025","Non-Transportation","Scheduling","6"
"09/15/2025","Non-Transportation","Policy","17"
"09/15/2025","Non-Transportation","IT/Technology","5"
"09/15/2025","Non-Transportation","Eligibility","4"
"09/15/2025","Supplemental","Vehicles","3"
"09/15/2025","Supplemental","Service - Ride Time","4"
"09/15/2025","Supplemental","Service - Other","1"
"09/15/2025","Supplemental","Service - No Shows","9"
"09/15/2025","Supplemental","Service - Late Pickup","2"
"09/15/2025","Supplemental","Driver","7"
"09/15/2025","Broker","Vehicles","1"
"09/15/2025","Broker","Service - Ride Time","11"
"09/15/2025","Broker","Service - Other","6"
"09/15/2025","Broker","Service - No Shows","53"
"09/15/2025","Broker","Service - Late Pickup","11"
"09/15/2025","Broker","Driver","50"
"09/15/2025","Primary","Service - Ride Time","5"
"09/15/2025","Primary","Service - No Shows","20"
"09/15/2025","Primary","Service - Late Pickup","13"
"09/15/2025","Primary","Driver","11"
"09/14/2025","Non-Transportation","Travel Planning (Res)","1"
"09/14/2025","Non-Transportation","IT/Technology","2"
"09/14/2025","Supplemental","Driver","1"
"09/14/2025","Broker","Service - No Shows","2"
"09/14/2025","Broker","Driver","2"
"09/14/2025","Primary","Service - Ride Time","1"
"09/14/2025","Primary","Driver","1"
"09/13/2025","Supplemental","Service - Late Pickup","1"
"09/13/2025","Broker","Driver","1"
"09/13/2025","Broker","Service - Other","1"
"09/13/2025","Broker","Service - No Shows","1"
"09/13/2025","Non-Transportation","Travel Planning (Res)","1"
"09/13/2025","Non-Transportation","Policy","1"
"09/13/2025","Non-Transportation","IT/Technology","1"
"09/13/2025","Supplemental","Vehicles","1"
"09/13/2025","Supplemental","Service - No Shows","3"
"09/12/2025","Broker","Vehicles","2"
"09/12/2025","Other/Unidentified Provider","Service - No Shows","2"
"09/12/2025","Other/Unidentified Provider","Driver","1"
"09/12/2025","Non-Transportation","Travel Services (Same Day)","7"
"09/12/2025","Non-Transportation","Travel Planning (Res)","3"
"09/12/2025","Non-Transportation","Scheduling","1"
"09/12/2025","Non-Transportation","Policy","9"
"09/12/2025","Non-Transportation","IT/Technology","5"
"09/12/2025","Non-Transportation","Eligibility","5"
"09/12/2025","Non-Transportation","Customer Relations","1"
"09/12/2025","Non-Transportation","Customer","11"
"09/12/2025","Supplemental","Service - Ride Time","2"
"09/12/2025","Supplemental","Service - No Shows","5"
"09/12/2025","Supplemental","Service - Late Pickup","4"
"09/12/2025","Supplemental","Driver","3"
"09/12/2025","Broker","Service - Ride Time","10"
"09/12/2025","Broker","Service - Other","3"
"09/12/2025","Broker","Service - No Shows","27"
"09/12/2025","Broker","Service - Late Pickup","11"
"09/12/2025","Broker","Driver","33"
"09/12/2025","Primary","Service - Ride Time","11"
"09/12/2025","Primary","Service - Other","2"
"09/12/2025","Primary","Service - No Shows","15"
"09/12/2025","Primary","Service - Late Pickup","11"
"09/12/2025","Primary","Driver","7"
"09/11/2025","Primary","Service - No Shows","18"
"09/11/2025","Other/Unidentified Provider","Service - No Shows","4"
"09/11/2025","Other/Unidentified Provider","Driver","2"
"09/11/2025","Non-Transportation","Travel Services (Same Day)","5"
"09/11/2025","Non-Transportation","Travel Planning (Res)","6"
"09/11/2025","Non-Transportation","Scheduling","5"
"09/11/2025","Non-Transportation","Policy","16"
"09/11/2025","Non-Transportation","IT/Technology","7"
"09/11/2025","Non-Transportation","Eligibility","2"
"09/11/2025","Non-Transportation","Customer Relations","1"
"09/11/2025","Non-Transportation","Customer","15"
"09/11/2025","Supplemental","Vehicles","1"
"09/11/2025","Supplemental","Service - Ride Time","3"
"09/11/2025","Supplemental","Service - No Shows","7"
"09/11/2025","Supplemental","Service - Late Pickup","1"
"09/11/2025","Supplemental","Driver","3"
"09/11/2025","Primary","Service - Late Pickup","11"
"09/11/2025","Broker","Vehicles","3"
"09/11/2025","Broker","Service - Ride Time","14"
"09/11/2025","Broker","Service - Other","4"
"09/11/2025","Primary","Driver","8"
"09/11/2025","Broker","Service - No Shows","34"
"09/11/2025","Broker","Service - Late Pickup","23"
"09/11/2025","Broker","Driver","52"
"09/11/2025","Primary","Service - Ride Time","7"
"09/11/2025","Primary","Service - Other","3"
"09/10/2025","Broker","Vehicles","6"
"09/10/2025","Other/Unidentified Provider","Service - No Shows","3"
"09/10/2025","Other/Unidentified Provider","Driver","2"
"09/10/2025","Other/Unidentified Provider",,"1"
"09/10/2025","Non-Transportation","Travel Services (Same Day)","6"
"09/10/2025","Non-Transportation","Travel Planning (Res)","7"
"09/10/2025","Non-Transportation","Scheduling","5"
"09/10/2025","Non-Transportation","Policy","16"
"09/10/2025","Non-Transportation","IT/Technology","3"
"09/10/2025","Non-Transportation","Eligibility","1"
"09/10/2025","Non-Transportation","Customer","19"
"09/10/2025","Supplemental","Vehicles","2"
"09/10/2025","Supplemental","Service - Ride Time","4"
"09/10/2025","Supplemental","Service - No Shows","5"
"09/10/2025","Supplemental","Service - Late Pickup","1"
"09/10/2025","Supplemental","Driver","5"
"09/10/2025","Broker","Service - Ride Time","24"
"09/10/2025","Broker","Service - Other","12"
"09/10/2025","Broker","Service - No Shows","45"
"09/10/2025","Broker","Service - Late Pickup","21"
"09/10/2025","Broker","Driver","44"
"09/10/2025","Primary","Vehicles","2"
"09/10/2025","Primary","Service - Ride Time","11"
"09/10/2025","Primary","Service - Other","1"
"09/10/2025","Primary","Service - No Shows","16"
"09/10/2025","Primary","Service - Late Pickup","19"
"09/10/2025","Primary","Driver","8"
"09/09/2025","Primary","Driver","9"
"09/09/2025","Other/Unidentified Provider","Vehicles","1"
"09/09/2025","Other/Unidentified Provider","Service - No Shows","3"
"09/09/2025","Non-Transportation","Travel Services (Same Day)","8"
"09/09/2025","Non-Transportation","Travel Planning (Res)","8"
"09/09/2025","Non-Transportation","Scheduling","8"
"09/09/2025","Non-Transportation","Policy","20"
"09/09/2025","Non-Transportation","IT/Technology","4"
"09/09/2025","Non-Transportation","Eligibility","4"
"09/09/2025","Non-Transportation","Customer Relations","1"
"09/09/2025","Non-Transportation","Customer","21"
"09/09/2025","Supplemental","Vehicles","1"
"09/09/2025","Supplemental","Service - Ride Time","4"
"09/09/2025","Supplemental","Service - No Shows","4"
"09/09/2025","Supplemental","Driver","10"
"09/09/2025","Broker","Vehicles","2"
"09/09/2025","Broker","Service - Ride Time","26"
"09/09/2025","Broker","Service - Other","4"
"09/09/2025","Broker","Service - No Shows","50"
"09/09/2025","Broker","Service - Late Pickup","11"
"09/09/2025","Broker","Driver","58"
"09/09/2025","Primary","Vehicles","2"
"09/09/2025","Primary","Service - Ride Time","12"
"09/09/2025","Primary","Service - No Shows","22"
"09/09/2025","Primary","Service - Late Pickup","13"
"09/08/2025","Non-Transportation","IT/Technology","9"
"09/08/2025","Other/Unidentified Provider","Service - No Shows","2"
"09/08/2025","Other/Unidentified Provider","Driver","4"
"09/08/2025","Non-Transportation","Travel Services (Same Day)","7"
"09/08/2025","Non-Transportation","Travel Planning (Res)","2"
"09/08/2025","Non-Transportation","Scheduling","9"
"09/08/2025","Non-Transportation","Policy","19"
"09/08/2025","Non-Transportation","Eligibility","7"
"09/08/2025","Non-Transportation","Customer","14"
"09/08/2025","Supplemental","Vehicles","3"
"09/08/2025","Supplemental","Service - No Shows","7"
"09/08/2025","Supplemental","Service - Late Pickup","3"
"09/08/2025","Supplemental","Driver","4"
"09/08/2025","Broker","Vehicles","2"
"09/08/2025","Broker","Service - Ride Time","21"
"09/08/2025","Broker","Service - Other","5"
"09/08/2025","Broker","Service - No Shows","43"
"09/08/2025","Broker","Service - Late Pickup","13"
"09/08/2025","Broker","Driver","39"
"09/08/2025","Primary","Service - Ride Time","13"
"09/08/2025","Primary","Service - Other","1"
"09/08/2025","Primary","Service - No Shows","15"
"09/08/2025","Primary","Service - Late Pickup","5"
"09/08/2025","Primary","Driver","11"
"09/07/2025","Non-Transportation","Policy","1"
"09/07/2025","Non-Transportation","IT/Technology","1"
"09/07/2025","Broker","Driver","4"
"09/07/2025","Primary","Driver","1"
"09/06/2025","Primary","Service - No Shows","1"
"09/06/2025","Non-Transportation","Travel Planning (Res)","1"
"09/06/2025","Primary","Service - Late Pickup","1"
"09/06/2025","Non-Transportation","Policy","1"
"09/06/2025","Broker","Service - No Shows","2"
"09/06/2025","Broker","Driver","2"
"09/05/2025","Non-Transportation","Customer Relations","1"
"09/05/2025","Non-Transportation","Customer","21"
"09/05/2025","Supplemental","Vehicles","1"
"09/05/2025","Supplemental","Service - Ride Time","3"
"09/05/2025","Supplemental","Service - No Shows","4"
"09/05/2025","Supplemental","Driver","5"
"09/05/2025","Broker","Service - Ride Time","12"
"09/05/2025","Broker","Service - Other","5"
"09/05/2025","Broker","Service - No Shows","26"
"09/05/2025","Broker","Service - Late Pickup","13"
"09/05/2025","Broker","Driver","41"
"09/05/2025","Primary","Vehicles","1"
"09/05/2025","Primary","Service - Ride Time","5"
"09/05/2025","Primary","Service - Other","2"
"09/05/2025","Primary","Service - Late Pickup","8"
"09/05/2025","Primary","Service - No Shows","11"
"09/05/2025","Other/Unidentified Provider","Service - No Shows","1"
"09/05/2025","Other/Unidentified Provider","Driver","1"
"09/05/2025","Non-Transportation","Travel Services (Same Day)","6"
"09/05/2025","Non-Transportation","Travel Planning (Res)","6"
"09/05/2025","Non-Transportation","Scheduling","4"
"09/05/2025","Non-Transportation","Policy","17"
"09/05/2025","Non-Transportation","IT/Technology","3"
"09/05/2025","Primary","Driver","12"
"09/05/2025","Non-Transportation","Eligibility","1"
"09/04/2025","Supplemental","Driver","6"
"09/04/2025","Other/Unidentified Provider","Vehicles","1"
"09/04/2025","Other/Unidentified Provider","Service - Ride Time","1"
"09/04/2025","Other/Unidentified Provider","Service - Other","1"
"09/04/2025","Other/Unidentified Provider","Service - No Shows","1"
"09/04/2025","Other/Unidentified Provider","Service - Late Pickup","1"
"09/04/2025","Other/Unidentified Provider","Driver","3"
"09/04/2025","Non-Transportation","Travel Services (Same Day)","3"
"09/04/2025","Non-Transportation","Travel Planning (Res)","4"
"09/04/2025","Non-Transportation","Scheduling","5"
"09/04/2025","Non-Transportation","Policy","14"
"09/04/2025","Non-Transportation","IT/Technology","10"
"09/04/2025","Non-Transportation","Customer Relations","1"
"09/04/2025","Non-Transportation","Customer","22"
"09/04/2025","Supplemental","Vehicles","1"
"09/04/2025","Supplemental","Service - Ride Time","4"
"09/04/2025","Supplemental","Service - No Shows","8"
"09/04/2025","Supplemental","Service - Late Pickup","3"
"09/04/2025","Broker","Vehicles","2"
"09/04/2025","Broker","Service - Ride Time","12"
"09/04/2025","Broker","Service - Other","3"
"09/04/2025","Broker","Service - No Shows","39"
"09/04/2025","Broker","Service - Late Pickup","20"
"09/04/2025","Broker","Driver","48"
"09/04/2025","Primary","Vehicles","1"
"09/04/2025","Primary","Service - Ride Time","10"
"09/04/2025","Primary","Service - Other","2"
"09/04/2025","Primary","Service - No Shows","11"
"09/04/2025","Primary","Service - Late Pickup","15"
"09/04/2025","Primary","Driver","11"
"09/03/2025","Primary","Driver","18"
"09/03/2025","Other/Unidentified Provider","Service - No Shows","2"
"09/03/2025","Other/Unidentified Provider","Driver","5"
"09/03/2025","Non-Transportation","Travel Services (Same Day)","5"
"09/03/2025","Non-Transportation","Travel Planning (Res)","5"
"09/03/2025","Non-Transportation","Scheduling","8"
"09/03/2025","Non-Transportation","Policy","10"
"09/03/2025","Non-Transportation","IT/Technology","6"
"09/03/2025","Non-Transportation","Eligibility","2"
"09/03/2025","Non-Transportation","Customer","22"
"09/03/2025","Supplemental","Vehicles","2"
"09/03/2025","Supplemental","Service - Other","1"
"09/03/2025","Supplemental","Service - No Shows","10"
"09/03/2025","Supplemental","Service - Late Pickup","2"
"09/03/2025","Supplemental","Driver","7"
"09/03/2025","Broker","Vehicles","5"
"09/03/2025","Broker","Service - Ride Time","8"
"09/03/2025","Broker","Service - Other","4"
"09/03/2025","Broker","Service - No Shows","24"
"09/03/2025","Broker","Service - Late Pickup","5"
"09/03/2025","Broker","Driver","43"
"09/03/2025","Primary","Service - Ride Time","8"
"09/03/2025","Primary","Service - Other","1"
"09/03/2025","Primary","Service - No Shows","12"
"09/03/2025","Primary","Service - Late Pickup","3"
"09/02/2025","Non-Transportation","Customer","27"
"09/02/2025","Other/Unidentified Provider","Service - No Shows","1"
"09/02/2025","Other/Unidentified Provider","Driver","1"
"09/02/2025","Non-Transportation","Travel Services (Same Day)","6"
"09/02/2025","Non-Transportation","Travel Planning (Res)","4"
"09/02/2025","Non-Transportation","Scheduling","6"
"09/02/2025","Non-Transportation","Policy","22"
"09/02/2025","Non-Transportation","IT/Technology","4"
"09/02/2025","Non-Transportation","Eligibility","6"
"09/02/2025","Supplemental","Vehicles","3"
"09/02/2025","Supplemental","Service - Ride Time","4"
"09/02/2025","Supplemental","Service - Other","1"
"09/02/2025","Supplemental","Service - No Shows","7"
"09/02/2025","Supplemental","Service - Late Pickup","1"
"09/02/2025","Supplemental","Driver","11"
"09/02/2025","Broker","Vehicles","2"
"09/02/2025","Broker","Service - Ride Time","20"
"09/02/2025","Broker","Service - Other","7"
"09/02/2025","Broker","Service - No Shows","31"
"09/02/2025","Broker","Service - Late Pickup","10"
"09/02/2025","Broker","Driver","56"
"09/02/2025","Primary","Vehicles","2"
"09/02/2025","Primary","Service - Ride Time","4"
"09/02/2025","Primary","Service - No Shows","13"
"09/02/2025","Primary","Service - Late Pickup","5"
"09/02/2025","Primary","Driver","12"
"09/01/2025","Broker","Service - Other","1"
"09/01/2025","Supplemental","Service - Late Pickup","1"
"09/01/2025","Non-Transportation","Policy","2"
"09/01/2025","Broker","Driver","2"
"09/01/2025","Broker","Service - Late Pickup","2"
"08/31/2025","Non-Transportation","Customer","1"
"08/31/2025","Broker","Driver","3"
"08/31/2025","Primary","Driver","1"
"08/31/2025","Other/Unidentified Provider","Driver","1"
"08/31/2025","Non-Transportation","Policy","2"
"08/30/2025","Broker","Service - No Shows","2"
"08/30/2025","Non-Transportation","IT/Technology","2"
"08/30/2025","Non-Transportation","Policy","3"
"08/30/2025","Non-Transportation","Scheduling","1"
"08/30/2025","Primary","Driver","1"
"08/30/2025","Broker","Driver","6"
"08/29/2025","Supplemental","Service - Ride Time","1"
"08/29/2025","Supplemental","Service - No Shows","5"
"08/29/2025","Supplemental","Driver","3"
"08/29/2025","Primary","Service - No Shows","15"
"08/29/2025","Broker","Service - Ride Time","18"
"08/29/2025","Broker","Service - Other","5"
"08/29/2025","Broker","Service - No Shows","23"
"08/29/2025","Primary","Service - Late Pickup","4"
"08/29/2025","Broker","Service - Late Pickup","7"
"08/29/2025","Other/Unidentified Provider","Service - Other","2"
"08/29/2025","Other/Unidentified Provider","Service - No Shows","4"
"08/29/2025","Non-Transportation","Travel Services (Same Day)","7"
"08/29/2025","Primary","Driver","11"
"08/29/2025","Non-Transportation","Travel Planning (Res)","6"
"08/29/2025","Non-Transportation","Scheduling","1"
"08/29/2025","Broker","Driver","38"
"08/29/2025","Non-Transportation","Policy","17"
"08/29/2025","Non-Transportation","IT/Technology","6"
"08/29/2025","Non-Transportation","Eligibility","3"
"08/29/2025","Non-Transportation","Customer Relations","1"
"08/29/2025","Non-Transportation","Customer","11"
"08/29/2025","Primary","Service - Ride Time","3"
"08/29/2025","Supplemental","Vehicles","2"
"08/29/2025","Primary","Service - Other","1"
"08/28/2025","Non-Transportation","Customer","21"
"08/28/2025","Other/Unidentified Provider","Vehicles","1"
"08/28/2025","Other/Unidentified Provider","Service - No Shows","1"
"08/28/2025","Non-Transportation","Travel Services (Same Day)","10"
"08/28/2025","Non-Transportation","Travel Planning (Res)","4"
"08/28/2025","Non-Transportation","Scheduling","6"
"08/28/2025","Non-Transportation","Policy","16"
"08/28/2025","Non-Transportation","IT/Technology","6"
"08/28/2025","Non-Transportation","Eligibility","2"
"08/28/2025","Supplemental","Vehicles","2"
"08/28/2025","Supplemental","Service - Ride Time","2"
"08/28/2025","Supplemental","Service - Other","1"
"08/28/2025","Supplemental","Service - No Shows","9"
"08/28/2025","Supplemental","Service - Late Pickup","2"
"08/28/2025","Supplemental","Driver","10"
"08/28/2025","Broker","Vehicles","2"
"08/28/2025","Broker","Service - Ride Time","12"
"08/28/2025","Broker","Service - Other","2"
"08/28/2025","Broker","Service - No Shows","23"
"08/28/2025","Broker","Service - Late Pickup","3"
"08/28/2025","Broker","Driver","37"
"08/28/2025","Primary","Service - Ride Time","6"
"08/28/2025","Primary","Service - No Shows","17"
"08/28/2025","Primary","Service - Late Pickup","8"
"08/28/2025","Primary","Driver","11"
"08/27/2025","Primary","Driver","9"
"08/27/2025","Other/Unidentified Provider","Service - Ride Time","1"
"08/27/2025","Other/Unidentified Provider","Driver","1"
"08/27/2025","Non-Transportation","Travel Services (Same Day)","3"
"08/27/2025","Non-Transportation","Travel Planning (Res)","7"
"08/27/2025","Non-Transportation","Scheduling","3"
"08/27/2025","Non-Transportation","Policy","22"
"08/27/2025","Non-Transportation","IT/Technology","4"
"08/27/2025","Non-Transportation","Eligibility","1"
"08/27/2025","Non-Transportation","Customer Relations","3"
"08/27/2025","Non-Transportation","Customer","19"
"08/27/2025","Supplemental","Service - Ride Time","2"
"08/27/2025","Supplemental","Service - Other","1"
"08/27/2025","Supplemental","Service - No Shows","9"
"08/27/2025","Supplemental","Service - Late Pickup","1"
"08/27/2025","Supplemental","Driver","3"
"08/27/2025","Broker","Vehicles","2"
"08/27/2025","Broker","Service - Ride Time","13"
"08/27/2025","Broker","Service - Other","6"
"08/27/2025","Broker","Service - No Shows","33"
"08/27/2025","Broker","Service - Late Pickup","6"
"08/27/2025","Broker","Driver","47"
"08/27/2025","Primary","Vehicles","2"
"08/27/2025","Primary","Service - Ride Time","2"
"08/27/2025","Primary","Service - Other","1"
"08/27/2025","Primary","Service - No Shows","14"
"08/27/2025","Primary","Service - Late Pickup","4"
"08/26/2025","Non-Transportation","Eligibility","5"
"08/26/2025","Other/Unidentified Provider","Service - Other","1"
"08/26/2025","Non-Transportation","Travel Services (Same Day)","10"
"08/26/2025","Non-Transportation","Travel Planning (Res)","7"
"08/26/2025","Non-Transportation","Scheduling","6"
"08/26/2025","Non-Transportation","Policy","18"
"08/26/2025","Non-Transportation","Other","1"
"08/26/2025","Non-Transportation","IT/Technology","6"
"08/26/2025","Non-Transportation","Customer","17"
"08/26/2025","Supplemental","Vehicles","2"
"08/26/2025","Supplemental","Service - Ride Time","2"
"08/26/2025","Supplemental","Service - No Shows","9"
"08/26/2025","Supplemental","Driver","1"
"08/26/2025","Broker","Vehicles","1"
"08/26/2025","Broker","Service - Ride Time","11"
"08/26/2025","Broker","Service - Other","2"
"08/26/2025","Broker","Service - No Shows","27"
"08/26/2025","Broker","Service - Late Pickup","4"
"08/26/2025","Broker","Driver","43"
"08/26/2025","Primary","Vehicles","2"
"08/26/2025","Primary","Service - Ride Time","3"
"08/26/2025","Primary","Service - Other","1"
"08/26/2025","Primary","Service - No Shows","11"
"08/26/2025","Primary","Service - Late Pickup","5"
"08/26/2025","Primary","Driver","12"
"08/25/2025","Primary","Service - Late Pickup","4"
"08/25/2025","Primary","Driver","15"
"08/25/2025","Non-Transportation","Travel Services (Same Day)","2"
"08/25/2025","Non-Transportation","Travel Planning (Res)","2"
"08/25/2025","Non-Transportation","Scheduling","7"
"08/25/2025","Non-Transportation","Policy","20"
"08/25/2025","Non-Transportation","IT/Technology","7"
"08/25/2025","Non-Transportation","Eligibility","4"
"08/25/2025","Non-Transportation","Customer","21"
"08/25/2025","Supplemental","Vehicles","1"
"08/25/2025","Supplemental","Service - Ride Time","2"
"08/25/2025","Supplemental","Service - No Shows","9"
"08/25/2025","Supplemental","Service - Late Pickup","1"
"08/25/2025","Supplemental","Driver","8"
"08/25/2025","Broker","Vehicles","1"
"08/25/2025","Broker","Service - Ride Time","3"
"08/25/2025","Broker","Service - Other","4"
"08/25/2025","Broker","Service - No Shows","24"
"08/25/2025","Broker","Service - Late Pickup","3"
"08/25/2025","Broker","Driver","52"
"08/25/2025","Primary","Vehicles","1"
"08/25/2025","Primary","Service - Ride Time","4"
"08/25/2025","Primary","Service - No Shows","16"
"08/25/2025","Other/Unidentified Provider","Driver","1"
"08/24/2025","Broker","Service - Late Pickup","2"
"08/24/2025","Primary","Driver","1"
"08/24/2025","Non-Transportation","Policy","2"
"08/24/2025","Non-Transportation","IT/Technology","1"
"08/24/2025","Broker","Service - Ride Time","1"
"08/24/2025","Broker","Service - Other","2"
"08/24/2025","Broker","Driver","4"
"08/23/2025","Primary","Service - Ride Time","1"
"08/23/2025","Primary","Driver","1"
"08/23/2025","Non-Transportation","Policy","2"
"08/23/2025","Supplemental","Service - Late Pickup","1"
"08/23/2025","Supplemental","Driver","1"
"08/23/2025","Broker","Service - Other","1"
"08/23/2025","Broker","Service - No Shows","1"
"08/23/2025","Broker","Driver","3"
"08/23/2025","Primary","Service - No Shows","2"
"08/22/2025","Primary","Driver","9"
"08/22/2025","Other/Unidentified Provider","Service - No Shows","1"
"08/22/2025","Non-Transportation","Travel Services (Same Day)","4"
"08/22/2025","Non-Transportation","Travel Planning (Res)","5"
"08/22/2025","Non-Transportation","Scheduling","6"
"08/22/2025","Non-Transportation","Policy","14"
"08/22/2025","Non-Transportation","IT/Technology","1"
"08/22/2025","Non-Transportation","Customer","17"
"08/22/2025","Supplemental","Vehicles","2"
"08/22/2025","Supplemental","Service - Ride Time","1"
"08/22/2025","Supplemental","Service - Other","1"
"08/22/2025","Supplemental","Service - No Shows","3"
"08/22/2025","Supplemental","Driver","2"
"08/22/2025","Broker","Vehicles","2"
"08/22/2025","Broker","Service - Ride Time","5"
"08/22/2025","Broker","Service - Other","3"
"08/22/2025","Broker","Service - No Shows","31"
"08/22/2025","Broker","Service - Late Pickup","4"
"08/22/2025","Broker","Driver","33"
"08/22/2025","Primary","Vehicles","1"
"08/22/2025","Primary","Service - Ride Time","8"
"08/22/2025","Primary","Service - Other","3"
"08/22/2025","Primary","Service - No Shows","12"
"08/22/2025","Primary","Service - Late Pickup","8"
"08/21/2025","Primary","Driver","14"
"08/21/2025","Other/Unidentified Provider","Service - Other","1"
"08/21/2025","Other/Unidentified Provider","Driver","4"
"08/21/2025","Non-Transportation","Travel Services (Same Day)","6"
"08/21/2025","Non-Transportation","Travel Planning (Res)","12"
"08/21/2025","Non-Transportation","Scheduling","3"
"08/21/2025","Non-Transportation","Policy","13"
"08/21/2025","Non-Transportation","IT/Technology","6"
"08/21/2025","Non-Transportation","Eligibility","2"
"08/21/2025","Non-Transportation","Customer","19"
"08/21/2025","Supplemental","Vehicles","3"
"08/21/2025","Supplemental","Service - Ride Time","1"
"08/21/2025","Supplemental","Service - No Shows","9"
"08/21/2025","Supplemental","Driver","5"
"08/21/2025","Broker","Vehicles","5"
"08/21/2025","Broker","Service - Ride Time","6"
"08/21/2025","Broker","Service - Other","5"
"08/21/2025","Broker","Service - No Shows","24"
"08/21/2025","Broker","Service - Late Pickup","9"
"08/21/2025","Broker","Driver","40"
"08/21/2025","Primary","Vehicles","1"
"08/21/2025","Primary","Service - Ride Time","1"
"08/21/2025","Primary","Service - No Shows","19"
"08/21/2025","Primary","Service - Late Pickup","7"
"08/20/2025","Primary","Service - Ride Time","5"
"08/20/2025","Other/Unidentified Provider","Driver","4"
"08/20/2025","Other/Unidentified Provider",,"1"
"08/20/2025","Non-Transportation","Travel Services (Same Day)","9"
"08/20/2025","Non-Transportation","Travel Planning (Res)","4"
"08/20/2025","Non-Transportation","Scheduling","2"
"08/20/2025","Non-Transportation","Policy","6"
"08/20/2025","Non-Transportation","IT/Technology","7"
"08/20/2025","Non-Transportation","Eligibility","5"
"08/20/2025","Non-Transportation","Customer","17"
"08/20/2025","Supplemental","Service - Ride Time","1"
"08/20/2025","Supplemental","Service - No Shows","4"
"08/20/2025","Supplemental","Driver","1"
"08/20/2025","Broker","Service - Ride Time","12"
"08/20/2025","Broker","Service - Other","4"
"08/20/2025","Broker","Service - No Shows","30"
"08/20/2025","Broker","Service - Late Pickup","7"
"08/20/2025","Broker","Driver","48"
"08/20/2025","Primary","Vehicles","1"
"08/20/2025","Primary","Service - Other","1"
"08/20/2025","Primary","Service - No Shows","18"
"08/20/2025","Primary","Service - Late Pickup","4"
"08/20/2025","Primary","Driver","7"
"08/19/2025","Primary","Service - Late Pickup","4"
"08/19/2025","Other/Unidentified Provider","Driver","1"
"08/19/2025","Non-Transportation","Travel Services (Same Day)","7"
"08/19/2025","Non-Transportation","Travel Planning (Res)","6"
"08/19/2025","Non-Transportation","Scheduling","4"
"08/19/2025","Non-Transportation","Policy","24"
"08/19/2025","Non-Transportation","IT/Technology","3"
"08/19/2025","Non-Transportation","Eligibility","1"
"08/19/2025","Non-Transportation","Customer Relations","1"
"08/19/2025","Non-Transportation","Customer","16"
"08/19/2025","Supplemental","Vehicles","1"
"08/19/2025","Supplemental","Service - No Shows","7"
"08/19/2025","Supplemental","Driver","3"
"08/19/2025","Broker","Vehicles","2"
"08/19/2025","Broker","Service - Ride Time","9"
"08/19/2025","Broker","Service - Other","4"
"08/19/2025","Broker","Service - No Shows","25"
"08/19/2025","Broker","Service - Late Pickup","6"
"08/19/2025","Broker","Driver","48"
"08/19/2025","Primary","Driver","11"
"08/19/2025","Primary","Service - Ride Time","3"
"08/19/2025","Primary","Service - Other","1"
"08/19/2025","Primary","Service - No Shows","12"
"08/18/2025","Primary","Driver","9"
"08/18/2025","Other/Unidentified Provider","Service - Other","2"
"08/18/2025","Other/Unidentified Provider","Service - No Shows","1"
"08/18/2025","Other/Unidentified Provider","Driver","3"
"08/18/2025","Other/Unidentified Provider",,"1"
"08/18/2025","Non-Transportation","Travel Services (Same Day)","7"
"08/18/2025","Non-Transportation","Travel Planning (Res)","5"
"08/18/2025","Non-Transportation","Scheduling","4"
"08/18/2025","Non-Transportation","Policy","27"
"08/18/2025","Non-Transportation","IT/Technology","8"
"08/18/2025","Non-Transportation","Eligibility","2"
"08/18/2025","Non-Transportation","Customer Relations","1"
"08/18/2025","Non-Transportation","Customer","19"
"08/18/2025","Supplemental","Service - Ride Time","1"
"08/18/2025","Supplemental","Service - No Shows","7"
"08/18/2025","Supplemental","Driver","4"
"08/18/2025","Broker","Vehicles","5"
"08/18/2025","Broker","Service - Ride Time","5"
"08/18/2025","Broker","Service - Other","4"
"08/18/2025","Broker","Service - No Shows","35"
"08/18/2025","Broker","Service - Late Pickup","5"
"08/18/2025","Broker","Driver","40"
"08/18/2025","Primary","Vehicles","1"
"08/18/2025","Primary","Service - Ride Time","5"
"08/18/2025","Primary","Service - No Shows","18"
"08/18/2025","Primary","Service - Late Pickup","3"
"08/17/2025","Broker","Vehicles","2"
"08/17/2025","Broker","Service - No Shows","2"
"08/17/2025","Broker","Driver","3"
"08/17/2025","Primary","Service - No Shows","1"
"08/17/2025","Primary","Driver","1"
"08/17/2025","Non-Transportation","Travel Services (Same Day)","1"
"08/17/2025","Non-Transportation","Policy","1"
"08/17/2025","Supplemental","Service - Ride Time","1"
"08/16/2025","Non-Transportation","Policy","1"
"08/16/2025","Supplemental","Vehicles","1"
"08/16/2025","Supplemental","Service - No Shows","1"
"08/16/2025","Broker","Service - Other","1"
"08/16/2025","Broker","Service - No Shows","1"
"08/16/2025","Broker","Driver","2"
"08/16/2025","Primary","Vehicles","1"
"08/16/2025","Primary","Service - No Shows","1"
"08/16/2025","Primary","Driver","1"
"08/16/2025","Other/Unidentified Provider","Service - No Shows","1"
"08/16/2025","Other/Unidentified Provider",,"1"
"08/16/2025","Non-Transportation","Travel Planning (Res)","1"
"08/15/2025","Primary","Service - Ride Time","3"
"08/15/2025","Primary","Service - Other","1"
"08/15/2025","Primary","Service - No Shows","13"
"08/15/2025","Primary","Driver","7"
"08/15/2025","Primary","Service - Late Pickup","2"
"08/15/2025","Other/Unidentified Provider","Service - No Shows","1"
"08/15/2025","Non-Transportation","Travel Services (Same Day)","4"
"08/15/2025","Non-Transportation","Travel Planning (Res)","2"
"08/15/2025","Non-Transportation","Scheduling","5"
"08/15/2025","Non-Transportation","Policy","17"
"08/15/2025","Non-Transportation","IT/Technology","2"
"08/15/2025","Non-Transportation","Customer","26"
"08/15/2025","Supplemental","Vehicles","2"
"08/15/2025","Supplemental","Service - Ride Time","2"
"08/15/2025","Supplemental","Service - Other","1"
"08/15/2025","Supplemental","Service - No Shows","6"
"08/15/2025","Supplemental","Driver","4"
"08/15/2025","Broker","Vehicles","2"
"08/15/2025","Broker","Service - Ride Time","15"
"08/15/2025","Broker","Service - Other","3"
"08/15/2025","Broker","Service - No Shows","18"
"08/15/2025","Broker","Service - Late Pickup","8"
"08/15/2025","Broker","Driver","36"
"08/15/2025","Primary","Vehicles","4"
"08/14/2025","Broker","Service - Other","6"
"08/14/2025","Other/Unidentified Provider","Service - No Shows","1"
"08/14/2025","Other/Unidentified Provider","Driver","1"
"08/14/2025","Non-Transportation","Travel Services (Same Day)","5"
"08/14/2025","Non-Transportation","Travel Planning (Res)","5"
"08/14/2025","Non-Transportation","Scheduling","6"
"08/14/2025","Non-Transportation","Policy","12"
"08/14/2025","Non-Transportation","IT/Technology","5"
"08/14/2025","Non-Transportation","Eligibility","1"
"08/14/2025","Non-Transportation","Customer","16"
"08/14/2025","Supplemental","Vehicles","3"
"08/14/2025","Supplemental","Service - Ride Time","5"
"08/14/2025","Supplemental","Service - Other","1"
"08/14/2025","Supplemental","Service - No Shows","8"
"08/14/2025","Supplemental","Driver","8"
"08/14/2025","Broker","Vehicles","4"
"08/14/2025","Broker","Service - Ride Time","9"
"08/14/2025","Broker","Service - No Shows","27"
"08/14/2025","Broker","Service - Late Pickup","5"
"08/14/2025","Broker","Driver","42"
"08/14/2025","Primary","Vehicles","2"
"08/14/2025","Primary","Service - Ride Time","6"
"08/14/2025","Primary","Service - Other","1"
"08/14/2025","Primary","Service - No Shows","17"
"08/14/2025","Primary","Service - Late Pickup","2"
"08/14/2025","Primary","Driver","15"
"08/13/2025","Primary","Service - Late Pickup","5"
"08/13/2025","Other/Unidentified Provider","Service - Ride Time","1"
"08/13/2025","Other/Unidentified Provider","Service - No Shows","2"
"08/13/2025","Other/Unidentified Provider","Service - Late Pickup","2"
"08/13/2025","Other/Unidentified Provider","Driver","1"
"08/13/2025","Non-Transportation","Travel Services (Same Day)","5"
"08/13/2025","Non-Transportation","Travel Planning (Res)","5"
"08/13/2025","Non-Transportation","Scheduling","7"
"08/13/2025","Non-Transportation","Policy","26"
"08/13/2025","Non-Transportation","IT/Technology","9"
"08/13/2025","Non-Transportation","Eligibility","2"
"08/13/2025","Non-Transportation","Customer Relations","2"
"08/13/2025","Non-Transportation","Customer","17"
"08/13/2025","Supplemental","Vehicles","2"
"08/13/2025","Supplemental","Service - Ride Time","3"
"08/13/2025","Supplemental","Service - No Shows","3"
"08/13/2025","Supplemental","Service - Late Pickup","1"
"08/13/2025","Supplemental","Driver","7"
"08/13/2025","Broker","Vehicles","2"
"08/13/2025","Broker","Service - Ride Time","10"
"08/13/2025","Primary","Driver","6"
"08/13/2025","Broker","Service - Other","1"
"08/13/2025","Broker","Service - No Shows","18"
"08/13/2025","Broker","Service - Late Pickup","12"
"08/13/2025","Broker","Driver","42"
"08/13/2025","Primary","Vehicles","3"
"08/13/2025","Primary","Service - Ride Time","7"
"08/13/2025","Primary","Service - Other","2"
"08/13/2025","Primary","Service - No Shows","20"
"08/12/2025","Non-Transportation","IT/Technology","10"
"08/12/2025","Other/Unidentified Provider","Service - No Shows","2"
"08/12/2025","Other/Unidentified Provider","Driver","1"
"08/12/2025","Non-Transportation","Travel Services (Same Day)","4"
"08/12/2025","Non-Transportation","Travel Planning (Res)","9"
"08/12/2025","Non-Transportation","Scheduling","4"
"08/12/2025","Non-Transportation","Policy","19"
"08/12/2025","Non-Transportation","Eligibility","5"
"08/12/2025","Non-Transportation","Customer Relations","1"
"08/12/2025","Non-Transportation","Customer","20"
"08/12/2025","Supplemental","Vehicles","6"
"08/12/2025","Supplemental","Service - Ride Time","6"
"08/12/2025","Supplemental","Service - Other","1"
"08/12/2025","Supplemental","Service - No Shows","8"
"08/12/2025","Supplemental","Driver","7"
"08/12/2025","Broker","Vehicles","3"
"08/12/2025","Broker","Service - Ride Time","11"
"08/12/2025","Broker","Service - Other","3"
"08/12/2025","Broker","Service - No Shows","35"
"08/12/2025","Broker","Service - Late Pickup","3"
"08/12/2025","Broker","Driver","54"
"08/12/2025","Primary","Vehicles","2"
"08/12/2025","Primary","Service - Ride Time","3"
"08/12/2025","Primary","Service - Other","1"
"08/12/2025","Primary","Service - No Shows","17"
"08/12/2025","Primary","Service - Late Pickup","7"
"08/12/2025","Primary","Driver","7"
"08/11/2025","Primary","Driver","8"
"08/11/2025","Other/Unidentified Provider","Vehicles","1"
"08/11/2025","Other/Unidentified Provider","Service - No Shows","1"
"08/11/2025","Other/Unidentified Provider","Driver","3"
"08/11/2025","Non-Transportation","Travel Services (Same Day)","7"
"08/11/2025","Non-Transportation","Travel Planning (Res)","14"
"08/11/2025","Non-Transportation","Scheduling","6"
"08/11/2025","Non-Transportation","Policy","23"
"08/11/2025","Non-Transportation","Eligibility","4"
"08/11/2025","Non-Transportation","Customer Relations","1"
"08/11/2025","Non-Transportation","Customer","21"
"08/11/2025","Supplemental","Vehicles","2"
"08/11/2025","Supplemental","Service - Ride Time","6"
"08/11/2025","Supplemental","Service - No Shows","10"
"08/11/2025","Supplemental","Driver","4"
"08/11/2025","Broker","Vehicles","2"
"08/11/2025","Broker","Service - Ride Time","12"
"08/11/2025","Broker","Service - Other","1"
"08/11/2025","Broker","Service - No Shows","35"
"08/11/2025","Broker","Service - Late Pickup","3"
"08/11/2025","Broker","Driver","53"
"08/11/2025","Primary","Vehicles","2"
"08/11/2025","Primary","Service - Ride Time","3"
"08/11/2025","Primary","Service - No Shows","19"
"08/10/2025","Broker","Service - Late Pickup","3"
"08/10/2025","Non-Transportation","Travel Services (Same Day)","1"
"08/10/2025","Non-Transportation","Policy","2"
"08/10/2025","Non-Transportation","IT/Technology","2"
"08/10/2025","Broker","Service - No Shows","1"
"08/10/2025","Broker","Driver","5"
"08/09/2025","Primary","Service - No Shows","1"
"08/09/2025","Non-Transportation","Scheduling","1"
"08/09/2025","Non-Transportation","Policy","1"
"08/09/2025","Non-Transportation","IT/Technology","2"
"08/09/2025","Supplemental","Vehicles","1"
"08/09/2025","Supplemental","Service - No Shows","1"
"08/09/2025","Broker","Vehicles","1"
"08/09/2025","Broker","Service - Ride Time","1"
"08/09/2025","Broker","Driver","3"
"08/09/2025","Primary","Driver","1"
"08/08/2025","Supplemental","Driver","3"
"08/08/2025","Other/Unidentified Provider","Service - No Shows","2"
"08/08/2025","Other/Unidentified Provider","Driver","2"
"08/08/2025","Non-Transportation","Travel Services (Same Day)","3"
"08/08/2025","Non-Transportation","Travel Planning (Res)","5"
"08/08/2025","Non-Transportation","Scheduling","10"
"08/08/2025","Non-Transportation","Policy","17"
"08/08/2025","Non-Transportation","IT/Technology","2"
"08/08/2025","Non-Transportation","Eligibility","4"
"08/08/2025","Non-Transportation","Customer","12"
"08/08/2025","Supplemental","Service - Ride Time","1"
"08/08/2025","Supplemental","Service - No Shows","7"
"08/08/2025","Supplemental","Service - Late Pickup","1"
"08/08/2025","Broker","Vehicles","4"
"08/08/2025","Broker","Service - Ride Time","13"
"08/08/2025","Broker","Service - Other","2"
"08/08/2025","Broker","Service - No Shows","21"
"08/08/2025","Broker","Service - Late Pickup","7"
"08/08/2025","Broker","Driver","40"
"08/08/2025","Primary","Vehicles","1"
"08/08/2025","Primary","Service - Ride Time","6"
"08/08/2025","Primary","Service - No Shows","11"
"08/08/2025","Primary","Service - Late Pickup","6"
"08/08/2025","Primary","Driver","11"
"08/07/2025","Primary","Service - No Shows","20"
"08/07/2025","Other/Unidentified Provider","Service - Ride Time","1"
"08/07/2025","Non-Transportation","Travel Services (Same Day)","2"
"08/07/2025","Primary","Driver","8"
"08/07/2025","Non-Transportation","Travel Planning (Res)","7"
"08/07/2025","Non-Transportation","Scheduling","4"
"08/07/2025","Non-Transportation","Policy","23"
"08/07/2025","Non-Transportation","IT/Technology","5"
"08/07/2025","Non-Transportation","Eligibility","5"
"08/07/2025","Non-Transportation","Customer","14"
"08/07/2025","Supplemental","Vehicles","2"
"08/07/2025","Supplemental","Service - Ride Time","1"
"08/07/2025","Primary","Service - Late Pickup","5"
"08/07/2025","Supplemental","Service - No Shows","4"
"08/07/2025","Supplemental","Service - Late Pickup","1"
"08/07/2025","Supplemental","Driver","7"
"08/07/2025","Broker","Vehicles","7"
"08/07/2025","Broker","Service - Ride Time","11"
"08/07/2025","Broker","Service - Other","6"
"08/07/2025","Broker","Service - No Shows","30"
"08/07/2025","Broker","Service - Late Pickup","7"
"08/07/2025","Broker","Driver","48"
"08/07/2025","Primary","Service - Ride Time","4"
"08/06/2025","Broker","Service - No Shows","29"
"08/06/2025","Other/Unidentified Provider","Service - Late Pickup","1"
"08/06/2025","Non-Transportation","Travel Services (Same Day)","5"
"08/06/2025","Non-Transportation","Travel Planning (Res)","8"
"08/06/2025","Non-Transportation","Scheduling","3"
"08/06/2025","Non-Transportation","Policy","22"
"08/06/2025","Non-Transportation","IT/Technology","6"
"08/06/2025","Non-Transportation","Eligibility","4"
"08/06/2025","Non-Transportation","Customer Relations","1"
"08/06/2025","Non-Transportation","Customer","20"
"08/06/2025","Supplemental","Vehicles","1"
"08/06/2025","Supplemental","Service - Ride Time","4"
"08/06/2025","Supplemental","Service - No Shows","10"
"08/06/2025","Supplemental","Driver","14"
"08/06/2025","Broker","Vehicles","2"
"08/06/2025","Broker","Service - Ride Time","12"
"08/06/2025","Broker","Service - Other","5"
"08/06/2025","Broker","Service - Late Pickup","9"
"08/06/2025","Broker","Driver","58"
"08/06/2025","Primary","Service - Ride Time","8"
"08/06/2025","Primary","Service - No Shows","14"
"08/06/2025","Primary","Service - Late Pickup","5"
"08/06/2025","Primary","Driver","7"
"08/05/2025","Primary","Driver","8"
"08/05/2025","Other/Unidentified Provider","Driver","1"
"08/05/2025","Non-Transportation","Travel Services (Same Day)","4"
"08/05/2025","Non-Transportation","Travel Planning (Res)","15"
"08/05/2025","Non-Transportation","Scheduling","9"
"08/05/2025","Non-Transportation","Policy","23"
"08/05/2025","Non-Transportation","IT/Technology","4"
"08/05/2025","Non-Transportation","Eligibility","5"
"08/05/2025","Non-Transportation","Customer Relations","3"
"08/05/2025","Non-Transportation","Customer","28"
"08/05/2025","Supplemental","Service - Ride Time","2"
"08/05/2025","Supplemental","Service - Other","2"
"08/05/2025","Supplemental","Service - No Shows","2"
"08/05/2025","Supplemental","Driver","8"
"08/05/2025","Broker","Vehicles","1"
"08/05/2025","Broker","Service - Ride Time","14"
"08/05/2025","Broker","Service - Other","4"
"08/05/2025","Broker","Service - No Shows","33"
"08/05/2025","Broker","Service - Late Pickup","12"
"08/05/2025","Broker","Driver","46"
"08/05/2025","Primary","Vehicles","1"
"08/05/2025","Primary","Service - Ride Time","3"
"08/05/2025","Primary","Service - No Shows","21"
"08/05/2025","Primary","Service - Late Pickup","1"
"08/04/2025","Supplemental","Service - No Shows","10"
"08/04/2025","Other/Unidentified Provider","Service - No Shows","1"
"08/04/2025","Non-Transportation","Travel Services (Same Day)","12"
"08/04/2025","Non-Transportation","Travel Planning (Res)","9"
"08/04/2025","Non-Transportation","Scheduling","9"
"08/04/2025","Non-Transportation","Policy","15"
"08/04/2025","Non-Transportation","IT/Technology","4"
"08/04/2025","Non-Transportation","Eligibility","2"
"08/04/2025","Non-Transportation","Customer Relations","1"
"08/04/2025","Non-Transportation","Customer","22"
"08/04/2025","Supplemental","Vehicles","2"
"08/04/2025","Supplemental","Service - Late Pickup","2"
"08/04/2025","Supplemental","Driver","5"
"08/04/2025","Broker","Vehicles","2"
"08/04/2025","Broker","Service - Ride Time","15"
"08/04/2025","Broker","Service - Other","5"
"08/04/2025","Broker","Service - No Shows","39"
"08/04/2025","Broker","Service - Late Pickup","9"
"08/04/2025","Broker","Driver","62"
"08/04/2025","Primary","Vehicles","3"
"08/04/2025","Primary","Service - Ride Time","3"
"08/04/2025","Primary","Service - Other","1"
"08/04/2025","Primary","Service - No Shows","9"
"08/04/2025","Primary","Service - Late Pickup","5"
"08/04/2025","Primary","Driver","15"
"08/03/2025","Non-Transportation","Customer","2"
"08/03/2025","Broker","Service - Ride Time","1"
"08/03/2025","Broker","Service - No Shows","1"
"08/03/2025","Broker","Driver","4"
"08/03/2025","Primary","Service - Late Pickup","1"
"08/03/2025","Other/Unidentified Provider","Driver","1"
"08/03/2025","Non-Transportation","Travel Services (Same Day)","1"
"08/03/2025","Non-Transportation","Policy","5"
"08/03/2025","Non-Transportation","IT/Technology","3"
"08/02/2025","Supplemental","Service - No Shows","1"
"08/02/2025","Supplemental","Service - Late Pickup","1"
"08/02/2025","Broker","Service - Ride Time","1"
"08/02/2025","Broker","Service - No Shows","4"
"08/02/2025","Broker","Driver","2"
"08/02/2025","Primary","Driver","3"
"08/02/2025","Non-Transportation","Travel Services (Same Day)","1"
"08/02/2025","Non-Transportation","Policy","2"
"08/02/2025","Non-Transportation","IT/Technology","1"
"08/02/2025","Non-Transportation","Customer","1"
"08/01/2025","Broker","Service - Late Pickup","7"
"08/01/2025","Broker","Driver","19"
"08/01/2025","Primary","Vehicles","1"
"08/01/2025","Primary","Service - Ride Time","4"
"08/01/2025","Primary","Service - Late Pickup","6"
"08/01/2025","Primary","Service - No Shows","13"
"08/01/2025","Other/Unidentified Provider","Service - No Shows","1"
"08/01/2025","Other/Unidentified Provider","Service - Late Pickup","2"
"08/01/2025","Other/Unidentified Provider","Driver","7"
"08/01/2025","Non-Transportation","Travel Services (Same Day)","9"
"08/01/2025","Non-Transportation","Travel Planning (Res)","1"
"08/01/2025","Non-Transportation","Scheduling","8"
"08/01/2025","Non-Transportation","Policy","13"
"08/01/2025","Non-Transportation","IT/Technology","3"
"08/01/2025","Non-Transportation","Eligibility","2"
"08/01/2025","Primary","Driver","11"
"08/01/2025","Non-Transportation","Customer","11"
"08/01/2025","Supplemental","Service - Ride Time","1"
"08/01/2025","Supplemental","Service - No Shows","6"
"08/01/2025","Supplemental","Driver","8"
"08/01/2025","Broker","Vehicles","2"
"08/01/2025","Broker","Service - Ride Time","12"
"08/01/2025","Broker","Service - Other","4"
"08/01/2025","Broker","Service - No Shows","25"
"07/31/2025","Supplemental","Driver","6"
"07/31/2025","Other/Unidentified Provider","Vehicles","1"
"07/31/2025","Other/Unidentified Provider","Driver","1"
"07/31/2025","Other/Unidentified Provider",,"1"
"07/31/2025","Non-Transportation","Travel Services (Same Day)","7"
"07/31/2025","Non-Transportation","Travel Planning (Res)","8"
"07/31/2025","Non-Transportation","Scheduling","6"
"07/31/2025","Non-Transportation","Policy","14"
"07/31/2025","Non-Transportation","IT/Technology","4"
"07/31/2025","Non-Transportation","Eligibility","1"
"07/31/2025","Non-Transportation","Customer","14"
"07/31/2025","Supplemental","Vehicles","3"
"07/31/2025","Supplemental","Service - Ride Time","2"
"07/31/2025","Supplemental","Service - Other","1"
"07/31/2025","Supplemental","Service - No Shows","9"
"07/31/2025","Supplemental","Service - Late Pickup","3"
"07/31/2025","Broker","Vehicles","5"
"07/31/2025","Broker","Service - Ride Time","22"
"07/31/2025","Broker","Service - Other","5"
"07/31/2025","Broker","Service - No Shows","28"
"07/31/2025","Broker","Service - Late Pickup","8"
"07/31/2025","Broker","Driver","41"
"07/31/2025","Primary","Vehicles","1"
"07/31/2025","Primary","Service - Ride Time","3"
"07/31/2025","Primary","Service - No Shows","10"
"07/31/2025","Primary","Service - Late Pickup","7"
"07/31/2025","Primary","Driver","18"
"07/30/2025","Primary","Driver","8"
"07/30/2025","Other/Unidentified Provider","Service - No Shows","1"
"07/30/2025","Other/Unidentified Provider","Driver","2"
"07/30/2025","Other/Unidentified Provider",,"1"
"07/30/2025","Non-Transportation","Travel Services (Same Day)","4"
"07/30/2025","Non-Transportation","Travel Planning (Res)","5"
"07/30/2025","Non-Transportation","Scheduling","6"
"07/30/2025","Non-Transportation","Policy","19"
"07/30/2025","Non-Transportation","IT/Technology","3"
"07/30/2025","Non-Transportation","Eligibility","3"
"07/30/2025","Non-Transportation","Customer Relations","1"
"07/30/2025","Non-Transportation","Customer","10"
"07/30/2025","Supplemental","Vehicles","8"
"07/30/2025","Supplemental","Service - Ride Time","4"
"07/30/2025","Supplemental","Service - No Shows","1"
"07/30/2025","Supplemental","Driver","6"
"07/30/2025","Broker","Vehicles","8"
"07/30/2025","Broker","Service - Ride Time","23"
"07/30/2025","Broker","Service - Other","3"
"07/30/2025","Broker","Service - No Shows","28"
"07/30/2025","Broker","Service - Late Pickup","14"
"07/30/2025","Broker","Driver","47"
"07/30/2025","Primary","Vehicles","8"
"07/30/2025","Primary","Service - Ride Time","11"
"07/30/2025","Primary","Service - Other","2"
"07/30/2025","Primary","Service - No Shows","8"
"07/30/2025","Primary","Service - Late Pickup","5"
"07/29/2025","Non-Transportation","Eligibility","3"
"07/29/2025","Other/Unidentified Provider","Vehicles","1"
"07/29/2025","Other/Unidentified Provider","Service - No Shows","1"
"07/29/2025","Other/Unidentified Provider","Service - Late Pickup","1"
"07/29/2025","Other/Unidentified Provider","Driver","1"
"07/29/2025","Non-Transportation","Travel Services (Same Day)","8"
"07/29/2025","Non-Transportation","Travel Planning (Res)","4"
"07/29/2025","Non-Transportation","Scheduling","4"
"07/29/2025","Non-Transportation","Policy","30"
"07/29/2025","Non-Transportation","IT/Technology","1"
"07/29/2025","Non-Transportation","Customer","22"
"07/29/2025","Supplemental","Vehicles","5"
"07/29/2025","Supplemental","Service - Ride Time","3"
"07/29/2025","Supplemental","Service - No Shows","6"
"07/29/2025","Supplemental","Service - Late Pickup","1"
"07/29/2025","Supplemental","Driver","6"
"07/29/2025","Broker","Vehicles","11"
"07/29/2025","Broker","Service - Ride Time","17"
"07/29/2025","Broker","Service - Other","4"
"07/29/2025","Broker","Service - No Shows","42"
"07/29/2025","Broker","Service - Late Pickup","7"
"07/29/2025","Broker","Driver","55"
"07/29/2025","Primary","Vehicles","5"
"07/29/2025","Primary","Service - Ride Time","7"
"07/29/2025","Primary","Service - No Shows","13"
"07/29/2025","Primary","Service - Late Pickup","5"
"07/29/2025","Primary","Driver","5"
"07/28/2025","Supplemental","Vehicles","3"
"07/28/2025","Other/Unidentified Provider","Service - No Shows","1"
"07/28/2025","Other/Unidentified Provider","Driver","1"
"07/28/2025","Non-Transportation","Travel Services (Same Day)","6"
"07/28/2025","Non-Transportation","Travel Planning (Res)","7"
"07/28/2025","Non-Transportation","Scheduling","2"
"07/28/2025","Non-Transportation","Policy","15"
"07/28/2025","Non-Transportation","IT/Technology","10"
"07/28/2025","Non-Transportation","Eligibility","4"
"07/28/2025","Non-Transportation","Customer","15"
"07/28/2025","Supplemental","Service - Ride Time","2"
"07/28/2025","Supplemental","Service - No Shows","10"
"07/28/2025","Supplemental","Service - Late Pickup","1"
"07/28/2025","Supplemental","Driver","10"
"07/28/2025","Broker","Vehicles","3"
"07/28/2025","Broker","Service - Ride Time","18"
"07/28/2025","Broker","Service - Other","2"
"07/28/2025","Broker","Service - No Shows","55"
"07/28/2025","Broker","Service - Late Pickup","11"
"07/28/2025","Broker","Driver","56"
"07/28/2025","Primary","Vehicles","4"
"07/28/2025","Primary","Service - Ride Time","2"
"07/28/2025","Primary","Service - No Shows","14"
"07/28/2025","Primary","Service - Late Pickup","3"
"07/28/2025","Primary","Driver","4"
"07/27/2025","Non-Transportation","Policy","2"
"07/27/2025","Broker","Driver","1"
"07/27/2025","Primary","Service - Late Pickup","1"
"07/27/2025","Primary","Driver","2"
"07/27/2025","Non-Transportation","Travel Services (Same Day)","1"
"07/27/2025","Non-Transportation","Customer","1"
"07/27/2025","Supplemental","Vehicles","1"
"07/27/2025","Supplemental","Service - Late Pickup","1"
"07/27/2025","Broker","Service - Ride Time","1"
"07/27/2025","Broker","Service - No Shows","1"
"07/26/2025","Broker","Service - Ride Time","1"
"07/26/2025","Broker","Driver","3"
"07/26/2025","Broker","Service - Late Pickup","1"
"07/26/2025","Primary","Driver","3"
"07/26/2025","Non-Transportation","Policy","4"
"07/26/2025","Non-Transportation","IT/Technology","1"
"07/26/2025","Supplemental","Service - No Shows","1"
"07/26/2025","Supplemental","Service - Late Pickup","1"
"07/26/2025","Broker","Service - No Shows","2"
"07/25/2025","Other/Unidentified Provider","Vehicles","1"
"07/25/2025","Other/Unidentified Provider","Service - Ride Time","3"
"07/25/2025","Other/Unidentified Provider","Service - No Shows","2"
"07/25/2025","Other/Unidentified Provider","Driver","2"
"07/25/2025","Non-Transportation","Travel Services (Same Day)","6"
"07/25/2025","Non-Transportation","Travel Planning (Res)","9"
"07/25/2025","Non-Transportation","Scheduling","3"
"07/25/2025","Non-Transportation","Policy","10"
"07/25/2025","Non-Transportation","IT/Technology","2"
"07/25/2025","Non-Transportation","Eligibility","1"
"07/25/2025","Non-Transportation","Customer","14"
"07/25/2025","Supplemental","Vehicles","2"
"07/25/2025","Supplemental","Service - Ride Time","1"
"07/25/2025","Supplemental","Service - No Shows","7"
"07/25/2025","Supplemental","Service - Late Pickup","1"
"07/25/2025","Supplemental","Driver","4"
"07/25/2025","Broker","Vehicles","4"
"07/25/2025","Broker","Service - Ride Time","19"
"07/25/2025","Broker","Service - Other","4"
"07/25/2025","Broker","Service - No Shows","30"
"07/25/2025","Broker","Service - Late Pickup","9"
"07/25/2025","Broker","Driver","35"
"07/25/2025","Primary","Vehicles","2"
"07/25/2025","Primary","Service - Ride Time","3"
"07/25/2025","Primary","Service - No Shows","9"
"07/25/2025","Primary","Service - Late Pickup","6"
"07/25/2025","Primary","Driver","9"
"07/24/2025","Primary","Driver","10"
"07/24/2025","Other/Unidentified Provider","Driver","1"
"07/24/2025","Non-Transportation","Travel Services (Same Day)","12"
"07/24/2025","Non-Transportation","Travel Planning (Res)","6"
"07/24/2025","Non-Transportation","Scheduling","4"
"07/24/2025","Non-Transportation","Policy","17"
"07/24/2025","Non-Transportation","IT/Technology","4"
"07/24/2025","Non-Transportation","Eligibility","3"
"07/24/2025","Non-Transportation","Customer Relations","3"
"07/24/2025","Non-Transportation","Customer","21"
"07/24/2025","Supplemental","Vehicles","1"
"07/24/2025","Supplemental","Service - Ride Time","1"
"07/24/2025","Supplemental","Service - Other","1"
"07/24/2025","Supplemental","Service - No Shows","6"
"07/24/2025","Supplemental","Service - Late Pickup","1"
"07/24/2025","Supplemental","Driver","5"
"07/24/2025","Broker","Vehicles","5"
"07/24/2025","Broker","Service - Ride Time","15"
"07/24/2025","Broker","Service - Other","10"
"07/24/2025","Broker","Service - No Shows","33"
"07/24/2025","Broker","Service - Late Pickup","16"
"07/24/2025","Broker","Driver","45"
"07/24/2025","Primary","Vehicles","3"
"07/24/2025","Primary","Service - Ride Time","6"
"07/24/2025","Primary","Service - No Shows","12"
"07/24/2025","Primary","Service - Late Pickup","7"
"07/23/2025","Broker","Driver","49"
"07/23/2025","Other/Unidentified Provider","Driver","1"
"07/23/2025","Other/Unidentified Provider",,"1"
"07/23/2025","Non-Transportation","Travel Services (Same Day)","4"
"07/23/2025","Non-Transportation","Travel Planning (Res)","5"
"07/23/2025","Non-Transportation","Scheduling","6"
"07/23/2025","Non-Transportation","Policy","21"
"07/23/2025","Non-Transportation","IT/Technology","4"
"07/23/2025","Non-Transportation","Eligibility","3"
"07/23/2025","Non-Transportation","Customer","18"
"07/23/2025","Supplemental","Vehicles","2"
"07/23/2025","Supplemental","Service - Ride Time","4"
"07/23/2025","Supplemental","Service - Other","1"
"07/23/2025","Supplemental","Service - No Shows","7"
"07/23/2025","Supplemental","Service - Late Pickup","3"
"07/23/2025","Supplemental","Driver","4"
"07/23/2025","Broker","Vehicles","2"
"07/23/2025","Broker","Service - Ride Time","21"
"07/23/2025","Broker","Service - Other","4"
"07/23/2025","Broker","Service - No Shows","31"
"07/23/2025","Broker","Service - Late Pickup","9"
"07/23/2025","Primary","Vehicles","1"
"07/23/2025","Primary","Service - Ride Time","4"
"07/23/2025","Primary","Service - No Shows","19"
"07/23/2025","Primary","Service - Late Pickup","5"
"07/23/2025","Primary","Driver","15"
"07/22/2025","Primary","Service - Late Pickup","2"
"07/22/2025","Other/Unidentified Provider","Service - No Shows","3"
"07/22/2025","Other/Unidentified Provider","Driver","2"
"07/22/2025","Non-Transportation","Travel Services (Same Day)","5"
"07/22/2025","Non-Transportation","Travel Planning (Res)","8"
"07/22/2025","Non-Transportation","Scheduling","5"
"07/22/2025","Non-Transportation","Policy","18"
"07/22/2025","Non-Transportation","Other","1"
"07/22/2025","Non-Transportation","IT/Technology","9"
"07/22/2025","Non-Transportation","Eligibility","4"
"07/22/2025","Non-Transportation","Customer","20"
"07/22/2025","Supplemental","Vehicles","2"
"07/22/2025","Supplemental","Service - Ride Time","1"
"07/22/2025","Supplemental","Service - No Shows","9"
"07/22/2025","Supplemental","Driver","3"
"07/22/2025","Broker","Service - Ride Time","19"
"07/22/2025","Broker","Service - Other","7"
"07/22/2025","Broker","Service - No Shows","33"
"07/22/2025","Broker","Service - Late Pickup","8"
"07/22/2025","Broker","Driver","49"
"07/22/2025","Primary","Driver","6"
"07/22/2025","Primary","Vehicles","1"
"07/22/2025","Primary","Service - Ride Time","3"
"07/22/2025","Primary","Service - Other","1"
"07/22/2025","Primary","Service - No Shows","19"
"07/21/2025","Broker","Service - No Shows","40"
"07/21/2025","Other/Unidentified Provider","Service - No Shows","1"
"07/21/2025","Other/Unidentified Provider","Driver","2"
"07/21/2025","Non-Transportation","Travel Services (Same Day)","9"
"07/21/2025","Non-Transportation","Travel Planning (Res)","7"
"07/21/2025","Non-Transportation","Scheduling","4"
"07/21/2025","Non-Transportation","Policy","27"
"07/21/2025","Non-Transportation","IT/Technology","7"
"07/21/2025","Non-Transportation","Eligibility","3"
"07/21/2025","Non-Transportation","Customer Relations","1"
"07/21/2025","Non-Transportation","Customer","23"
"07/21/2025","Supplemental","Vehicles","5"
"07/21/2025","Supplemental","Service - Ride Time","3"
"07/21/2025","Supplemental","Service - No Shows","9"
"07/21/2025","Supplemental","Service - Late Pickup","2"
"07/21/2025","Supplemental","Driver","2"
"07/21/2025","Broker","Vehicles","3"
"07/21/2025","Broker","Service - Ride Time","16"
"07/21/2025","Broker","Service - Other","5"
"07/21/2025","Broker","Service - Late Pickup","5"
"07/21/2025","Broker","Driver","74"
"07/21/2025","Primary","Service - Ride Time","4"
"07/21/2025","Primary","Service - No Shows","19"
"07/21/2025","Primary","Service - Late Pickup","6"
"07/21/2025","Primary","Driver","9"
"07/20/2025","Primary","Vehicles","1"
"07/20/2025","Non-Transportation","Policy","4"
"07/20/2025","Supplemental","Vehicles","1"
"07/20/2025","Supplemental","Service - Ride Time","1"
"07/20/2025","Supplemental","Service - Late Pickup","1"
"07/20/2025","Supplemental","Driver","3"
"07/20/2025","Broker","Service - Ride Time","1"
"07/20/2025","Broker","Service - No Shows","1"
"07/20/2025","Broker","Driver","4"
"07/19/2025","Broker","Service - Late Pickup","1"
"07/19/2025","Non-Transportation","Policy","2"
"07/19/2025","Non-Transportation","Customer","1"
"07/19/2025","Broker","Driver","3"
"07/18/2025","Supplemental","Service - No Shows","3"
"07/18/2025","Supplemental","Driver","1"
"07/18/2025","Broker","Vehicles","6"
"07/18/2025","Broker","Service - Ride Time","13"
"07/18/2025","Broker","Service - Other","5"
"07/18/2025","Broker","Service - No Shows","28"
"07/18/2025","Broker","Service - Late Pickup","7"
"07/18/2025","Broker","Driver","36"
"07/18/2025","Primary","Vehicles","2"
"07/18/2025","Primary","Service - Ride Time","4"
"07/18/2025","Primary","Service - Other","1"
"07/18/2025","Primary","Service - No Shows","10"
"07/18/2025","Primary","Driver","8"
"07/18/2025","Primary","Service - Late Pickup","2"
"07/18/2025","Other/Unidentified Provider","Vehicles","1"
"07/18/2025","Other/Unidentified Provider","Service - Late Pickup","2"
"07/18/2025","Other/Unidentified Provider","Driver","1"
"07/18/2025","Non-Transportation","Travel Services (Same Day)","7"
"07/18/2025","Non-Transportation","Travel Planning (Res)","6"
"07/18/2025","Non-Transportation","Scheduling","2"
"07/18/2025","Non-Transportation","Policy","17"
"07/18/2025","Non-Transportation","IT/Technology","4"
"07/18/2025","Non-Transportation","Eligibility","3"
"07/18/2025","Non-Transportation","Customer","20"
"07/18/2025","Supplemental","Vehicles","4"
"07/18/2025","Supplemental","Service - Ride Time","2"
"07/17/2025","Broker","Service - Other","4"
"07/17/2025","Other/Unidentified Provider","Service - No Shows","2"
"07/17/2025","Other/Unidentified Provider","Driver","5"
"07/17/2025","Non-Transportation","Travel Services (Same Day)","5"
"07/17/2025","Non-Transportation","Travel Planning (Res)","7"
"07/17/2025","Non-Transportation","Scheduling","3"
"07/17/2025","Non-Transportation","Policy","18"
"07/17/2025","Non-Transportation","IT/Technology","5"
"07/17/2025","Non-Transportation","Eligibility","1"
"07/17/2025","Non-Transportation","Customer","16"
"07/17/2025","Supplemental","Vehicles","1"
"07/17/2025","Supplemental","Service - Ride Time","2"
"07/17/2025","Supplemental","Service - No Shows","3"
"07/17/2025","Supplemental","Service - Late Pickup","1"
"07/17/2025","Supplemental","Driver","3"
"07/17/2025","Broker","Vehicles","6"
"07/17/2025","Broker","Service - Ride Time","16"
"07/17/2025","Broker","Service - No Shows","35"
"07/17/2025","Broker","Service - Late Pickup","4"
"07/17/2025","Broker","Driver","48"
"07/17/2025","Primary","Vehicles","2"
"07/17/2025","Primary","Service - Ride Time","4"
"07/17/2025","Primary","Service - Other","1"
"07/17/2025","Primary","Service - No Shows","10"
"07/17/2025","Primary","Service - Late Pickup","1"
"07/17/2025","Primary","Driver","9"
"07/16/2025","Broker","Driver","38"
"07/16/2025","Primary","Service - Ride Time","4"
"07/16/2025","Other/Unidentified Provider","Driver","2"
"07/16/2025","Non-Transportation","Travel Services (Same Day)","3"
"07/16/2025","Non-Transportation","Travel Planning (Res)","9"
"07/16/2025","Non-Transportation","Scheduling","7"
"07/16/2025","Non-Transportation","Policy","20"
"07/16/2025","Non-Transportation","IT/Technology","2"
"07/16/2025","Non-Transportation","Eligibility","4"
"07/16/2025","Non-Transportation","Customer Relations","1"
"07/16/2025","Non-Transportation","Customer","9"
"07/16/2025","Supplemental","Vehicles","5"
"07/16/2025","Supplemental","Service - Ride Time","5"
"07/16/2025","Supplemental","Service - Other","3"
"07/16/2025","Supplemental","Service - No Shows","4"
"07/16/2025","Supplemental","Service - Late Pickup","1"
"07/16/2025","Primary","Service - Other","1"
"07/16/2025","Broker","Vehicles","3"
"07/16/2025","Broker","Service - Ride Time","20"
"07/16/2025","Broker","Service - Other","2"
"07/16/2025","Primary","Service - No Shows","16"
"07/16/2025","Broker","Service - No Shows","25"
"07/16/2025","Primary","Driver","10"
"07/16/2025","Broker","Service - Late Pickup","8"
"07/16/2025","Primary","Service - Late Pickup","9"
"07/15/2025","Non-Transportation","Travel Services (Same Day)","11"
"07/15/2025","Other/Unidentified Provider","Service - Ride Time","1"
"07/15/2025","Other/Unidentified Provider","Service - No Shows","1"
"07/15/2025","Other/Unidentified Provider","Driver","2"
"07/15/2025","Non-Transportation","Travel Planning (Res)","6"
"07/15/2025","Non-Transportation","Scheduling","2"
"07/15/2025","Non-Transportation","Policy","14"
"07/15/2025","Non-Transportation","IT/Technology","4"
"07/15/2025","Non-Transportation","Eligibility","6"
"07/15/2025","Non-Transportation","Customer","14"
"07/15/2025","Supplemental","Vehicles","4"
"07/15/2025","Supplemental","Service - No Shows","5"
"07/15/2025","Supplemental","Service - Late Pickup","1"
"07/15/2025","Supplemental","Driver","8"
"07/15/2025","Broker","Vehicles","4"
"07/15/2025","Broker","Service - Ride Time","30"
"07/15/2025","Broker","Service - Other","6"
"07/15/2025","Broker","Service - No Shows","50"
"07/15/2025","Broker","Service - Late Pickup","9"
"07/15/2025","Broker","Driver","53"
"07/15/2025","Primary","Service - Ride Time","10"
"07/15/2025","Primary","Service - No Shows","16"
"07/15/2025","Primary","Service - Late Pickup","5"
"07/15/2025","Primary","Driver","6"
"07/14/2025","Primary","Driver","11"
"07/14/2025","Other/Unidentified Provider","Service - Ride Time","1"
"07/14/2025","Other/Unidentified Provider","Driver","3"
"07/14/2025","Non-Transportation","Travel Services (Same Day)","6"
"07/14/2025","Non-Transportation","Travel Planning (Res)","6"
"07/14/2025","Non-Transportation","Scheduling","10"
"07/14/2025","Non-Transportation","Policy","20"
"07/14/2025","Non-Transportation","IT/Technology","2"
"07/14/2025","Non-Transportation","Eligibility","6"
"07/14/2025","Non-Transportation","Customer Relations","1"
"07/14/2025","Non-Transportation","Customer","23"
"07/14/2025","Supplemental","Vehicles","2"
"07/14/2025","Supplemental","Service - Ride Time","1"
"07/14/2025","Supplemental","Service - No Shows","7"
"07/14/2025","Supplemental","Driver","1"
"07/14/2025","Broker","Vehicles","1"
"07/14/2025","Broker","Service - Ride Time","16"
"07/14/2025","Broker","Service - Other","3"
"07/14/2025","Broker","Service - No Shows","40"
"07/14/2025","Broker","Service - Late Pickup","6"
"07/14/2025","Broker","Driver","47"
"07/14/2025","Primary","Vehicles","1"
"07/14/2025","Primary","Service - Ride Time","7"
"07/14/2025","Primary","Service - Other","2"
"07/14/2025","Primary","Service - No Shows","12"
"07/14/2025","Primary","Service - Late Pickup","5"
"07/13/2025","Broker","Driver","1"
"07/13/2025","Supplemental","Service - No Shows","2"
"07/13/2025","Broker","Service - Ride Time","1"
"07/13/2025","Primary","Driver","1"
"07/12/2025","Primary","Service - Ride Time","1"
"07/12/2025","Other/Unidentified Provider","Service - Late Pickup","1"
"07/12/2025","Non-Transportation","Travel Planning (Res)","1"
"07/12/2025","Non-Transportation","Policy","1"
"07/12/2025","Broker","Service - Other","1"
"07/12/2025","Broker","Driver","2"
"07/12/2025","Primary","Driver","3"
"07/11/2025","Broker","Vehicles","5"
"07/11/2025","Other/Unidentified Provider","Service - Other","1"
"07/11/2025","Other/Unidentified Provider","Service - Late Pickup","1"
"07/11/2025","Other/Unidentified Provider","Driver","2"
"07/11/2025","Other/Unidentified Provider",,"1"
"07/11/2025","Non-Transportation","Travel Services (Same Day)","5"
"07/11/2025","Non-Transportation","Travel Planning (Res)","11"
"07/11/2025","Non-Transportation","Scheduling","4"
"07/11/2025","Non-Transportation","Policy","13"
"07/11/2025","Non-Transportation","IT/Technology","1"
"07/11/2025","Non-Transportation","Eligibility","1"
"07/11/2025","Non-Transportation","Customer","11"
"07/11/2025","Supplemental","Vehicles","2"
"07/11/2025","Supplemental","Service - Ride Time","3"
"07/11/2025","Supplemental","Service - No Shows","7"
"07/11/2025","Supplemental","Driver","7"
"07/11/2025","Broker","Service - Ride Time","20"
"07/11/2025","Broker","Service - Other","4"
"07/11/2025","Broker","Service - No Shows","20"
"07/11/2025","Broker","Service - Late Pickup","7"
"07/11/2025","Broker","Driver","43"
"07/11/2025","Primary","Service - Ride Time","5"
"07/11/2025","Primary","Service - No Shows","15"
"07/11/2025","Primary","Service - Late Pickup","5"
"07/11/2025","Primary","Driver","8"
"07/10/2025","Primary","Service - Late Pickup","4"
"07/10/2025","Other/Unidentified Provider","Service - No Shows","2"
"07/10/2025","Other/Unidentified Provider","Driver","3"
"07/10/2025","Non-Transportation","Travel Services (Same Day)","7"
"07/10/2025","Non-Transportation","Travel Planning (Res)","5"
"07/10/2025","Non-Transportation","Scheduling","4"
"07/10/2025","Non-Transportation","Policy","18"
"07/10/2025","Non-Transportation","IT/Technology","3"
"07/10/2025","Non-Transportation","Eligibility","4"
"07/10/2025","Non-Transportation","Customer Relations","1"
"07/10/2025","Non-Transportation","Customer","21"
"07/10/2025","Supplemental","Service - Ride Time","1"
"07/10/2025","Supplemental","Service - No Shows","5"
"07/10/2025","Supplemental","Driver","9"
"07/10/2025","Broker","Vehicles","5"
"07/10/2025","Broker","Service - Ride Time","21"
"07/10/2025","Primary","Driver","16"
"07/10/2025","Broker","Service - Other","2"
"07/10/2025","Broker","Service - No Shows","26"
"07/10/2025","Broker","Service - Late Pickup","10"
"07/10/2025","Broker","Driver","50"
"07/10/2025","Primary","Vehicles","2"
"07/10/2025","Primary","Service - Ride Time","7"
"07/10/2025","Primary","Service - Other","1"
"07/10/2025","Primary","Service - No Shows","12"
"07/09/2025","Non-Transportation","Policy","21"
"07/09/2025","Other/Unidentified Provider","Driver","1"
"07/09/2025","Non-Transportation","Travel Services (Same Day)","9"
"07/09/2025","Non-Transportation","Travel Planning (Res)","12"
"07/09/2025","Non-Transportation","Scheduling","6"
"07/09/2025","Non-Transportation","IT/Technology","9"
"07/09/2025","Non-Transportation","Eligibility","5"
"07/09/2025","Non-Transportation","Customer","19"
"07/09/2025","Supplemental","Vehicles","7"
"07/09/2025","Supplemental","Service - Ride Time","2"
"07/09/2025","Supplemental","Service - Other","1"
"07/09/2025","Supplemental","Service - No Shows","8"
"07/09/2025","Supplemental","Service - Late Pickup","3"
"07/09/2025","Supplemental","Driver","5"
"07/09/2025","Broker","Vehicles","2"
"07/09/2025","Broker","Service - Ride Time","14"
"07/09/2025","Broker","Service - Other","7"
"07/09/2025","Broker","Service - No Shows","27"
"07/09/2025","Broker","Service - Late Pickup","8"
"07/09/2025","Broker","Driver","43"
"07/09/2025","Primary","Vehicles","4"
"07/09/2025","Primary","Service - Ride Time","2"
"07/09/2025","Primary","Service - Other","2"
"07/09/2025","Primary","Service - No Shows","7"
"07/09/2025","Primary","Service - Late Pickup","6"
"07/09/2025","Primary","Driver","20"
"07/08/2025","Primary","Driver","15"
"07/08/2025","Other/Unidentified Provider","Service - Ride Time","1"
"07/08/2025","Other/Unidentified Provider","Service - Late Pickup","1"
"07/08/2025","Non-Transportation","Travel Services (Same Day)","6"
"07/08/2025","Non-Transportation","Travel Planning (Res)","5"
"07/08/2025","Non-Transportation","Scheduling","5"
"07/08/2025","Non-Transportation","Policy","18"
"07/08/2025","Non-Transportation","IT/Technology","8"
"07/08/2025","Non-Transportation","Eligibility","3"
"07/08/2025","Non-Transportation","Customer Relations","2"
"07/08/2025","Non-Transportation","Customer","10"
"07/08/2025","Supplemental","Service - Ride Time","2"
"07/08/2025","Supplemental","Service - No Shows","2"
"07/08/2025","Supplemental","Service - Late Pickup","1"
"07/08/2025","Supplemental","Driver","6"
"07/08/2025","Broker","Vehicles","8"
"07/08/2025","Broker","Service - Ride Time","19"
"07/08/2025","Broker","Service - Other","2"
"07/08/2025","Broker","Service - No Shows","30"
"07/08/2025","Broker","Service - Late Pickup","5"
"07/08/2025","Broker","Driver","52"
"07/08/2025","Primary","Vehicles","1"
"07/08/2025","Primary","Service - Ride Time","2"
"07/08/2025","Primary","Service - No Shows","12"
"07/08/2025","Primary","Service - Late Pickup","5"
"07/07/2025","Broker","Service - Late Pickup","5"
"07/07/2025","Other/Unidentified Provider","Service - Ride Time","1"
"07/07/2025","Other/Unidentified Provider","Service - Other","1"
"07/07/2025","Other/Unidentified Provider","Service - No Shows","1"
"07/07/2025","Non-Transportation","Travel Services (Same Day)","3"
"07/07/2025","Non-Transportation","Travel Planning (Res)","5"
"07/07/2025","Non-Transportation","Scheduling","11"
"07/07/2025","Non-Transportation","Policy","27"
"07/07/2025","Non-Transportation","IT/Technology","5"
"07/07/2025","Non-Transportation","Eligibility","7"
"07/07/2025","Non-Transportation","Customer","14"
"07/07/2025","Supplemental","Vehicles","3"
"07/07/2025","Supplemental","Service - Ride Time","5"
"07/07/2025","Supplemental","Service - No Shows","11"
"07/07/2025","Supplemental","Service - Late Pickup","1"
"07/07/2025","Supplemental","Driver","8"
"07/07/2025","Broker","Vehicles","2"
"07/07/2025","Broker","Service - Ride Time","13"
"07/07/2025","Broker","Service - Other","4"
"07/07/2025","Broker","Service - No Shows","37"
"07/07/2025","Broker","Driver","57"
"07/07/2025","Primary","Vehicles","2"
"07/07/2025","Primary","Service - Ride Time","5"
"07/07/2025","Primary","Service - No Shows","13"
"07/07/2025","Primary","Service - Late Pickup","4"
"07/07/2025","Primary","Driver","10"
"07/06/2025","Broker","Driver","1"
"07/06/2025","Primary","Vehicles","1"
"07/06/2025","Non-Transportation","Travel Services (Same Day)","1"
"07/06/2025","Non-Transportation","Travel Planning (Res)","1"
"07/06/2025","Supplemental","Service - Ride Time","1"
"07/06/2025","Broker","Service - Ride Time","3"
"07/06/2025","Other/Unidentified Provider","Service - Late Pickup","1"
"07/06/2025","Broker","Service - No Shows","1"
"07/06/2025","Broker","Service - Late Pickup","1"
"07/05/2025","Broker","Service - Ride Time","1"
"07/05/2025","Broker","Driver","2"
"07/05/2025","Primary","Driver","1"
"07/05/2025","Other/Unidentified Provider","Driver","1"
"07/05/2025","Non-Transportation","Travel Services (Same Day)","1"
"07/05/2025","Non-Transportation","Policy","4"
"07/05/2025","Non-Transportation","IT/Technology","1"
"07/05/2025","Broker","Service - Late Pickup","2"
"07/04/2025","Broker","Service - Other","1"
"07/04/2025","Broker","Driver","3"
"07/04/2025","Primary","Service - Late Pickup","1"
"07/04/2025","Primary","Driver","2"
"07/03/2025","Broker","Service - Other","5"
"07/03/2025","Other/Unidentified Provider","Vehicles","2"
"07/03/2025","Non-Transportation","Travel Services (Same Day)","7"
"07/03/2025","Non-Transportation","Travel Planning (Res)","4"
"07/03/2025","Non-Transportation","Scheduling","8"
"07/03/2025","Non-Transportation","Policy","12"
"07/03/2025","Non-Transportation","IT/Technology","9"
"07/03/2025","Non-Transportation","Eligibility","1"
"07/03/2025","Non-Transportation","Customer","19"
"07/03/2025","Supplemental","Vehicles","3"
"07/03/2025","Supplemental","Service - Ride Time","2"
"07/03/2025","Supplemental","Service - Other","1"
"07/03/2025","Supplemental","Service - No Shows","2"
"07/03/2025","Supplemental","Service - Late Pickup","2"
"07/03/2025","Supplemental","Driver","2"
"07/03/2025","Broker","Vehicles","3"
"07/03/2025","Broker","Service - Ride Time","20"
"07/03/2025","Broker","Service - No Shows","24"
"07/03/2025","Broker","Service - Late Pickup","14"
"07/03/2025","Broker","Driver","33"
"07/03/2025","Primary","Vehicles","2"
"07/03/2025","Primary","Service - Ride Time","6"
"07/03/2025","Primary","Service - Other","2"
"07/03/2025","Primary","Service - No Shows","20"
"07/03/2025","Primary","Service - Late Pickup","7"
"07/03/2025","Primary","Driver","15"
"07/02/2025","Primary","Driver","14"
"07/02/2025","Other/Unidentified Provider","Service - No Shows","2"
"07/02/2025","Other/Unidentified Provider","Driver","2"
"07/02/2025","Non-Transportation","Travel Services (Same Day)","3"
"07/02/2025","Non-Transportation","Travel Planning (Res)","4"
"07/02/2025","Non-Transportation","Scheduling","7"
"07/02/2025","Non-Transportation","Policy","26"
"07/02/2025","Non-Transportation","IT/Technology","5"
"07/02/2025","Non-Transportation","Eligibility","1"
"07/02/2025","Non-Transportation","Customer Relations","1"
"07/02/2025","Non-Transportation","Customer","15"
"07/02/2025","Supplemental","Vehicles","1"
"07/02/2025","Supplemental","Service - Other","1"
"07/02/2025","Supplemental","Service - No Shows","6"
"07/02/2025","Supplemental","Service - Late Pickup","1"
"07/02/2025","Supplemental","Driver","6"
"07/02/2025","Broker","Vehicles","1"
"07/02/2025","Broker","Service - Ride Time","15"
"07/02/2025","Broker","Service - Other","7"
"07/02/2025","Broker","Service - No Shows","29"
"07/02/2025","Broker","Service - Late Pickup","5"
"07/02/2025","Broker","Driver","40"
"07/02/2025","Primary","Service - Ride Time","5"
"07/02/2025","Primary","Service - No Shows","14"
"07/02/2025","Primary","Service - Late Pickup","3"
"07/01/2025","Non-Transportation","Customer Relations","1"
"07/01/2025","Other/Unidentified Provider","Service - Late Pickup","1"
"07/01/2025","Other/Unidentified Provider","Driver","5"
"07/01/2025","Non-Transportation","Travel Services (Same Day)","5"
"07/01/2025","Non-Transportation","Travel Planning (Res)","9"
"07/01/2025","Non-Transportation","Scheduling","5"
"07/01/2025","Non-Transportation","Policy","16"
"07/01/2025","Non-Transportation","IT/Technology","7"
"07/01/2025","Non-Transportation","Eligibility","3"
"07/01/2025","Non-Transportation","Customer","16"
"07/01/2025","Supplemental","Vehicles","5"
"07/01/2025","Supplemental","Service - Ride Time","2"
"07/01/2025","Supplemental","Service - Other","1"
"07/01/2025","Supplemental","Service - No Shows","7"
"07/01/2025","Supplemental","Service - Late Pickup","3"
"07/01/2025","Supplemental","Driver","4"
"07/01/2025","Broker","Vehicles","3"
"07/01/2025","Broker","Service - Ride Time","16"
"07/01/2025","Broker","Service - Other","4"
"07/01/2025","Broker","Service - No Shows","28"
"07/01/2025","Broker","Service - Late Pickup","11"
"07/01/2025","Broker","Driver","44"
"07/01/2025","Primary","Vehicles","2"
"07/01/2025","Primary","Service - Ride Time","10"
"07/01/2025","Primary","Service - Other","1"
"07/01/2025","Primary","Service - No Shows","13"
"07/01/2025","Primary","Service - Late Pickup","1"
"07/01/2025","Primary","Driver","12"
"06/30/2025","Primary","Service - Late Pickup","5"
"06/30/2025","Primary","Driver","11"
"06/30/2025","Other/Unidentified Provider","Service - No Shows","3"
"06/30/2025","Other/Unidentified Provider","Driver","4"
"06/30/2025","Non-Transportation","Travel Services (Same Day)","10"
"06/30/2025","Non-Transportation","Travel Planning (Res)","6"
"06/30/2025","Non-Transportation","Scheduling","7"
"06/30/2025","Non-Transportation","Policy","28"
"06/30/2025","Non-Transportation","IT/Technology","10"
"06/30/2025","Non-Transportation","Eligibility","4"
"06/30/2025","Non-Transportation","Customer Relations","1"
"06/30/2025","Non-Transportation","Customer","21"
"06/30/2025","Supplemental","Vehicles","3"
"06/30/2025","Supplemental","Service - Ride Time","1"
"06/30/2025","Supplemental","Service - Other","1"
"06/30/2025","Supplemental","Service - No Shows","7"
"06/30/2025","Supplemental","Driver","4"
"06/30/2025","Broker","Vehicles","3"
"06/30/2025","Broker","Service - Ride Time","13"
"06/30/2025","Other/Unidentified Provider","Vehicles","2"
"06/30/2025","Broker","Service - Other","1"
"06/30/2025","Broker","Service - No Shows","41"
"06/30/2025","Broker","Service - Late Pickup","11"
"06/30/2025","Broker","Driver","29"
"06/30/2025","Primary","Vehicles","2"
"06/30/2025","Primary","Service - Ride Time","8"
"06/30/2025","Primary","Service - No Shows","20"
"06/29/2025","Supplemental","Driver","2"
"06/29/2025","Broker","Driver","1"
"06/29/2025","Non-Transportation","Policy","2"
"06/29/2025","Supplemental","Service - No Shows","1"
"06/29/2025","Broker","Service - Ride Time","2"
"06/28/2025","Supplemental","Driver","1"
"06/28/2025","Primary","Driver","2"
"06/28/2025","Non-Transportation","IT/Technology","1"
"06/28/2025","Non-Transportation","Customer","1"
"06/28/2025","Supplemental","Vehicles","1"
"06/28/2025","Primary","Vehicles","1"
"06/27/2025","Non-Transportation","Eligibility","2"
"06/27/2025","Non-Transportation","Travel Services (Same Day)","9"
"06/27/2025","Non-Transportation","Travel Planning (Res)","1"
"06/27/2025","Non-Transportation","Scheduling","6"
"06/27/2025","Non-Transportation","Policy","25"
"06/27/2025","Non-Transportation","IT/Technology","6"
"06/27/2025","Non-Transportation","Customer Relations","1"
"06/27/2025","Non-Transportation","Customer","23"
"06/27/2025","Supplemental","Service - No Shows","9"
"06/27/2025","Supplemental","Service - Late Pickup","3"
"06/27/2025","Supplemental","Driver","5"
"06/27/2025","Broker","Vehicles","2"
"06/27/2025","Broker","Service - Ride Time","15"
"06/27/2025","Broker","Service - Other","5"
"06/27/2025","Broker","Service - No Shows","37"
"06/27/2025","Broker","Service - Late Pickup","10"
"06/27/2025","Broker","Driver","28"
"06/27/2025","Primary","Service - Ride Time","8"
"06/27/2025","Primary","Service - No Shows","11"
"06/27/2025","Primary","Service - Late Pickup","6"
"06/27/2025","Primary","Driver","6"
"06/26/2025","Primary","Driver","3"
"06/26/2025","Other/Unidentified Provider","Driver","3"
"06/26/2025","Non-Transportation","Travel Services (Same Day)","6"
"06/26/2025","Non-Transportation","Travel Planning (Res)","4"
"06/26/2025","Non-Transportation","Scheduling","4"
"06/26/2025","Non-Transportation","Policy","17"
"06/26/2025","Non-Transportation","IT/Technology","2"
"06/26/2025","Non-Transportation","Eligibility","5"
"06/26/2025","Non-Transportation","Customer Relations","3"
"06/26/2025","Non-Transportation","Customer","15"
"06/26/2025","Supplemental","Vehicles","9"
"06/26/2025","Supplemental","Service - Ride Time","1"
"06/26/2025","Supplemental","Service - Other","1"
"06/26/2025","Supplemental","Service - No Shows","11"
"06/26/2025","Supplemental","Service - Late Pickup","1"
"06/26/2025","Supplemental","Driver","4"
"06/26/2025","Broker","Vehicles","5"
"06/26/2025","Broker","Service - Ride Time","15"
"06/26/2025","Broker","Service - Other","7"
"06/26/2025","Broker","Service - No Shows","51"
"06/26/2025","Broker","Service - Late Pickup","14"
"06/26/2025","Broker","Driver","42"
"06/26/2025","Primary","Vehicles","5"
"06/26/2025","Primary","Service - Ride Time","7"
"06/26/2025","Primary","Service - Other","1"
"06/26/2025","Primary","Service - No Shows","16"
"06/26/2025","Primary","Service - Late Pickup","8"
"06/25/2025","Primary","Service - Ride Time","6"
"06/25/2025","Other/Unidentified Provider","Service - No Shows","1"
"06/25/2025","Other/Unidentified Provider","Driver","3"
"06/25/2025","Non-Transportation","Travel Services (Same Day)","4"
"06/25/2025","Non-Transportation","Travel Planning (Res)","5"
"06/25/2025","Non-Transportation","Scheduling","6"
"06/25/2025","Non-Transportation","Policy","14"
"06/25/2025","Non-Transportation","IT/Technology","4"
"06/25/2025","Non-Transportation","Eligibility","2"
"06/25/2025","Non-Transportation","Customer Relations","1"
"06/25/2025","Non-Transportation","Customer","12"
"06/25/2025","Supplemental","Vehicles","15"
"06/25/2025","Supplemental","Service - Ride Time","1"
"06/25/2025","Supplemental","Service - Other","1"
"06/25/2025","Supplemental","Service - No Shows","4"
"06/25/2025","Supplemental","Service - Late Pickup","1"
"06/25/2025","Supplemental","Driver","11"
"06/25/2025","Broker","Vehicles","6"
"06/25/2025","Broker","Service - Ride Time","10"
"06/25/2025","Broker","Service - Other","3"
"06/25/2025","Broker","Service - No Shows","42"
"06/25/2025","Broker","Service - Late Pickup","11"
"06/25/2025","Broker","Driver","48"
"06/25/2025","Primary","Vehicles","7"
"06/25/2025","Primary","Service - No Shows","23"
"06/25/2025","Primary","Service - Late Pickup","6"
"06/25/2025","Primary","Driver","12"
"06/24/2025","Primary","Service - Ride Time","7"
"06/24/2025","Other/Unidentified Provider","Service - Ride Time","1"
"06/24/2025","Other/Unidentified Provider","Service - No Shows","1"
"06/24/2025","Other/Unidentified Provider","Service - Late Pickup","1"
"06/24/2025","Other/Unidentified Provider","Driver","3"
"06/24/2025","Non-Transportation","Travel Services (Same Day)","16"
"06/24/2025","Non-Transportation","Travel Planning (Res)","5"
"06/24/2025","Non-Transportation","Scheduling","4"
"06/24/2025","Non-Transportation","Policy","26"
"06/24/2025","Non-Transportation","IT/Technology","12"
"06/24/2025","Non-Transportation","Eligibility","2"
"06/24/2025","Non-Transportation","Customer Relations","2"
"06/24/2025","Non-Transportation","Customer","16"
"06/24/2025","Primary","Service - Late Pickup","6"
"06/24/2025","Supplemental","Vehicles","5"
"06/24/2025","Supplemental","Service - Ride Time","3"
"06/24/2025","Supplemental","Service - No Shows","9"
"06/24/2025","Supplemental","Service - Late Pickup","3"
"06/24/2025","Supplemental","Driver","8"
"06/24/2025","Broker","Vehicles","8"
"06/24/2025","Primary","Driver","4"
"06/24/2025","Broker","Service - Ride Time","17"
"06/24/2025","Broker","Service - Other","1"
"06/24/2025","Broker","Service - No Shows","51"
"06/24/2025","Broker","Service - Late Pickup","15"
"06/24/2025","Primary","Service - No Shows","20"
"06/24/2025","Broker","Driver","50"
"06/24/2025","Primary","Vehicles","7"
"06/23/2025","Primary","Service - Late Pickup","4"
"06/23/2025","Other/Unidentified Provider","Vehicles","1"
"06/23/2025","Other/Unidentified Provider","Service - Ride Time","1"
"06/23/2025","Other/Unidentified Provider","Service - No Shows","1"
"06/23/2025","Other/Unidentified Provider","Service - Late Pickup","1"
"06/23/2025","Other/Unidentified Provider","Driver","1"
"06/23/2025","Non-Transportation","Travel Services (Same Day)","12"
"06/23/2025","Non-Transportation","Travel Planning (Res)","9"
"06/23/2025","Non-Transportation","Scheduling","3"
"06/23/2025","Non-Transportation","Policy","24"
"06/23/2025","Non-Transportation","IT/Technology","8"
"06/23/2025","Non-Transportation","Eligibility","3"
"06/23/2025","Non-Transportation","Customer Relations","1"
"06/23/2025","Non-Transportation","Customer","18"
"06/23/2025","Supplemental","Vehicles","8"
"06/23/2025","Supplemental","Service - Ride Time","4"
"06/23/2025","Supplemental","Service - No Shows","14"
"06/23/2025","Supplemental","Service - Late Pickup","2"
"06/23/2025","Supplemental","Driver","5"
"06/23/2025","Broker","Vehicles","7"
"06/23/2025","Broker","Service - Ride Time","18"
"06/23/2025","Broker","Service - Other","2"
"06/23/2025","Broker","Service - No Shows","41"
"06/23/2025","Broker","Service - Late Pickup","14"
"06/23/2025","Broker","Driver","50"
"06/23/2025","Primary","Vehicles","1"
"06/23/2025","Primary","Service - Ride Time","1"
"06/23/2025","Primary","Service - Other","1"
"06/23/2025","Primary","Service - No Shows","20"
"06/23/2025","Primary","Driver","9"
"06/22/2025","Broker","Service - No Shows","1"
"06/22/2025","Broker","Service - Late Pickup","1"
"06/22/2025","Broker","Driver","4"
"06/22/2025","Primary","Service - Ride Time","1"
"06/22/2025","Primary","Service - Late Pickup","1"
"06/22/2025","Non-Transportation","Policy","5"
"06/22/2025","Supplemental","Service - No Shows","3"
"06/22/2025","Broker","Service - Ride Time","1"
"06/21/2025","Broker","Driver","4"
"06/21/2025","Primary","Vehicles","1"
"06/21/2025","Primary","Service - Ride Time","1"
"06/21/2025","Primary","Service - No Shows","1"
"06/21/2025","Primary","Service - Other","1"
"06/21/2025","Non-Transportation","Travel Services (Same Day)","1"
"06/21/2025","Non-Transportation","Policy","1"
"06/21/2025","Supplemental","Service - No Shows","1"
"06/21/2025","Supplemental","Driver","1"
"06/21/2025","Broker","Service - Ride Time","4"
"06/21/2025","Broker","Service - No Shows","3"
"06/21/2025","Broker","Service - Late Pickup","1"
"06/20/2025","Supplemental","Driver","7"
"06/20/2025","Other/Unidentified Provider","Vehicles","1"
"06/20/2025","Other/Unidentified Provider","Service - No Shows","1"
"06/20/2025","Other/Unidentified Provider",,"1"
"06/20/2025","Non-Transportation","Travel Services (Same Day)","5"
"06/20/2025","Non-Transportation","Travel Planning (Res)","7"
"06/20/2025","Non-Transportation","Policy","17"
"06/20/2025","Non-Transportation","IT/Technology","6"
"06/20/2025","Non-Transportation","Eligibility","3"
"06/20/2025","Non-Transportation","Customer","10"
"06/20/2025","Supplemental","Service - Ride Time","1"
"06/20/2025","Supplemental","Service - No Shows","5"
"06/20/2025","Broker","Vehicles","2"
"06/20/2025","Broker","Service - Ride Time","15"
"06/20/2025","Broker","Service - Other","2"
"06/20/2025","Broker","Service - No Shows","35"
"06/20/2025","Broker","Service - Late Pickup","7"
"06/20/2025","Broker","Driver","35"
"06/20/2025","Primary","Vehicles","2"
"06/20/2025","Primary","Service - Ride Time","6"
"06/20/2025","Primary","Service - No Shows","14"
"06/20/2025","Primary","Service - Late Pickup","7"
"06/20/2025","Primary","Driver","12"
"06/19/2025","Primary","Service - Late Pickup","1"
"06/19/2025","Primary","Driver","1"
"06/19/2025","Non-Transportation","Travel Planning (Res)","1"
"06/19/2025","Non-Transportation","Scheduling","1"
"06/19/2025","Non-Transportation","Policy","3"
"06/19/2025","Non-Transportation","IT/Technology","1"
"06/19/2025","Non-Transportation","Customer","3"
"06/19/2025","Supplemental","Service - No Shows","1"
"06/19/2025","Broker","Service - Ride Time","2"
"06/19/2025","Broker","Service - Other","1"
"06/19/2025","Broker","Service - No Shows","3"
"06/19/2025","Broker","Service - Late Pickup","1"
"06/19/2025","Broker","Driver","5"
"06/19/2025","Primary","Service - No Shows","1"
"06/18/2025","Supplemental","Service - No Shows","6"
"06/18/2025","Supplemental","Service - Late Pickup","4"
"06/18/2025","Primary","Driver","11"
"06/18/2025","Supplemental","Driver","3"
"06/18/2025","Broker","Vehicles","5"
"06/18/2025","Broker","Service - Ride Time","35"
"06/18/2025","Broker","Service - Other","5"
"06/18/2025","Broker","Service - No Shows","45"
"06/18/2025","Broker","Service - Late Pickup","11"
"06/18/2025","Broker","Driver","53"
"06/18/2025","Primary","Vehicles","2"
"06/18/2025","Primary","Service - Ride Time","3"
"06/18/2025","Primary","Service - Late Pickup","13"
"06/18/2025","Primary","Service - No Shows","18"
"06/18/2025","Other/Unidentified Provider","Service - Late Pickup","1"
"06/18/2025","Other/Unidentified Provider","Driver","2"
"06/18/2025","Other/Unidentified Provider",,"1"
"06/18/2025","Non-Transportation","Travel Services (Same Day)","8"
"06/18/2025","Non-Transportation","Travel Planning (Res)","8"
"06/18/2025","Non-Transportation","Scheduling","3"
"06/18/2025","Non-Transportation","Policy","22"
"06/18/2025","Non-Transportation","IT/Technology","7"
"06/18/2025","Non-Transportation","Eligibility","2"
"06/18/2025","Non-Transportation","Customer","11"
"06/18/2025","Supplemental","Vehicles","2"
"06/18/2025","Supplemental","Service - Ride Time","2"
"06/18/2025","Supplemental","Service - Other","2"
"06/17/2025","Broker","Vehicles","4"
"06/17/2025","Other/Unidentified Provider","Service - Other","1"
"06/17/2025","Other/Unidentified Provider","Service - Late Pickup","1"
"06/17/2025","Other/Unidentified Provider","Driver","1"
"06/17/2025","Non-Transportation","Travel Services (Same Day)","7"
"06/17/2025","Non-Transportation","Travel Planning (Res)","11"
"06/17/2025","Non-Transportation","Scheduling","11"
"06/17/2025","Non-Transportation","Policy","18"
"06/17/2025","Non-Transportation","IT/Technology","10"
"06/17/2025","Non-Transportation","Eligibility","3"
"06/17/2025","Non-Transportation","Customer Relations","1"
"06/17/2025","Non-Transportation","Customer","19"
"06/17/2025","Supplemental","Service - Ride Time","3"
"06/17/2025","Supplemental","Service - Other","1"
"06/17/2025","Supplemental","Service - No Shows","4"
"06/17/2025","Supplemental","Service - Late Pickup","5"
"06/17/2025","Supplemental","Driver","3"
"06/17/2025","Broker","Service - Ride Time","27"
"06/17/2025","Broker","Service - Other","2"
"06/17/2025","Broker","Service - No Shows","39"
"06/17/2025","Broker","Service - Late Pickup","5"
"06/17/2025","Broker","Driver","46"
"06/17/2025","Primary","Service - Ride Time","9"
"06/17/2025","Primary","Service - No Shows","17"
"06/17/2025","Primary","Service - Late Pickup","9"
"06/17/2025","Primary","Driver","10"
"06/16/2025","Primary","Driver","12"
"06/16/2025","Other/Unidentified Provider","Vehicles","2"
"06/16/2025","Other/Unidentified Provider","Driver","2"
"06/16/2025","Non-Transportation","Travel Services (Same Day)","10"
"06/16/2025","Non-Transportation","Travel Planning (Res)","5"
"06/16/2025","Non-Transportation","Scheduling","4"
"06/16/2025","Non-Transportation","Policy","20"
"06/16/2025","Non-Transportation","IT/Technology","8"
"06/16/2025","Non-Transportation","Eligibility","2"
"06/16/2025","Non-Transportation","Customer Relations","2"
"06/16/2025","Non-Transportation","Customer","14"
"06/16/2025","Supplemental","Service - Ride Time","4"
"06/16/2025","Supplemental","Service - Other","3"
"06/16/2025","Supplemental","Service - No Shows","7"
"06/16/2025","Supplemental","Service - Late Pickup","3"
"06/16/2025","Supplemental","Driver","7"
"06/16/2025","Broker","Vehicles","3"
"06/16/2025","Broker","Service - Ride Time","10"
"06/16/2025","Broker","Service - Other","5"
"06/16/2025","Broker","Service - No Shows","40"
"06/16/2025","Broker","Service - Late Pickup","10"
"06/16/2025","Broker","Driver","42"
"06/16/2025","Primary","Service - Ride Time","5"
"06/16/2025","Primary","Service - Other","1"
"06/16/2025","Primary","Service - No Shows","16"
"06/16/2025","Primary","Service - Late Pickup","4"
"06/15/2025","Broker","Service - Late Pickup","1"
"06/15/2025","Non-Transportation","Travel Services (Same Day)","1"
"06/15/2025","Non-Transportation","Customer","1"
"06/15/2025","Supplemental","Service - Late Pickup","3"
"06/15/2025","Broker","Service - Ride Time","1"
"06/15/2025","Broker","Service - No Shows","1"
"06/15/2025","Broker","Driver","2"
"06/14/2025","Primary","Vehicles","1"
"06/14/2025","Non-Transportation","Customer","1"
"06/14/2025","Broker","Service - Ride Time","4"
"06/14/2025","Broker","Service - No Shows","2"
"06/14/2025","Broker","Service - Late Pickup","1"
"06/14/2025","Broker","Driver","1"
"06/14/2025","Primary","Driver","2"
"06/13/2025","Broker","Service - Other","4"
"06/13/2025","Other/Unidentified Provider","Service - Late Pickup","1"
"06/13/2025","Other/Unidentified Provider","Driver","2"
"06/13/2025","Non-Transportation","Travel Services (Same Day)","5"
"06/13/2025","Non-Transportation","Travel Planning (Res)","9"
"06/13/2025","Non-Transportation","Scheduling","4"
"06/13/2025","Non-Transportation","Policy","21"
"06/13/2025","Non-Transportation","IT/Technology","6"
"06/13/2025","Non-Transportation","Eligibility","3"
"06/13/2025","Non-Transportation","Customer Relations","3"
"06/13/2025","Non-Transportation","Customer","16"
"06/13/2025","Supplemental","Vehicles","1"
"06/13/2025","Supplemental","Service - No Shows","4"
"06/13/2025","Supplemental","Service - Late Pickup","1"
"06/13/2025","Supplemental","Driver","5"
"06/13/2025","Broker","Vehicles","2"
"06/13/2025","Broker","Service - Ride Time","25"
"06/13/2025","Broker","Service - No Shows","42"
"06/13/2025","Broker","Service - Late Pickup","12"
"06/13/2025","Broker","Driver","38"
"06/13/2025","Primary","Vehicles","2"
"06/13/2025","Primary","Service - Ride Time","5"
"06/13/2025","Primary","Service - Other","1"
"06/13/2025","Primary","Service - No Shows","6"
"06/13/2025","Primary","Service - Late Pickup","9"
"06/13/2025","Primary","Driver","10"
"06/12/2025","Primary","Service - No Shows","22"
"06/12/2025","Other/Unidentified Provider","Service - Late Pickup","1"
"06/12/2025","Other/Unidentified Provider","Driver","2"
"06/12/2025","Non-Transportation","Travel Services (Same Day)","8"
"06/12/2025","Non-Transportation","Travel Planning (Res)","6"
"06/12/2025","Non-Transportation","Scheduling","4"
"06/12/2025","Non-Transportation","Policy","19"
"06/12/2025","Non-Transportation","IT/Technology","8"
"06/12/2025","Non-Transportation","Eligibility","1"
"06/12/2025","Non-Transportation","Customer Relations","1"
"06/12/2025","Non-Transportation","Customer","16"
"06/12/2025","Supplemental","Vehicles","3"
"06/12/2025","Supplemental","Service - Ride Time","1"
"06/12/2025","Supplemental","Service - Other","2"
"06/12/2025","Supplemental","Service - No Shows","5"
"06/12/2025","Supplemental","Driver","9"
"06/12/2025","Broker","Vehicles","3"
"06/12/2025","Primary","Service - Late Pickup","3"
"06/12/2025","Primary","Driver","13"
"06/12/2025","Broker","Service - Ride Time","24"
"06/12/2025","Broker","Service - Other","4"
"06/12/2025","Broker","Service - No Shows","49"
"06/12/2025","Broker","Service - Late Pickup","9"
"06/12/2025","Broker","Driver","39"
"06/12/2025","Primary","Vehicles","4"
"06/12/2025","Primary","Service - Ride Time","11"
"06/11/2025","Supplemental","Service - No Shows","2"
"06/11/2025","Other/Unidentified Provider","Vehicles","1"
"06/11/2025","Other/Unidentified Provider","Service - No Shows","1"
"06/11/2025","Other/Unidentified Provider","Driver","2"
"06/11/2025","Non-Transportation","Travel Services (Same Day)","7"
"06/11/2025","Non-Transportation","Travel Planning (Res)","5"
"06/11/2025","Non-Transportation","Scheduling","5"
"06/11/2025","Non-Transportation","Policy","27"
"06/11/2025","Non-Transportation","IT/Technology","8"
"06/11/2025","Non-Transportation","Eligibility","1"
"06/11/2025","Non-Transportation","Customer","21"
"06/11/2025","Supplemental","Vehicles","1"
"06/11/2025","Supplemental","Service - Ride Time","2"
"06/11/2025","Supplemental","Service - Other","1"
"06/11/2025","Supplemental","Service - Late Pickup","2"
"06/11/2025","Supplemental","Driver","5"
"06/11/2025","Broker","Vehicles","1"
"06/11/2025","Broker","Service - Ride Time","22"
"06/11/2025","Broker","Service - Other","4"
"06/11/2025","Broker","Service - No Shows","48"
"06/11/2025","Broker","Service - Late Pickup","4"
"06/11/2025","Broker","Driver","36"
"06/11/2025","Primary","Service - Ride Time","19"
"06/11/2025","Primary","Service - Other","1"
"06/11/2025","Primary","Service - No Shows","11"
"06/11/2025","Primary","Service - Late Pickup","6"
"06/11/2025","Primary","Driver","6"
"06/10/2025","Primary","Driver","18"
"06/10/2025","Non-Transportation","Travel Services (Same Day)","8"
"06/10/2025","Non-Transportation","Travel Planning (Res)","10"
"06/10/2025","Non-Transportation","Scheduling","6"
"06/10/2025","Non-Transportation","Policy","21"
"06/10/2025","Non-Transportation","Other","1"
"06/10/2025","Non-Transportation","IT/Technology","2"
"06/10/2025","Non-Transportation","Customer","14"
"06/10/2025","Supplemental","Vehicles","1"
"06/10/2025","Supplemental","Service - Ride Time","1"
"06/10/2025","Supplemental","Service - Other","1"
"06/10/2025","Supplemental","Service - No Shows","17"
"06/10/2025","Supplemental","Service - Late Pickup","5"
"06/10/2025","Supplemental","Driver","13"
"06/10/2025","Broker","Vehicles","1"
"06/10/2025","Broker","Service - Ride Time","15"
"06/10/2025","Broker","Service - Other","4"
"06/10/2025","Broker","Service - No Shows","56"
"06/10/2025","Broker","Service - Late Pickup","15"
"06/10/2025","Broker","Driver","49"
"06/10/2025","Primary","Service - Ride Time","7"
"06/10/2025","Primary","Service - Other","2"
"06/10/2025","Primary","Service - No Shows","26"
"06/10/2025","Primary","Service - Late Pickup","9"
"06/09/2025","Non-Transportation","Customer","16"
"06/09/2025","Other/Unidentified Provider","Service - Other","1"
"06/09/2025","Other/Unidentified Provider","Driver","1"
"06/09/2025","Non-Transportation","Travel Services (Same Day)","12"
"06/09/2025","Non-Transportation","Travel Planning (Res)","8"
"06/09/2025","Non-Transportation","Scheduling","8"
"06/09/2025","Non-Transportation","Policy","21"
"06/09/2025","Non-Transportation","IT/Technology","9"
"06/09/2025","Non-Transportation","Eligibility","5"
"06/09/2025","Supplemental","Vehicles","2"
"06/09/2025","Supplemental","Service - Ride Time","2"
"06/09/2025","Supplemental","Service - Other","1"
"06/09/2025","Supplemental","Service - No Shows","9"
"06/09/2025","Supplemental","Service - Late Pickup","1"
"06/09/2025","Supplemental","Driver","8"
"06/09/2025","Broker","Service - Ride Time","17"
"06/09/2025","Broker","Service - Other","1"
"06/09/2025","Broker","Service - No Shows","69"
"06/09/2025","Broker","Service - Late Pickup","12"
"06/09/2025","Broker","Driver","49"
"06/09/2025","Primary","Vehicles","2"
"06/09/2025","Primary","Service - Ride Time","7"
"06/09/2025","Primary","Service - Other","1"
"06/09/2025","Primary","Service - No Shows","18"
"06/09/2025","Primary","Service - Late Pickup","8"
"06/09/2025","Primary","Driver","6"
"06/08/2025","Broker","Service - Ride Time","2"
"06/08/2025","Broker","Service - No Shows","4"
"06/08/2025","Broker","Driver","2"
"06/08/2025","Primary","Driver","2"
"06/08/2025","Non-Transportation","Policy","3"
"06/08/2025","Non-Transportation","IT/Technology","1"
"06/07/2025","Primary","Service - No Shows","3"
"06/07/2025","Other/Unidentified Provider","Service - No Shows","1"
"06/07/2025","Non-Transportation","Policy","2"
"06/07/2025","Other/Unidentified Provider",,"1"
"06/07/2025","Non-Transportation","IT/Technology","1"
"06/07/2025","Broker","Service - Ride Time","1"
"06/07/2025","Broker","Service - No Shows","2"
"06/07/2025","Broker","Service - Late Pickup","1"
"06/07/2025","Broker","Driver","6"
"06/06/2025","Supplemental","Driver","7"
"06/06/2025","Broker","Vehicles","3"
"06/06/2025","Broker","Service - Ride Time","10"
"06/06/2025","Broker","Service - No Shows","39"
"06/06/2025","Broker","Service - Late Pickup","9"
"06/06/2025","Broker","Driver","37"
"06/06/2025","Primary","Vehicles","3"
"06/06/2025","Primary","Service - Ride Time","2"
"06/06/2025","Primary","Service - Late Pickup","10"
"06/06/2025","Primary","Service - No Shows","13"
"06/06/2025","Other/Unidentified Provider","Service - Late Pickup","1"
"06/06/2025","Other/Unidentified Provider","Driver","2"
"06/06/2025","Non-Transportation","Travel Services (Same Day)","8"
"06/06/2025","Non-Transportation","Travel Planning (Res)","6"
"06/06/2025","Non-Transportation","Scheduling","5"
"06/06/2025","Non-Transportation","Policy","20"
"06/06/2025","Primary","Driver","9"
"06/06/2025","Non-Transportation","IT/Technology","6"
"06/06/2025","Non-Transportation","Eligibility","1"
"06/06/2025","Non-Transportation","Customer","15"
"06/06/2025","Supplemental","Vehicles","2"
"06/06/2025","Supplemental","Service - Ride Time","2"
"06/06/2025","Supplemental","Service - No Shows","9"
"06/06/2025","Supplemental","Service - Late Pickup","3"
"06/05/2025","Supplemental","Service - Other","1"
"06/05/2025","Other/Unidentified Provider","Service - Other","1"
"06/05/2025","Other/Unidentified Provider","Service - No Shows","1"
"06/05/2025","Other/Unidentified Provider","Driver","1"
"06/05/2025","Non-Transportation","Travel Services (Same Day)","13"
"06/05/2025","Non-Transportation","Travel Planning (Res)","5"
"06/05/2025","Non-Transportation","Scheduling","9"
"06/05/2025","Non-Transportation","Policy","20"
"06/05/2025","Non-Transportation","IT/Technology","6"
"06/05/2025","Non-Transportation","Eligibility","8"
"06/05/2025","Non-Transportation","Customer","10"
"06/05/2025","Supplemental","Vehicles","4"
"06/05/2025","Supplemental","Service - Ride Time","6"
"06/05/2025","Supplemental","Service - No Shows","6"
"06/05/2025","Supplemental","Service - Late Pickup","4"
"06/05/2025","Supplemental","Driver","4"
"06/05/2025","Broker","Vehicles","2"
"06/05/2025","Broker","Service - Ride Time","21"
"06/05/2025","Broker","Service - Other","4"
"06/05/2025","Broker","Service - No Shows","33"
"06/05/2025","Broker","Service - Late Pickup","7"
"06/05/2025","Broker","Driver","40"
"06/05/2025","Primary","Vehicles","4"
"06/05/2025","Primary","Service - Ride Time","9"
"06/05/2025","Primary","Service - Other","2"
"06/05/2025","Primary","Service - No Shows","13"
"06/05/2025","Primary","Service - Late Pickup","8"
"06/05/2025","Primary","Driver","12"
"06/04/2025","Primary","Driver","7"
"06/04/2025","Other/Unidentified Provider","Service - Late Pickup","1"
"06/04/2025","Other/Unidentified Provider","Driver","2"
"06/04/2025","Non-Transportation","Travel Services (Same Day)","3"
"06/04/2025","Non-Transportation","Travel Planning (Res)","5"
"06/04/2025","Non-Transportation","Scheduling","11"
"06/04/2025","Non-Transportation","Policy","15"
"06/04/2025","Non-Transportation","IT/Technology","9"
"06/04/2025","Non-Transportation","Eligibility","3"
"06/04/2025","Non-Transportation","Customer Relations","1"
"06/04/2025","Non-Transportation","Customer","10"
"06/04/2025","Supplemental","Vehicles","1"
"06/04/2025","Supplemental","Service - Ride Time","1"
"06/04/2025","Supplemental","Service - Other","2"
"06/04/2025","Supplemental","Service - No Shows","3"
"06/04/2025","Supplemental","Service - Late Pickup","1"
"06/04/2025","Supplemental","Driver","5"
"06/04/2025","Broker","Vehicles","4"
"06/04/2025","Broker","Service - Ride Time","12"
"06/04/2025","Broker","Service - Other","3"
"06/04/2025","Broker","Service - No Shows","29"
"06/04/2025","Broker","Service - Late Pickup","10"
"06/04/2025","Broker","Driver","43"
"06/04/2025","Primary","Vehicles","1"
"06/04/2025","Primary","Service - Ride Time","8"
"06/04/2025","Primary","Service - Other","1"
"06/04/2025","Primary","Service - No Shows","9"
"06/04/2025","Primary","Service - Late Pickup","6"
"06/03/2025","Primary","Driver","6"
"06/03/2025","Other/Unidentified Provider","Service - No Shows","4"
"06/03/2025","Other/Unidentified Provider","Service - Late Pickup","1"
"06/03/2025","Other/Unidentified Provider","Driver","2"
"06/03/2025","Non-Transportation","Travel Services (Same Day)","9"
"06/03/2025","Non-Transportation","Travel Planning (Res)","3"
"06/03/2025","Non-Transportation","Scheduling","8"
"06/03/2025","Non-Transportation","Policy","16"
"06/03/2025","Non-Transportation","IT/Technology","4"
"06/03/2025","Non-Transportation","Eligibility","4"
"06/03/2025","Non-Transportation","Customer Relations","1"
"06/03/2025","Non-Transportation","Customer","22"
"06/03/2025","Supplemental","Vehicles","1"
"06/03/2025","Supplemental","Service - Other","1"
"06/03/2025","Supplemental","Service - No Shows","9"
"06/03/2025","Supplemental","Service - Late Pickup","4"
"06/03/2025","Supplemental","Driver","9"
"06/03/2025","Broker","Service - Ride Time","19"
"06/03/2025","Broker","Service - Other","7"
"06/03/2025","Broker","Service - No Shows","39"
"06/03/2025","Broker","Service - Late Pickup","12"
"06/03/2025","Broker","Driver","48"
"06/03/2025","Primary","Service - Ride Time","4"
"06/03/2025","Primary","Service - No Shows","15"
"06/03/2025","Primary","Service - Late Pickup","3"
"06/02/2025","Primary","Service - Ride Time","3"
"06/02/2025","Primary","Service - No Shows","23"
"06/02/2025","Primary","Service - Late Pickup","3"
"06/02/2025","Primary","Driver","22"
"06/02/2025","Non-Transportation","Travel Planning (Res)","7"
"06/02/2025","Non-Transportation","Scheduling","7"
"06/02/2025","Non-Transportation","Policy","23"
"06/02/2025","Non-Transportation","IT/Technology","9"
"06/02/2025","Non-Transportation","Eligibility","2"
"06/02/2025","Non-Transportation","Customer","22"
"06/02/2025","Supplemental","Vehicles","1"
"06/02/2025","Supplemental","Service - No Shows","9"
"06/02/2025","Supplemental","Service - Late Pickup","1"
"06/02/2025","Supplemental","Driver","8"
"06/02/2025","Other/Unidentified Provider","Service - No Shows","2"
"06/02/2025","Broker","Vehicles","2"
"06/02/2025","Broker","Service - Ride Time","10"
"06/02/2025","Broker","Service - Other","4"
"06/02/2025","Broker","Service - No Shows","29"
"06/02/2025","Other/Unidentified Provider","Driver","1"
"06/02/2025","Broker","Service - Late Pickup","10"
"06/02/2025","Broker","Driver","44"
"06/02/2025","Non-Transportation","Travel Services (Same Day)","9"
"06/01/2025","Non-Transportation","IT/Technology","3"
"06/01/2025","Broker","Vehicles","1"
"06/01/2025","Broker","Service - Late Pickup","3"
"06/01/2025","Broker","Driver","1"
"06/01/2025","Non-Transportation","Policy","2"
"06/01/2025","Supplemental","Driver","1"
"05/31/2025","Non-Transportation","Eligibility","1"
"05/31/2025","Broker","Driver","3"
"05/31/2025","Broker","Service - Late Pickup","1"
"05/31/2025","Broker","Service - No Shows","1"
"05/31/2025","Broker","Service - Ride Time","1"
"05/30/2025","Other/Unidentified Provider","Service - No Shows","2"
"05/30/2025","Other/Unidentified Provider","Service - Other","1"
"05/30/2025","Non-Transportation","Travel Services (Same Day)","4"
"05/30/2025","Non-Transportation","Travel Planning (Res)","3"
"05/30/2025","Non-Transportation","Scheduling","3"
"05/30/2025","Non-Transportation","Policy","16"
"05/30/2025","Non-Transportation","IT/Technology","3"
"05/30/2025","Non-Transportation","Eligibility","2"
"05/30/2025","Non-Transportation","Customer Relations","4"
"05/30/2025","Non-Transportation","Customer","16"
"05/30/2025","Supplemental","Vehicles","1"
"05/30/2025","Supplemental","Service - Ride Time","1"
"05/30/2025","Supplemental","Service - No Shows","4"
"05/30/2025","Supplemental","Service - Late Pickup","2"
"05/30/2025","Supplemental","Driver","2"
"05/30/2025","Broker","Service - Ride Time","15"
"05/30/2025","Broker","Service - Other","4"
"05/30/2025","Broker","Service - No Shows","30"
"05/30/2025","Broker","Service - Late Pickup","3"
"05/30/2025","Broker","Driver","44"
"05/30/2025","Primary","Vehicles","3"
"05/30/2025","Primary","Service - Ride Time","3"
"05/30/2025","Primary","Service - No Shows","13"
"05/30/2025","Primary","Service - Late Pickup","6"
"05/30/2025","Primary","Driver","9"
"05/29/2025","Primary","Driver","19"
"05/29/2025","Other/Unidentified Provider","Driver","1"
"05/29/2025","Non-Transportation","Travel Services (Same Day)","6"
"05/29/2025","Non-Transportation","Travel Planning (Res)","6"
"05/29/2025","Non-Transportation","Scheduling","8"
"05/29/2025","Non-Transportation","Policy","28"
"05/29/2025","Non-Transportation","IT/Technology","6"
"05/29/2025","Non-Transportation","Eligibility","2"
"05/29/2025","Non-Transportation","Customer","12"
"05/29/2025","Supplemental","Service - Ride Time","1"
"05/29/2025","Supplemental","Service - Other","1"
"05/29/2025","Supplemental","Service - No Shows","11"
"05/29/2025","Supplemental","Service - Late Pickup","4"
"05/29/2025","Supplemental","Driver","7"
"05/29/2025","Broker","Vehicles","1"
"05/29/2025","Broker","Service - Ride Time","24"
"05/29/2025","Broker","Service - Other","4"
"05/29/2025","Broker","Service - No Shows","32"
"05/29/2025","Broker","Service - Late Pickup","15"
"05/29/2025","Broker","Driver","43"
"05/29/2025","Primary","Service - Ride Time","4"
"05/29/2025","Primary","Service - Other","2"
"05/29/2025","Primary","Service - No Shows","17"
"05/29/2025","Primary","Service - Late Pickup","7"
"05/28/2025","Non-Transportation","Customer Relations","1"
"05/28/2025","Other/Unidentified Provider","Vehicles","1"
"05/28/2025","Other/Unidentified Provider","Service - No Shows","1"
"05/28/2025","Other/Unidentified Provider","Service - Late Pickup","1"
"05/28/2025","Other/Unidentified Provider","Driver","3"
"05/28/2025","Non-Transportation","Travel Services (Same Day)","9"
"05/28/2025","Non-Transportation","Travel Planning (Res)","2"
"05/28/2025","Non-Transportation","Scheduling","5"
"05/28/2025","Non-Transportation","Policy","21"
"05/28/2025","Non-Transportation","IT/Technology","6"
"05/28/2025","Non-Transportation","Eligibility","3"
"05/28/2025","Non-Transportation","Customer","17"
"05/28/2025","Supplemental","Service - Ride Time","1"
"05/28/2025","Supplemental","Service - No Shows","14"
"05/28/2025","Supplemental","Service - Late Pickup","1"
"05/28/2025","Supplemental","Driver","5"
"05/28/2025","Broker","Vehicles","3"
"05/28/2025","Broker","Service - Ride Time","21"
"05/28/2025","Broker","Service - Other","5"
"05/28/2025","Broker","Service - No Shows","37"
"05/28/2025","Broker","Service - Late Pickup","4"
"05/28/2025","Broker","Driver","36"
"05/28/2025","Primary","Vehicles","1"
"05/28/2025","Primary","Service - Ride Time","7"
"05/28/2025","Primary","Service - No Shows","16"
"05/28/2025","Primary","Service - Late Pickup","7"
"05/28/2025","Primary","Driver","7"
"05/27/2025","Non-Transportation","Customer","21"
"05/27/2025","Other/Unidentified Provider","Service - No Shows","3"
"05/27/2025","Other/Unidentified Provider","Service - Late Pickup","1"
"05/27/2025","Other/Unidentified Provider","Driver","1"
"05/27/2025","Non-Transportation","Travel Services (Same Day)","5"
"05/27/2025","Non-Transportation","Travel Planning (Res)","7"
"05/27/2025","Non-Transportation","Scheduling","13"
"05/27/2025","Non-Transportation","Policy","24"
"05/27/2025","Non-Transportation","IT/Technology","6"
"05/27/2025","Non-Transportation","Eligibility","4"
"05/27/2025","Supplemental","Vehicles","4"
"05/27/2025","Supplemental","Service - Ride Time","2"
"05/27/2025","Supplemental","Service - No Shows","7"
"05/27/2025","Supplemental","Service - Late Pickup","3"
"05/27/2025","Supplemental","Driver","11"
"05/27/2025","Broker","Service - Ride Time","24"
"05/27/2025","Broker","Service - Other","5"
"05/27/2025","Broker","Service - No Shows","43"
"05/27/2025","Broker","Service - Late Pickup","4"
"05/27/2025","Broker","Driver","48"
"05/27/2025","Primary","Service - Ride Time","13"
"05/27/2025","Primary","Service - No Shows","15"
"05/27/2025","Primary","Service - Late Pickup","6"
"05/27/2025","Primary","Driver","12"
"05/26/2025","Supplemental","Service - No Shows","1"
"05/26/2025","Broker","Driver","5"
"05/26/2025","Primary","Driver","4"
"05/26/2025","Non-Transportation","Travel Planning (Res)","2"
"05/26/2025","Other/Unidentified Provider","Driver","1"
"05/26/2025","Non-Transportation","Customer","1"
"05/25/2025","Supplemental","Service - No Shows","1"
"05/25/2025","Broker","Service - Ride Time","1"
"05/25/2025","Broker","Driver","2"
"05/25/2025","Non-Transportation","Policy","2"
"05/25/2025","Supplemental","Driver","1"
"05/24/2025","Broker","Service - Ride Time","1"
"05/24/2025","Primary","Driver","2"
"05/24/2025","Broker","Driver","3"
"05/24/2025","Non-Transportation","Policy","2"
"05/24/2025","Supplemental","Service - No Shows","1"
"05/24/2025","Broker","Vehicles","1"
"05/24/2025","Broker","Service - No Shows","1"
"05/23/2025","Non-Transportation","Travel Planning (Res)","9"
"05/23/2025","Other/Unidentified Provider","Service - Other","2"
"05/23/2025","Other/Unidentified Provider","Driver","3"
"05/23/2025","Non-Transportation","Travel Services (Same Day)","12"
"05/23/2025","Non-Transportation","Scheduling","9"
"05/23/2025","Non-Transportation","Policy","16"
"05/23/2025","Non-Transportation","IT/Technology","10"
"05/23/2025","Non-Transportation","Eligibility","2"
"05/23/2025","Non-Transportation","Customer Relations","1"
"05/23/2025","Non-Transportation","Customer","14"
"05/23/2025","Supplemental","Service - Ride Time","2"
"05/23/2025","Supplemental","Service - Other","1"
"05/23/2025","Supplemental","Service - No Shows","6"
"05/23/2025","Supplemental","Service - Late Pickup","2"
"05/23/2025","Supplemental","Driver","5"
"05/23/2025","Broker","Service - Ride Time","22"
"05/23/2025","Broker","Service - Other","2"
"05/23/2025","Broker","Service - No Shows","27"
"05/23/2025","Broker","Service - Late Pickup","6"
"05/23/2025","Broker","Driver","35"
"05/23/2025","Primary","Service - Ride Time","6"
"05/23/2025","Primary","Service - Other","1"
"05/23/2025","Primary","Service - No Shows","11"
"05/23/2025","Primary","Service - Late Pickup","5"
"05/23/2025","Primary","Driver","8"
"05/22/2025","Primary","Driver","15"
"05/22/2025","Other/Unidentified Provider","Service - Other","1"
"05/22/2025","Other/Unidentified Provider","Service - No Shows","1"
"05/22/2025","Other/Unidentified Provider","Service - Late Pickup","3"
"05/22/2025","Other/Unidentified Provider","Driver","2"
"05/22/2025","Non-Transportation","Travel Services (Same Day)","5"
"05/22/2025","Non-Transportation","Travel Planning (Res)","4"
"05/22/2025","Non-Transportation","Scheduling","4"
"05/22/2025","Non-Transportation","Policy","18"
"05/22/2025","Non-Transportation","IT/Technology","7"
"05/22/2025","Non-Transportation","Eligibility","1"
"05/22/2025","Non-Transportation","Customer","16"
"05/22/2025","Supplemental","Vehicles","3"
"05/22/2025","Supplemental","Service - Ride Time","3"
"05/22/2025","Supplemental","Service - No Shows","9"
"05/22/2025","Supplemental","Service - Late Pickup","3"
"05/22/2025","Supplemental","Driver","5"
"05/22/2025","Broker","Service - Ride Time","21"
"05/22/2025","Broker","Service - Other","7"
"05/22/2025","Broker","Service - No Shows","29"
"05/22/2025","Broker","Service - Late Pickup","12"
"05/22/2025","Broker","Driver","46"
"05/22/2025","Primary","Vehicles","1"
"05/22/2025","Primary","Service - Ride Time","8"
"05/22/2025","Primary","Service - No Shows","11"
"05/22/2025","Primary","Service - Late Pickup","9"
"05/21/2025","Primary","Service - Other","2"
"05/21/2025","Non-Transportation","Travel Services (Same Day)","10"
"05/21/2025","Non-Transportation","Travel Planning (Res)","8"
"05/21/2025","Non-Transportation","Scheduling","10"
"05/21/2025","Non-Transportation","Policy","15"
"05/21/2025","Non-Transportation","IT/Technology","11"
"05/21/2025","Non-Transportation","Eligibility","5"
"05/21/2025","Non-Transportation","Customer Relations","1"
"05/21/2025","Non-Transportation","Customer","27"
"05/21/2025","Supplemental","Service - Ride Time","2"
"05/21/2025","Supplemental","Service - Other","1"
"05/21/2025","Supplemental","Service - No Shows","6"
"05/21/2025","Supplemental","Service - Late Pickup","3"
"05/21/2025","Supplemental","Driver","6"
"05/21/2025","Broker","Vehicles","2"
"05/21/2025","Broker","Service - Ride Time","25"
"05/21/2025","Broker","Service - Other","3"
"05/21/2025","Broker","Service - No Shows","48"
"05/21/2025","Broker","Service - Late Pickup","14"
"05/21/2025","Broker","Driver","53"
"05/21/2025","Primary","Service - Ride Time","9"
"05/21/2025","Primary","Service - No Shows","19"
"05/21/2025","Primary","Service - Late Pickup","9"
"05/21/2025","Primary","Driver","4"
"05/20/2025","Primary","Service - No Shows","13"
"05/20/2025","Other/Unidentified Provider","Service - No Shows","2"
"05/20/2025","Other/Unidentified Provider","Service - Late Pickup","1"
"05/20/2025","Other/Unidentified Provider","Driver","1"
"05/20/2025","Non-Transportation","Travel Services (Same Day)","7"
"05/20/2025","Primary","Driver","10"
"05/20/2025","Non-Transportation","Travel Planning (Res)","3"
"05/20/2025","Non-Transportation","Scheduling","9"
"05/20/2025","Non-Transportation","Policy","20"
"05/20/2025","Non-Transportation","IT/Technology","11"
"05/20/2025","Non-Transportation","Eligibility","3"
"05/20/2025","Non-Transportation","Customer Relations","2"
"05/20/2025","Non-Transportation","Customer","18"
"05/20/2025","Supplemental","Service - Ride Time","3"
"05/20/2025","Supplemental","Service - Other","1"
"05/20/2025","Supplemental","Service - No Shows","7"
"05/20/2025","Supplemental","Service - Late Pickup","3"
"05/20/2025","Supplemental","Driver","10"
"05/20/2025","Broker","Vehicles","2"
"05/20/2025","Broker","Service - Ride Time","17"
"05/20/2025","Broker","Service - Other","6"
"05/20/2025","Broker","Service - No Shows","47"
"05/20/2025","Broker","Service - Late Pickup","18"
"05/20/2025","Primary","Service - Late Pickup","13"
"05/20/2025","Broker","Driver","46"
"05/20/2025","Primary","Service - Ride Time","11"
"05/19/2025","Primary","Service - Ride Time","9"
"05/19/2025","Other/Unidentified Provider","Service - No Shows","1"
"05/19/2025","Other/Unidentified Provider","Driver","2"
"05/19/2025","Non-Transportation","Travel Services (Same Day)","9"
"05/19/2025","Non-Transportation","Travel Planning (Res)","12"
"05/19/2025","Non-Transportation","Scheduling","11"
"05/19/2025","Non-Transportation","Policy","23"
"05/19/2025","Non-Transportation","IT/Technology","8"
"05/19/2025","Non-Transportation","Eligibility","6"
"05/19/2025","Non-Transportation","Customer Relations","2"
"05/19/2025","Non-Transportation","Customer","19"
"05/19/2025","Supplemental","Vehicles","3"
"05/19/2025","Supplemental","Service - Other","2"
"05/19/2025","Supplemental","Service - No Shows","11"
"05/19/2025","Supplemental","Service - Late Pickup","2"
"05/19/2025","Supplemental","Driver","10"
"05/19/2025","Broker","Vehicles","3"
"05/19/2025","Broker","Service - Ride Time","20"
"05/19/2025","Broker","Service - Other","3"
"05/19/2025","Broker","Service - No Shows","51"
"05/19/2025","Broker","Service - Late Pickup","10"
"05/19/2025","Broker","Driver","49"
"05/19/2025","Primary","Service - Other","1"
"05/19/2025","Primary","Service - No Shows","20"
"05/19/2025","Primary","Service - Late Pickup","14"
"05/19/2025","Primary","Driver","14"
"05/18/2025","Broker","Service - No Shows","2"
"05/18/2025","Broker","Service - Late Pickup","2"
"05/18/2025","Broker","Driver","4"
"05/18/2025","Primary","Service - Other","1"
"05/18/2025","Primary","Driver","1"
"05/18/2025","Non-Transportation","Travel Services (Same Day)","2"
"05/18/2025","Non-Transportation","Travel Planning (Res)","1"
"05/18/2025","Supplemental","Service - Other","1"
"05/18/2025","Supplemental","Service - No Shows","1"
"05/18/2025","Supplemental","Driver","1"
"05/17/2025","Supplemental","Service - Ride Time","1"
"05/17/2025","Broker","Service - Late Pickup","2"
"05/17/2025","Broker","Driver","5"
"05/17/2025","Primary","Service - Late Pickup","6"
"05/17/2025","Primary","Driver","2"
"05/17/2025","Non-Transportation","Travel Planning (Res)","1"
"05/17/2025","Non-Transportation","Scheduling","1"
"05/17/2025","Non-Transportation","Policy","8"
"05/17/2025","Non-Transportation","IT/Technology","1"
"05/17/2025","Non-Transportation","Customer","2"
"05/16/2025","Broker","Service - Late Pickup","12"
"05/16/2025","Broker","Driver","35"
"05/16/2025","Primary","Service - Ride Time","6"
"05/16/2025","Primary","Service - Other","2"
"05/16/2025","Primary","Service - No Shows","12"
"05/16/2025","Primary","Driver","9"
"05/16/2025","Primary","Service - Late Pickup","7"
"05/16/2025","Other/Unidentified Provider","Driver","1"
"05/16/2025","Non-Transportation","Travel Services (Same Day)","8"
"05/16/2025","Non-Transportation","Travel Planning (Res)","3"
"05/16/2025","Non-Transportation","Scheduling","8"
"05/16/2025","Non-Transportation","Policy","21"
"05/16/2025","Non-Transportation","IT/Technology","4"
"05/16/2025","Non-Transportation","Eligibility","2"
"05/16/2025","Non-Transportation","Customer Relations","1"
"05/16/2025","Non-Transportation","Customer","12"
"05/16/2025","Supplemental","Vehicles","2"
"05/16/2025","Supplemental","Service - Ride Time","6"
"05/16/2025","Supplemental","Service - Other","1"
"05/16/2025","Supplemental","Service - No Shows","4"
"05/16/2025","Supplemental","Service - Late Pickup","1"
"05/16/2025","Supplemental","Driver","4"
"05/16/2025","Broker","Vehicles","2"
"05/16/2025","Broker","Service - Ride Time","12"
"05/16/2025","Broker","Service - Other","2"
"05/16/2025","Broker","Service - No Shows","37"
"05/15/2025","Supplemental","Service - Late Pickup","2"
"05/15/2025","Other/Unidentified Provider","Driver","3"
"05/15/2025","Non-Transportation","Travel Services (Same Day)","3"
"05/15/2025","Non-Transportation","Travel Planning (Res)","6"
"05/15/2025","Non-Transportation","Scheduling","10"
"05/15/2025","Non-Transportation","Policy","19"
"05/15/2025","Non-Transportation","IT/Technology","11"
"05/15/2025","Non-Transportation","Eligibility","2"
"05/15/2025","Non-Transportation","Customer Relations","1"
"05/15/2025","Non-Transportation","Customer","21"
"05/15/2025","Supplemental","Vehicles","1"
"05/15/2025","Supplemental","Service - Ride Time","4"
"05/15/2025","Supplemental","Service - Other","1"
"05/15/2025","Supplemental","Service - No Shows","11"
"05/15/2025","Supplemental","Driver","8"
"05/15/2025","Broker","Vehicles","3"
"05/15/2025","Broker","Service - Ride Time","23"
"05/15/2025","Broker","Service - Other","6"
"05/15/2025","Broker","Service - No Shows","34"
"05/15/2025","Broker","Service - Late Pickup","9"
"05/15/2025","Broker","Driver","56"
"05/15/2025","Primary","Vehicles","1"
"05/15/2025","Primary","Service - Ride Time","13"
"05/15/2025","Primary","Service - No Shows","11"
"05/15/2025","Primary","Service - Late Pickup","8"
"05/15/2025","Primary","Driver","14"
"05/14/2025","Primary","Service - Late Pickup","8"
"05/14/2025","Other/Unidentified Provider","Service - Late Pickup","1"
"05/14/2025","Other/Unidentified Provider","Driver","2"
"05/14/2025","Non-Transportation","Travel Services (Same Day)","4"
"05/14/2025","Non-Transportation","Travel Planning (Res)","8"
"05/14/2025","Non-Transportation","Scheduling","7"
"05/14/2025","Non-Transportation","Policy","24"
"05/14/2025","Non-Transportation","IT/Technology","16"
"05/14/2025","Non-Transportation","Eligibility","5"
"05/14/2025","Non-Transportation","Customer Relations","2"
"05/14/2025","Non-Transportation","Customer","17"
"05/14/2025","Supplemental","Service - Ride Time","2"
"05/14/2025","Primary","Driver","12"
"05/14/2025","Supplemental","Service - No Shows","5"
"05/14/2025","Supplemental","Service - Late Pickup","1"
"05/14/2025","Supplemental","Driver","4"
"05/14/2025","Broker","Vehicles","3"
"05/14/2025","Broker","Service - Ride Time","24"
"05/14/2025","Broker","Service - Other","3"
"05/14/2025","Broker","Service - No Shows","52"
"05/14/2025","Broker","Service - Late Pickup","8"
"05/14/2025","Broker","Driver","38"
"05/14/2025","Primary","Service - Ride Time","10"
"05/14/2025","Primary","Service - No Shows","20"
"05/13/2025","Non-Transportation","Customer","12"
"05/13/2025","Other/Unidentified Provider","Service - No Shows","2"
"05/13/2025","Other/Unidentified Provider","Driver","3"
"05/13/2025","Other/Unidentified Provider",,"1"
"05/13/2025","Non-Transportation","Travel Services (Same Day)","7"
"05/13/2025","Non-Transportation","Travel Planning (Res)","8"
"05/13/2025","Non-Transportation","Scheduling","12"
"05/13/2025","Non-Transportation","Policy","17"
"05/13/2025","Non-Transportation","IT/Technology","9"
"05/13/2025","Non-Transportation","Eligibility","1"
"05/13/2025","Supplemental","Vehicles","5"
"05/13/2025","Supplemental","Service - Ride Time","4"
"05/13/2025","Supplemental","Service - Other","1"
"05/13/2025","Supplemental","Service - No Shows","7"
"05/13/2025","Supplemental","Service - Late Pickup","4"
"05/13/2025","Supplemental","Driver","10"
"05/13/2025","Broker","Vehicles","3"
"05/13/2025","Broker","Service - Ride Time","23"
"05/13/2025","Broker","Service - Other","4"
"05/13/2025","Broker","Service - No Shows","47"
"05/13/2025","Broker","Service - Late Pickup","12"
"05/13/2025","Broker","Driver","47"
"05/13/2025","Primary","Service - Ride Time","15"
"05/13/2025","Primary","Service - No Shows","15"
"05/13/2025","Primary","Service - Late Pickup","12"
"05/13/2025","Primary","Driver","7"
"05/12/2025","Non-Transportation","Customer Relations","1"
"05/12/2025","Other/Unidentified Provider","Service - Ride Time","2"
"05/12/2025","Other/Unidentified Provider","Service - No Shows","1"
"05/12/2025","Other/Unidentified Provider","Driver","3"
"05/12/2025","Non-Transportation","Travel Services (Same Day)","7"
"05/12/2025","Non-Transportation","Travel Planning (Res)","6"
"05/12/2025","Non-Transportation","Scheduling","13"
"05/12/2025","Non-Transportation","Policy","20"
"05/12/2025","Non-Transportation","IT/Technology","7"
"05/12/2025","Non-Transportation","Eligibility","2"
"05/12/2025","Non-Transportation","Customer","26"
"05/12/2025","Supplemental","Service - Ride Time","8"
"05/12/2025","Supplemental","Service - No Shows","8"
"05/12/2025","Supplemental","Service - Late Pickup","6"
"05/12/2025","Supplemental","Driver","12"
"05/12/2025","Broker","Service - Ride Time","23"
"05/12/2025","Broker","Service - Other","7"
"05/12/2025","Broker","Service - No Shows","44"
"05/12/2025","Broker","Service - Late Pickup","11"
"05/12/2025","Broker","Driver","40"
"05/12/2025","Primary","Vehicles","1"
"05/12/2025","Primary","Service - Ride Time","6"
"05/12/2025","Primary","Service - No Shows","19"
"05/12/2025","Primary","Service - Late Pickup","10"
"05/12/2025","Primary","Driver","14"
"05/11/2025","Broker","Service - Late Pickup","1"
"05/11/2025","Primary","Driver","2"
"05/11/2025","Non-Transportation","Customer","1"
"05/11/2025","Non-Transportation","Policy","2"
"05/11/2025","Broker","Service - Ride Time","1"
"05/11/2025","Broker","Service - No Shows","2"
"05/10/2025","Supplemental","Service - Ride Time","1"
"05/10/2025","Supplemental","Driver","1"
"05/10/2025","Broker","Service - Ride Time","1"
"05/10/2025","Broker","Service - No Shows","4"
"05/10/2025","Broker","Driver","3"
"05/10/2025","Primary","Service - Late Pickup","1"
"05/10/2025","Primary","Service - Other","1"
"05/10/2025","Primary","Driver","2"
"05/10/2025","Non-Transportation","Travel Services (Same Day)","1"
"05/10/2025","Non-Transportation","Scheduling","3"
"05/10/2025","Non-Transportation","Policy","6"
"05/10/2025","Non-Transportation","Eligibility","1"
"05/09/2025","Supplemental","Service - Late Pickup","2"
"05/09/2025","Other/Unidentified Provider","Service - No Shows","1"
"05/09/2025","Other/Unidentified Provider","Driver","3"
"05/09/2025","Other/Unidentified Provider",,"1"
"05/09/2025","Non-Transportation","Travel Services (Same Day)","7"
"05/09/2025","Non-Transportation","Travel Planning (Res)","5"
"05/09/2025","Non-Transportation","Scheduling","7"
"05/09/2025","Non-Transportation","Policy","18"
"05/09/2025","Non-Transportation","IT/Technology","5"
"05/09/2025","Non-Transportation","Eligibility","3"
"05/09/2025","Non-Transportation","Customer","11"
"05/09/2025","Supplemental","Service - Ride Time","3"
"05/09/2025","Supplemental","Service - No Shows","18"
"05/09/2025","Supplemental","Driver","3"
"05/09/2025","Broker","Service - Ride Time","15"
"05/09/2025","Broker","Service - Other","3"
"05/09/2025","Broker","Service - No Shows","29"
"05/09/2025","Broker","Service - Late Pickup","4"
"05/09/2025","Broker","Driver","28"
"05/09/2025","Primary","Service - Ride Time","7"
"05/09/2025","Primary","Service - No Shows","13"
"05/09/2025","Primary","Service - Late Pickup","11"
"05/09/2025","Primary","Driver","5"
"05/08/2025","Primary","Service - Other","1"
"05/08/2025","Other/Unidentified Provider","Service - Other","1"
"05/08/2025","Other/Unidentified Provider","Driver","6"
"05/08/2025","Other/Unidentified Provider",,"1"
"05/08/2025","Non-Transportation","Travel Services (Same Day)","1"
"05/08/2025","Non-Transportation","Travel Planning (Res)","7"
"05/08/2025","Non-Transportation","Scheduling","10"
"05/08/2025","Non-Transportation","Policy","28"
"05/08/2025","Primary","Service - Late Pickup","8"
"05/08/2025","Non-Transportation","IT/Technology","8"
"05/08/2025","Non-Transportation","Customer Relations","1"
"05/08/2025","Non-Transportation","Customer","12"
"05/08/2025","Supplemental","Service - Ride Time","5"
"05/08/2025","Supplemental","Service - No Shows","10"
"05/08/2025","Primary","Service - No Shows","10"
"05/08/2025","Supplemental","Service - Late Pickup","4"
"05/08/2025","Supplemental","Driver","3"
"05/08/2025","Broker","Service - Ride Time","25"
"05/08/2025","Broker","Service - Other","6"
"05/08/2025","Broker","Service - No Shows","36"
"05/08/2025","Broker","Service - Late Pickup","3"
"05/08/2025","Broker","Driver","42"
"05/08/2025","Primary","Driver","7"
"05/08/2025","Primary","Service - Ride Time","5"
"05/07/2025","Other/Unidentified Provider","Driver","2"
"05/07/2025","Other/Unidentified Provider","Service - Late Pickup","1"
"05/07/2025","Non-Transportation","Travel Services (Same Day)","5"
"05/07/2025","Non-Transportation","Travel Planning (Res)","2"
"05/07/2025","Non-Transportation","Scheduling","6"
"05/07/2025","Non-Transportation","Policy","20"
"05/07/2025","Non-Transportation","IT/Technology","8"
"05/07/2025","Non-Transportation","Eligibility","9"
"05/07/2025","Non-Transportation","Customer Relations","1"
"05/07/2025","Non-Transportation","Customer","14"
"05/07/2025","Supplemental","Vehicles","2"
"05/07/2025","Supplemental","Service - Ride Time","2"
"05/07/2025","Supplemental","Service - No Shows","5"
"05/07/2025","Supplemental","Service - Late Pickup","2"
"05/07/2025","Supplemental","Driver","7"
"05/07/2025","Broker","Vehicles","2"
"05/07/2025","Broker","Service - Ride Time","16"
"05/07/2025","Broker","Service - Other","8"
"05/07/2025","Broker","Service - No Shows","52"
"05/07/2025","Broker","Service - Late Pickup","5"
"05/07/2025","Broker","Driver","33"
"05/07/2025","Primary","Vehicles","2"
"05/07/2025","Primary","Service - Ride Time","5"
"05/07/2025","Primary","Service - No Shows","11"
"05/07/2025","Primary","Service - Late Pickup","7"
"05/07/2025","Primary","Driver","11"
"05/06/2025","Primary","Driver","9"
"05/06/2025","Other/Unidentified Provider","Service - Other","1"
"05/06/2025","Non-Transportation","Travel Services (Same Day)","6"
"05/06/2025","Non-Transportation","Travel Planning (Res)","11"
"05/06/2025","Non-Transportation","Scheduling","7"
"05/06/2025","Non-Transportation","Policy","30"
"05/06/2025","Non-Transportation","IT/Technology","7"
"05/06/2025","Non-Transportation","Eligibility","5"
"05/06/2025","Non-Transportation","Customer Relations","2"
"05/06/2025","Non-Transportation","Customer","21"
"05/06/2025","E-Hail","Vehicles","1"
"05/06/2025","Supplemental","Vehicles","4"
"05/06/2025","Supplemental","Service - Ride Time","2"
"05/06/2025","Supplemental","Service - No Shows","4"
"05/06/2025","Supplemental","Service - Late Pickup","4"
"05/06/2025","Supplemental","Driver","5"
"05/06/2025","Broker","Service - Ride Time","23"
"05/06/2025","Broker","Service - Other","7"
"05/06/2025","Broker","Service - No Shows","36"
"05/06/2025","Broker","Service - Late Pickup","9"
"05/06/2025","Broker","Driver","45"
"05/06/2025","Primary","Service - Ride Time","8"
"05/06/2025","Primary","Service - Other","1"
"05/06/2025","Primary","Service - No Shows","12"
"05/06/2025","Primary","Service - Late Pickup","5"
"05/05/2025","Non-Transportation","Customer Relations","1"
"05/05/2025","Other/Unidentified Provider","Service - No Shows","1"
"05/05/2025","Other/Unidentified Provider","Driver","1"
"05/05/2025","Other/Unidentified Provider",,"1"
"05/05/2025","Non-Transportation","Travel Services (Same Day)","6"
"05/05/2025","Non-Transportation","Travel Planning (Res)","8"
"05/05/2025","Non-Transportation","Scheduling","15"
"05/05/2025","Non-Transportation","Policy","25"
"05/05/2025","Non-Transportation","IT/Technology","10"
"05/05/2025","Non-Transportation","Eligibility","1"
"05/05/2025","Non-Transportation","Customer","20"
"05/05/2025","Supplemental","Vehicles","2"
"05/05/2025","Supplemental","Service - Ride Time","1"
"05/05/2025","Supplemental","Service - No Shows","13"
"05/05/2025","Supplemental","Service - Late Pickup","6"
"05/05/2025","Supplemental","Driver","10"
"05/05/2025","Broker","Vehicles","3"
"05/05/2025","Broker","Service - Ride Time","14"
"05/05/2025","Broker","Service - Other","3"
"05/05/2025","Broker","Service - No Shows","39"
"05/05/2025","Broker","Service - Late Pickup","6"
"05/05/2025","Broker","Driver","42"
"05/05/2025","Primary","Vehicles","1"
"05/05/2025","Primary","Service - Ride Time","8"
"05/05/2025","Primary","Service - Other","1"
"05/05/2025","Primary","Service - No Shows","12"
"05/05/2025","Primary","Service - Late Pickup","8"
"05/05/2025","Primary","Driver","6"
"05/04/2025","Broker","Service - Other","1"
"05/04/2025","Broker","Driver","1"
"05/04/2025","Primary","Service - Ride Time","1"
"05/04/2025","Primary","Service - Late Pickup","2"
"05/04/2025","Non-Transportation","Policy","1"
"05/04/2025","Broker","Service - Ride Time","1"
"05/03/2025","Primary","Driver","1"
"05/03/2025","Non-Transportation","Travel Services (Same Day)","2"
"05/03/2025","Supplemental","Service - No Shows","1"
"05/03/2025","Non-Transportation","Policy","1"
"05/03/2025","Broker","Service - Ride Time","2"
"05/03/2025","Broker","Service - Other","1"
"05/03/2025","Broker","Driver","2"
"05/03/2025","Primary","Service - Other","1"
"05/03/2025","Primary","Service - Late Pickup","1"
"05/02/2025","Broker","Vehicles","1"
"05/02/2025","Broker","Service - Ride Time","19"
"05/02/2025","Broker","Service - Other","6"
"05/02/2025","Broker","Service - No Shows","31"
"05/02/2025","Broker","Service - Late Pickup","9"
"05/02/2025","Broker","Driver","32"
"05/02/2025","Primary","Service - Ride Time","3"
"05/02/2025","Primary","Service - Other","1"
"05/02/2025","Primary","Service - Late Pickup","8"
"05/02/2025","Primary","Service - No Shows","13"
"05/02/2025","Other/Unidentified Provider","Driver","1"
"05/02/2025","Non-Transportation","Travel Services (Same Day)","1"
"05/02/2025","Non-Transportation","Travel Planning (Res)","4"
"05/02/2025","Non-Transportation","Scheduling","8"
"05/02/2025","Non-Transportation","Policy","19"
"05/02/2025","Primary","Driver","8"
"05/02/2025","Non-Transportation","IT/Technology","6"
"05/02/2025","Non-Transportation","Eligibility","1"
"05/02/2025","Non-Transportation","Customer","7"
"05/02/2025","Supplemental","Service - Ride Time","2"
"05/02/2025","Supplemental","Service - Other","1"
"05/02/2025","Supplemental","Service - No Shows","4"
"05/02/2025","Supplemental","Service - Late Pickup","1"
"05/02/2025","Supplemental","Driver","9"
"05/01/2025","Non-Transportation","Customer Relations","1"
"05/01/2025","Other/Unidentified Provider","Service - No Shows","1"
"05/01/2025","Other/Unidentified Provider","Driver","2"
"05/01/2025","Non-Transportation","Travel Services (Same Day)","7"
"05/01/2025","Non-Transportation","Travel Planning (Res)","4"
"05/01/2025","Non-Transportation","Scheduling","6"
"05/01/2025","Non-Transportation","Policy","34"
"05/01/2025","Non-Transportation","IT/Technology","2"
"05/01/2025","Non-Transportation","Eligibility","2"
"05/01/2025","Non-Transportation","Customer","17"
"05/01/2025","Supplemental","Vehicles","1"
"05/01/2025","Supplemental","Service - Ride Time","7"
"05/01/2025","Supplemental","Service - Other","1"
"05/01/2025","Supplemental","Service - No Shows","10"
"05/01/2025","Supplemental","Service - Late Pickup","5"
"05/01/2025","Supplemental","Driver","12"
"05/01/2025","Broker","Vehicles","2"
"05/01/2025","Broker","Service - Ride Time","26"
"05/01/2025","Broker","Service - Other","3"
"05/01/2025","Broker","Service - No Shows","48"
"05/01/2025","Broker","Service - Late Pickup","7"
"05/01/2025","Broker","Driver","60"
"05/01/2025","Primary","Vehicles","1"
"05/01/2025","Primary","Service - Ride Time","8"
"05/01/2025","Primary","Service - Other","2"
"05/01/2025","Primary","Service - No Shows","18"
"05/01/2025","Primary","Service - Late Pickup","17"
"05/01/2025","Primary","Driver","5"
"04/30/2025","Primary","Driver","8"
"04/30/2025","Other/Unidentified Provider","Service - No Shows","1"
"04/30/2025","Other/Unidentified Provider","Driver","1"
"04/30/2025","Non-Transportation","Travel Services (Same Day)","11"
"04/30/2025","Non-Transportation","Travel Planning (Res)","8"
"04/30/2025","Non-Transportation","Scheduling","10"
"04/30/2025","Non-Transportation","Policy","35"
"04/30/2025","Non-Transportation","IT/Technology","6"
"04/30/2025","Non-Transportation","Eligibility","2"
"04/30/2025","Non-Transportation","Customer Relations","3"
"04/30/2025","Non-Transportation","Customer","21"
"04/30/2025","Supplemental","Service - Ride Time","5"
"04/30/2025","Supplemental","Service - Other","1"
"04/30/2025","Supplemental","Service - No Shows","10"
"04/30/2025","Supplemental","Service - Late Pickup","1"
"04/30/2025","Supplemental","Driver","6"
"04/30/2025","Broker","Vehicles","4"
"04/30/2025","Broker","Service - Ride Time","22"
"04/30/2025","Broker","Service - Other","4"
"04/30/2025","Broker","Service - No Shows","38"
"04/30/2025","Broker","Service - Late Pickup","4"
"04/30/2025","Broker","Driver","42"
"04/30/2025","Primary","Service - Ride Time","9"
"04/30/2025","Primary","Service - No Shows","16"
"04/30/2025","Primary","Service - Late Pickup","14"
"04/29/2025","Non-Transportation","IT/Technology","7"
"04/29/2025","Other/Unidentified Provider","Driver","1"
"04/29/2025","Non-Transportation","Travel Services (Same Day)","8"
"04/29/2025","Non-Transportation","Travel Planning (Res)","10"
"04/29/2025","Non-Transportation","Scheduling","7"
"04/29/2025","Non-Transportation","Policy","16"
"04/29/2025","Non-Transportation","Eligibility","5"
"04/29/2025","Non-Transportation","Customer","15"
"04/29/2025","Supplemental","Vehicles","1"
"04/29/2025","Supplemental","Service - Ride Time","5"
"04/29/2025","Supplemental","Service - No Shows","9"
"04/29/2025","Supplemental","Service - Late Pickup","1"
"04/29/2025","Supplemental","Driver","7"
"04/29/2025","Broker","Vehicles","1"
"04/29/2025","Broker","Service - Ride Time","20"
"04/29/2025","Broker","Service - Other","8"
"04/29/2025","Broker","Service - No Shows","42"
"04/29/2025","Broker","Service - Late Pickup","6"
"04/29/2025","Broker","Driver","55"
"04/29/2025","Primary","Vehicles","1"
"04/29/2025","Primary","Service - Ride Time","6"
"04/29/2025","Primary","Service - Other","1"
"04/29/2025","Primary","Service - No Shows","15"
"04/29/2025","Primary","Service - Late Pickup","7"
"04/29/2025","Primary","Driver","7"
"04/28/2025","Primary","Service - No Shows","10"
"04/28/2025","Primary","Service - Late Pickup","3"
"04/28/2025","Primary","Driver","5"
"04/28/2025","Non-Transportation","Travel Planning (Res)","8"
"04/28/2025","Non-Transportation","Scheduling","10"
"04/28/2025","Non-Transportation","Policy","21"
"04/28/2025","Non-Transportation","IT/Technology","3"
"04/28/2025","Non-Transportation","Eligibility","4"
"04/28/2025","Non-Transportation","Customer","17"
"04/28/2025","Supplemental","Service - Ride Time","5"
"04/28/2025","Supplemental","Service - Other","1"
"04/28/2025","Supplemental","Service - No Shows","9"
"04/28/2025","Supplemental","Service - Late Pickup","2"
"04/28/2025","Other/Unidentified Provider","Service - Ride Time","1"
"04/28/2025","Non-Transportation","Travel Services (Same Day)","10"
"04/28/2025","Supplemental","Driver","8"
"04/28/2025","Broker","Vehicles","6"
"04/28/2025","Broker","Service - Ride Time","22"
"04/28/2025","Broker","Service - Other","8"
"04/28/2025","Broker","Service - No Shows","34"
"04/28/2025","Broker","Service - Late Pickup","5"
"04/28/2025","Broker","Driver","38"
"04/28/2025","Primary","Vehicles","1"
"04/28/2025","Primary","Service - Ride Time","2"
"04/28/2025","Primary","Service - Other","1"
"04/27/2025","Supplemental","Driver","1"
"04/27/2025","Broker","Driver","2"
"04/27/2025","Primary","Service - No Shows","1"
"04/27/2025","Other/Unidentified Provider","Driver","1"
"04/27/2025","Non-Transportation","Policy","1"
"04/27/2025","Non-Transportation","IT/Technology","1"
"04/27/2025","Broker","Service - Ride Time","2"
"04/26/2025","Primary","Service - Ride Time","1"
"04/26/2025","Supplemental","Service - Other","1"
"04/26/2025","Broker","Driver","1"
"04/26/2025","Primary","Service - No Shows","1"
"04/26/2025","Primary","Service - Late Pickup","1"
"04/25/2025","Primary","Driver","15"
"04/25/2025","Other/Unidentified Provider","Service - No Shows","1"
"04/25/2025","Non-Transportation","Travel Services (Same Day)","7"
"04/25/2025","Non-Transportation","Travel Planning (Res)","6"
"04/25/2025","Non-Transportation","Scheduling","4"
"04/25/2025","Non-Transportation","Policy","11"
"04/25/2025","Non-Transportation","IT/Technology","4"
"04/25/2025","Non-Transportation","Eligibility","2"
"04/25/2025","Non-Transportation","Customer","10"
"04/25/2025","Supplemental","Vehicles","3"
"04/25/2025","Supplemental","Service - Other","1"
"04/25/2025","Supplemental","Service - No Shows","8"
"04/25/2025","Supplemental","Service - Late Pickup","2"
"04/25/2025","Supplemental","Driver","4"
"04/25/2025","Broker","Vehicles","5"
"04/25/2025","Broker","Service - Ride Time","23"
"04/25/2025","Broker","Service - Other","4"
"04/25/2025","Broker","Service - No Shows","21"
"04/25/2025","Broker","Service - Late Pickup","3"
"04/25/2025","Broker","Driver","34"
"04/25/2025","Primary","Vehicles","1"
"04/25/2025","Primary","Service - Ride Time","8"
"04/25/2025","Primary","Service - No Shows","8"
"04/25/2025","Primary","Service - Late Pickup","1"
"04/24/2025","Supplemental","Service - No Shows","8"
"04/24/2025","Other/Unidentified Provider","Service - Late Pickup","2"
"04/24/2025","Other/Unidentified Provider","Driver","1"
"04/24/2025","Non-Transportation","Travel Services (Same Day)","5"
"04/24/2025","Non-Transportation","Travel Planning (Res)","10"
"04/24/2025","Non-Transportation","Scheduling","7"
"04/24/2025","Non-Transportation","Policy","22"
"04/24/2025","Non-Transportation","IT/Technology","6"
"04/24/2025","Non-Transportation","Eligibility","2"
"04/24/2025","Non-Transportation","Customer Relations","2"
"04/24/2025","Non-Transportation","Customer","13"
"04/24/2025","Supplemental","Service - Ride Time","1"
"04/24/2025","Supplemental","Service - Late Pickup","2"
"04/24/2025","Supplemental","Driver","7"
"04/24/2025","Broker","Vehicles","2"
"04/24/2025","Broker","Service - Ride Time","17"
"04/24/2025","Broker","Service - Other","1"
"04/24/2025","Broker","Service - No Shows","30"
"04/24/2025","Broker","Service - Late Pickup","12"
"04/24/2025","Broker","Driver","50"
"04/24/2025","Primary","Service - Ride Time","7"
"04/24/2025","Primary","Service - Other","1"
"04/24/2025","Primary","Service - No Shows","12"
"04/24/2025","Primary","Service - Late Pickup","7"
"04/24/2025","Primary","Driver","5"
"04/23/2025","Supplemental","Service - Ride Time","1"
"04/23/2025","Other/Unidentified Provider","Service - No Shows","1"
"04/23/2025","Other/Unidentified Provider","Driver","2"
"04/23/2025","Non-Transportation","Travel Services (Same Day)","8"
"04/23/2025","Non-Transportation","Travel Planning (Res)","6"
"04/23/2025","Non-Transportation","Scheduling","15"
"04/23/2025","Non-Transportation","Policy","15"
"04/23/2025","Non-Transportation","IT/Technology","4"
"04/23/2025","Non-Transportation","Eligibility","4"
"04/23/2025","Non-Transportation","Customer","15"
"04/23/2025","Supplemental","Service - Other","1"
"04/23/2025","Supplemental","Service - No Shows","13"
"04/23/2025","Supplemental","Service - Late Pickup","4"
"04/23/2025","Supplemental","Driver","6"
"04/23/2025","Broker","Service - Ride Time","26"
"04/23/2025","Broker","Service - Other","3"
"04/23/2025","Broker","Service - No Shows","39"
"04/23/2025","Broker","Service - Late Pickup","12"
"04/23/2025","Broker","Driver","42"
"04/23/2025","Primary","Vehicles","1"
"04/23/2025","Primary","Service - Ride Time","3"
"04/23/2025","Primary","Service - Other","1"
"04/23/2025","Primary","Service - No Shows","9"
"04/23/2025","Primary","Service - Late Pickup","6"
"04/23/2025","Primary","Driver","7"
"04/22/2025","Primary","Service - No Shows","13"
"04/22/2025","Other/Unidentified Provider","Service - Other","1"
"04/22/2025","Non-Transportation","Travel Services (Same Day)","7"
"04/22/2025","Non-Transportation","Travel Planning (Res)","8"
"04/22/2025","Non-Transportation","Scheduling","11"
"04/22/2025","Non-Transportation","Policy","28"
"04/22/2025","Non-Transportation","IT/Technology","5"
"04/22/2025","Primary","Service - Late Pickup","7"
"04/22/2025","Non-Transportation","Customer","5"
"04/22/2025","Supplemental","Service - Ride Time","3"
"04/22/2025","Primary","Driver","7"
"04/22/2025","Supplemental","Service - No Shows","5"
"04/22/2025","Supplemental","Service - Late Pickup","1"
"04/22/2025","Supplemental","Driver","2"
"04/22/2025","Broker","Service - Ride Time","19"
"04/22/2025","Broker","Service - Other","6"
"04/22/2025","Broker","Service - No Shows","40"
"04/22/2025","Broker","Service - Late Pickup","8"
"04/22/2025","Broker","Driver","45"
"04/22/2025","Primary","Vehicles","1"
"04/22/2025","Primary","Service - Ride Time","2"
"04/22/2025","Primary","Service - Other","1"
"04/21/2025","Non-Transportation","Policy","19"
"04/21/2025","Other/Unidentified Provider","Driver","3"
"04/21/2025","Non-Transportation","Travel Services (Same Day)","2"
"04/21/2025","Non-Transportation","Travel Planning (Res)","2"
"04/21/2025","Non-Transportation","Scheduling","25"
"04/21/2025","Non-Transportation","IT/Technology","4"
"04/21/2025","Non-Transportation","Eligibility","5"
"04/21/2025","Non-Transportation","Customer","19"
"04/21/2025","Supplemental","Vehicles","2"
"04/21/2025","Supplemental","Service - No Shows","10"
"04/21/2025","Supplemental","Service - Late Pickup","3"
"04/21/2025","Supplemental","Driver","7"
"04/21/2025","Broker","Vehicles","1"
"04/21/2025","Broker","Service - Ride Time","14"
"04/21/2025","Broker","Service - Other","6"
"04/21/2025","Broker","Service - No Shows","56"
"04/21/2025","Broker","Service - Late Pickup","5"
"04/21/2025","Broker","Driver","43"
"04/21/2025","Primary","Vehicles","1"
"04/21/2025","Primary","Service - Ride Time","3"
"04/21/2025","Primary","Service - No Shows","16"
"04/21/2025","Primary","Service - Late Pickup","1"
"04/21/2025","Primary","Driver","9"
"04/20/2025","Supplemental","Service - No Shows","1"
"04/20/2025","Broker","Service - No Shows","3"
"04/20/2025","Broker","Driver","2"
"04/20/2025","Primary","Driver","1"
"04/20/2025","Other/Unidentified Provider","Driver","1"
"04/20/2025","Non-Transportation","Policy","1"
"04/19/2025","Primary","Service - Ride Time","1"
"04/19/2025","Primary","Driver","1"
"04/19/2025","Other/Unidentified Provider","Driver","1"
"04/19/2025","Non-Transportation","Customer","1"
"04/19/2025","Non-Transportation","Scheduling","1"
"04/19/2025","Supplemental","Service - Ride Time","1"
"04/19/2025","Supplemental","Service - No Shows","1"
"04/19/2025","Broker","Service - Ride Time","1"
"04/19/2025","Broker","Service - No Shows","1"
"04/19/2025","Broker","Driver","1"
"04/18/2025","Broker","Vehicles","5"
"04/18/2025","Broker","Service - Ride Time","12"
"04/18/2025","Broker","Service - Other","4"
"04/18/2025","Broker","Service - No Shows","14"
"04/18/2025","Broker","Service - Late Pickup","2"
"04/18/2025","Broker","Driver","26"
"04/18/2025","Primary","Service - Ride Time","1"
"04/18/2025","Primary","Service - No Shows","12"
"04/18/2025","Primary","Driver","9"
"04/18/2025","Primary","Service - Late Pickup","2"
"04/18/2025","Other/Unidentified Provider",,"1"
"04/18/2025","Non-Transportation","Travel Services (Same Day)","4"
"04/18/2025","Non-Transportation","Travel Planning (Res)","5"
"04/18/2025","Non-Transportation","Scheduling","7"
"04/18/2025","Non-Transportation","Policy","18"
"04/18/2025","Non-Transportation","IT/Technology","1"
"04/18/2025","Non-Transportation","Eligibility","4"
"04/18/2025","Non-Transportation","Customer Relations","1"
"04/18/2025","Non-Transportation","Customer","7"
"04/18/2025","Supplemental","Vehicles","1"
"04/18/2025","Supplemental","Service - Ride Time","1"
"04/18/2025","Supplemental","Service - Other","1"
"04/18/2025","Supplemental","Service - No Shows","5"
"04/18/2025","Supplemental","Service - Late Pickup","1"
"04/18/2025","Supplemental","Driver","5"
"04/17/2025","Supplemental","Driver","4"
"04/17/2025","Non-Transportation","Travel Services (Same Day)","5"
"04/17/2025","Non-Transportation","Travel Planning (Res)","6"
"04/17/2025","Non-Transportation","Scheduling","10"
"04/17/2025","Non-Transportation","Policy","8"
"04/17/2025","Non-Transportation","IT/Technology","1"
"04/17/2025","Non-Transportation","Eligibility","2"
"04/17/2025","Non-Transportation","Customer","14"
"04/17/2025","Supplemental","Service - Ride Time","1"
"04/17/2025","Supplemental","Service - Other","2"
"04/17/2025","Supplemental","Service - No Shows","6"
"04/17/2025","Broker","Service - Ride Time","17"
"04/17/2025","Broker","Service - Other","1"
"04/17/2025","Broker","Service - No Shows","27"
"04/17/2025","Broker","Service - Late Pickup","8"
"04/17/2025","Broker","Driver","39"
"04/17/2025","Primary","Service - Ride Time","7"
"04/17/2025","Primary","Service - Other","1"
"04/17/2025","Primary","Service - No Shows","17"
"04/17/2025","Primary","Service - Late Pickup","3"
"04/17/2025","Primary","Driver","15"
"04/16/2025","Primary","Vehicles","1"
"04/16/2025","Primary","Service - Late Pickup","5"
"04/16/2025","Other/Unidentified Provider","Driver","1"
"04/16/2025","Non-Transportation","Travel Services (Same Day)","5"
"04/16/2025","Primary","Service - No Shows","6"
"04/16/2025","Non-Transportation","Travel Planning (Res)","4"
"04/16/2025","Non-Transportation","Policy","10"
"04/16/2025","Non-Transportation","IT/Technology","1"
"04/16/2025","Non-Transportation","Eligibility","5"
"04/16/2025","Non-Transportation","Customer","12"
"04/16/2025","Supplemental","Service - Ride Time","1"
"04/16/2025","Supplemental","Service - Other","1"
"04/16/2025","Primary","Service - Ride Time","5"
"04/16/2025","Supplemental","Service - No Shows","1"
"04/16/2025","Supplemental","Driver","4"
"04/16/2025","Broker","Vehicles","1"
"04/16/2025","Broker","Service - Ride Time","11"
"04/16/2025","Broker","Service - Other","4"
"04/16/2025","Broker","Service - No Shows","19"
"04/16/2025","Broker","Service - Late Pickup","9"
"04/16/2025","Primary","Driver","7"
"04/16/2025","Broker","Driver","31"
"04/15/2025","Supplemental","Service - No Shows","7"
"04/15/2025","Other/Unidentified Provider","Driver","3"
"04/15/2025","Non-Transportation","Travel Services (Same Day)","3"
"04/15/2025","Non-Transportation","Travel Planning (Res)","9"
"04/15/2025","Non-Transportation","Scheduling","8"
"04/15/2025","Non-Transportation","Policy","16"
"04/15/2025","Non-Transportation","IT/Technology","7"
"04/15/2025","Non-Transportation","Eligibility","2"
"04/15/2025","Non-Transportation","Customer","11"
"04/15/2025","Supplemental","Service - Ride Time","2"
"04/15/2025","Supplemental","Service - Late Pickup","1"
"04/15/2025","Supplemental","Driver","7"
"04/15/2025","Broker","Vehicles","5"
"04/15/2025","Broker","Service - Ride Time","10"
"04/15/2025","Broker","Service - Other","4"
"04/15/2025","Broker","Service - No Shows","25"
"04/15/2025","Broker","Service - Late Pickup","9"
"04/15/2025","Broker","Driver","37"
"04/15/2025","Primary","Service - Ride Time","5"
"04/15/2025","Primary","Service - Other","1"
"04/15/2025","Primary","Service - No Shows","13"
"04/15/2025","Primary","Service - Late Pickup","3"
"04/15/2025","Primary","Driver","8"
"04/14/2025","Non-Transportation","Customer Relations","1"
"04/14/2025","Other/Unidentified Provider","Service - No Shows","2"
"04/14/2025","Other/Unidentified Provider","Service - Late Pickup","2"
"04/14/2025","Other/Unidentified Provider","Driver","3"
"04/14/2025","Non-Transportation","Travel Services (Same Day)","2"
"04/14/2025","Non-Transportation","Travel Planning (Res)","13"
"04/14/2025","Non-Transportation","Scheduling","7"
"04/14/2025","Non-Transportation","Policy","17"
"04/14/2025","Non-Transportation","IT/Technology","6"
"04/14/2025","Non-Transportation","Eligibility","5"
"04/14/2025","Non-Transportation","Customer","11"
"04/14/2025","Supplemental","Vehicles","5"
"04/14/2025","Supplemental","Service - Ride Time","2"
"04/14/2025","Supplemental","Service - Other","1"
"04/14/2025","Supplemental","Service - No Shows","19"
"04/14/2025","Supplemental","Service - Late Pickup","2"
"04/14/2025","Supplemental","Driver","8"
"04/14/2025","Broker","Vehicles","2"
"04/14/2025","Broker","Service - Ride Time","17"
"04/14/2025","Broker","Service - Other","7"
"04/14/2025","Broker","Service - No Shows","49"
"04/14/2025","Broker","Service - Late Pickup","10"
"04/14/2025","Broker","Driver","53"
"04/14/2025","Primary","Service - Ride Time","4"
"04/14/2025","Primary","Service - No Shows","10"
"04/14/2025","Primary","Service - Late Pickup","4"
"04/14/2025","Primary","Driver","12"
"04/13/2025","Primary","Service - Ride Time","1"
"04/13/2025","Non-Transportation","Travel Services (Same Day)","2"
"04/13/2025","Non-Transportation","Scheduling","1"
"04/13/2025","Non-Transportation","Policy","2"
"04/13/2025","Non-Transportation","IT/Technology","1"
"04/13/2025","Broker","Service - No Shows","1"
"04/13/2025","Broker","Service - Late Pickup","1"
"04/13/2025","Broker","Driver","2"
"04/12/2025","Primary","Driver","1"
"04/12/2025","Broker","Driver","5"
"04/12/2025","Primary","Service - Ride Time","1"
"04/12/2025","Non-Transportation","Policy","1"
"04/12/2025","Non-Transportation","IT/Technology","1"
"04/12/2025","Supplemental","Vehicles","1"
"04/12/2025","Supplemental","Driver","1"
"04/12/2025","Broker","Service - Ride Time","1"
"04/12/2025","Broker","Service - No Shows","1"
"04/11/2025","Supplemental","Service - Late Pickup","2"
"04/11/2025","Other/Unidentified Provider","Service - No Shows","1"
"04/11/2025","Other/Unidentified Provider","Driver","4"
"04/11/2025","Non-Transportation","Travel Services (Same Day)","5"
"04/11/2025","Non-Transportation","Travel Planning (Res)","2"
"04/11/2025","Non-Transportation","Scheduling","2"
"04/11/2025","Non-Transportation","Policy","8"
"04/11/2025","Non-Transportation","IT/Technology","7"
"04/11/2025","Non-Transportation","Eligibility","3"
"04/11/2025","Non-Transportation","Customer","6"
"04/11/2025","Supplemental","Service - Ride Time","1"
"04/11/2025","Supplemental","Service - No Shows","6"
"04/11/2025","Supplemental","Driver","6"
"04/11/2025","Broker","Vehicles","2"
"04/11/2025","Broker","Service - Ride Time","13"
"04/11/2025","Broker","Service - Other","3"
"04/11/2025","Broker","Service - No Shows","32"
"04/11/2025","Broker","Service - Late Pickup","6"
"04/11/2025","Broker","Driver","44"
"04/11/2025","Primary","Service - Ride Time","1"
"04/11/2025","Primary","Service - No Shows","14"
"04/11/2025","Primary","Service - Late Pickup","4"
"04/11/2025","Primary","Driver","5"
"04/10/2025","Primary","Service - Late Pickup","4"
"04/10/2025","Other/Unidentified Provider","Service - No Shows","1"
"04/10/2025","Other/Unidentified Provider","Driver","5"
"04/10/2025","Non-Transportation","Travel Services (Same Day)","4"
"04/10/2025","Non-Transportation","Travel Planning (Res)","4"
"04/10/2025","Non-Transportation","Scheduling","6"
"04/10/2025","Non-Transportation","Policy","12"
"04/10/2025","Non-Transportation","IT/Technology","6"
"04/10/2025","Non-Transportation","Customer","10"
"04/10/2025","Supplemental","Vehicles","1"
"04/10/2025","Supplemental","Service - Ride Time","2"
"04/10/2025","Supplemental","Service - No Shows","2"
"04/10/2025","Supplemental","Service - Late Pickup","1"
"04/10/2025","Primary","Driver","13"
"04/10/2025","Supplemental","Driver","8"
"04/10/2025","Broker","Vehicles","2"
"04/10/2025","Broker","Service - Ride Time","23"
"04/10/2025","Broker","Service - Other","3"
"04/10/2025","Broker","Service - No Shows","46"
"04/10/2025","Broker","Service - Late Pickup","5"
"04/10/2025","Broker","Driver","40"
"04/10/2025","Primary","Service - Ride Time","7"
"04/10/2025","Primary","Service - Other","1"
"04/10/2025","Primary","Service - No Shows","10"
"04/09/2025","Supplemental","Service - Other","1"
"04/09/2025","Other/Unidentified Provider","Driver","3"
"04/09/2025","Non-Transportation","Travel Services (Same Day)","8"
"04/09/2025","Non-Transportation","Travel Planning (Res)","5"
"04/09/2025","Non-Transportation","Scheduling","5"
"04/09/2025","Non-Transportation","Policy","24"
"04/09/2025","Non-Transportation","IT/Technology","8"
"04/09/2025","Non-Transportation","Eligibility","7"
"04/09/2025","Non-Transportation","Customer","14"
"04/09/2025","Supplemental","Vehicles","1"
"04/09/2025","Supplemental","Service - Ride Time","2"
"04/09/2025","Supplemental","Service - No Shows","10"
"04/09/2025","Supplemental","Service - Late Pickup","4"
"04/09/2025","Supplemental","Driver","6"
"04/09/2025","Broker","Vehicles","1"
"04/09/2025","Broker","Service - Ride Time","32"
"04/09/2025","Broker","Service - Other","4"
"04/09/2025","Broker","Service - No Shows","35"
"04/09/2025","Broker","Service - Late Pickup","9"
"04/09/2025","Broker","Driver","56"
"04/09/2025","Primary","Service - Ride Time","9"
"04/09/2025","Primary","Service - Other","1"
"04/09/2025","Primary","Service - No Shows","8"
"04/09/2025","Primary","Service - Late Pickup","3"
"04/09/2025","Primary","Driver","9"
"04/08/2025","Primary","Driver","5"
"04/08/2025","Non-Transportation","Travel Services (Same Day)","8"
"04/08/2025","Non-Transportation","Travel Planning (Res)","10"
"04/08/2025","Non-Transportation","Scheduling","9"
"04/08/2025","Non-Transportation","Policy","26"
"04/08/2025","Non-Transportation","IT/Technology","14"
"04/08/2025","Non-Transportation","Eligibility","5"
"04/08/2025","Non-Transportation","Customer Relations","1"
"04/08/2025","Non-Transportation","Customer","11"
"04/08/2025","Supplemental","Service - Ride Time","4"
"04/08/2025","Supplemental","Service - No Shows","4"
"04/08/2025","Supplemental","Service - Late Pickup","2"
"04/08/2025","Supplemental","Driver","8"
"04/08/2025","Broker","Vehicles","2"
"04/08/2025","Broker","Service - Ride Time","28"
"04/08/2025","Broker","Service - Other","13"
"04/08/2025","Broker","Service - No Shows","37"
"04/08/2025","Broker","Service - Late Pickup","9"
"04/08/2025","Broker","Driver","50"
"04/08/2025","Primary","Vehicles","1"
"04/08/2025","Primary","Service - Ride Time","7"
"04/08/2025","Primary","Service - No Shows","11"
"04/08/2025","Primary","Service - Late Pickup","8"
"04/07/2025","Supplemental","Service - Ride Time","2"
"04/07/2025","Other/Unidentified Provider","Driver","3"
"04/07/2025","Non-Transportation","Travel Services (Same Day)","9"
"04/07/2025","Non-Transportation","Travel Planning (Res)","12"
"04/07/2025","Non-Transportation","Scheduling","5"
"04/07/2025","Non-Transportation","Policy","21"
"04/07/2025","Non-Transportation","IT/Technology","7"
"04/07/2025","Non-Transportation","Eligibility","3"
"04/07/2025","Non-Transportation","Customer","23"
"04/07/2025","Supplemental","Vehicles","1"
"04/07/2025","Supplemental","Service - No Shows","9"
"04/07/2025","Supplemental","Service - Late Pickup","3"
"04/07/2025","Supplemental","Driver","5"
"04/07/2025","Broker","Vehicles","4"
"04/07/2025","Broker","Service - Ride Time","28"
"04/07/2025","Broker","Service - Other","6"
"04/07/2025","Broker","Service - No Shows","42"
"04/07/2025","Broker","Service - Late Pickup","10"
"04/07/2025","Broker","Driver","44"
"04/07/2025","Primary","Service - Ride Time","6"
"04/07/2025","Primary","Service - No Shows","12"
"04/07/2025","Primary","Service - Late Pickup","6"
"04/07/2025","Primary","Driver","13"
"04/06/2025","Broker","Service - Other","1"
"04/06/2025","Broker","Service - No Shows","1"
"04/06/2025","Broker","Service - Late Pickup","1"
"04/06/2025","Broker","Driver","3"
"04/06/2025","Primary","Service - Ride Time","1"
"04/06/2025","Non-Transportation","Travel Planning (Res)","1"
"04/06/2025","Non-Transportation","Policy","1"
"04/06/2025","Non-Transportation","IT/Technology","1"
"04/06/2025","Supplemental","Service - Ride Time","1"
"04/05/2025","Supplemental","Vehicles","1"
"04/05/2025","Supplemental","Service - Other","1"
"04/05/2025","Broker","Service - No Shows","4"
"04/05/2025","Broker","Driver","4"
"04/05/2025","Primary","Service - Ride Time","1"
"04/05/2025","Primary","Driver","2"
"04/05/2025","Other/Unidentified Provider","Driver","1"
"04/05/2025","Non-Transportation","Travel Services (Same Day)","1"
"04/05/2025","Non-Transportation","Policy","1"
"04/05/2025","Non-Transportation","IT/Technology","1"
"04/04/2025","Broker","Service - No Shows","29"
"04/04/2025","Broker","Service - Late Pickup","7"
"04/04/2025","Broker","Driver","34"
"04/04/2025","Primary","Service - Ride Time","5"
"04/04/2025","Primary","Service - No Shows","7"
"04/04/2025","Primary","Service - Other","1"
"04/04/2025","Other/Unidentified Provider","Service - No Shows","1"
"04/04/2025","Non-Transportation","Travel Services (Same Day)","5"
"04/04/2025","Non-Transportation","Travel Planning (Res)","2"
"04/04/2025","Non-Transportation","Scheduling","9"
"04/04/2025","Non-Transportation","Policy","21"
"04/04/2025","Non-Transportation","IT/Technology","3"
"04/04/2025","Non-Transportation","Eligibility","2"
"04/04/2025","Non-Transportation","Customer","14"
"04/04/2025","Supplemental","Vehicles","1"
"04/04/2025","Primary","Driver","8"
"04/04/2025","Primary","Service - Late Pickup","9"
"04/04/2025","Supplemental","Service - Ride Time","1"
"04/04/2025","Supplemental","Service - No Shows","3"
"04/04/2025","Supplemental","Service - Late Pickup","4"
"04/04/2025","Supplemental","Driver","5"
"04/04/2025","Broker","Vehicles","2"
"04/04/2025","Broker","Service - Ride Time","26"
"04/04/2025","Broker","Service - Other","3"
"04/03/2025","Non-Transportation","Travel Services (Same Day)","8"
"04/03/2025","Other/Unidentified Provider","Service - Late Pickup","2"
"04/03/2025","Other/Unidentified Provider","Driver","1"
"04/03/2025","Non-Transportation","Travel Planning (Res)","5"
"04/03/2025","Non-Transportation","Scheduling","10"
"04/03/2025","Non-Transportation","Policy","22"
"04/03/2025","Non-Transportation","IT/Technology","7"
"04/03/2025","Non-Transportation","Eligibility","5"
"04/03/2025","Non-Transportation","Customer","17"
"04/03/2025","Supplemental","Vehicles","4"
"04/03/2025","Supplemental","Service - Ride Time","1"
"04/03/2025","Supplemental","Service - No Shows","5"
"04/03/2025","Supplemental","Service - Late Pickup","1"
"04/03/2025","Supplemental","Driver","7"
"04/03/2025","Broker","Vehicles","1"
"04/03/2025","Broker","Service - Ride Time","22"
"04/03/2025","Broker","Service - Other","8"
"04/03/2025","Broker","Service - No Shows","34"
"04/03/2025","Broker","Service - Late Pickup","6"
"04/03/2025","Broker","Driver","53"
"04/03/2025","Primary","Vehicles","2"
"04/03/2025","Primary","Service - Ride Time","6"
"04/03/2025","Primary","Service - No Shows","23"
"04/03/2025","Primary","Service - Late Pickup","7"
"04/03/2025","Primary","Driver","8"
"04/02/2025","Primary","Driver","7"
"04/02/2025","Non-Transportation","Travel Services (Same Day)","4"
"04/02/2025","Non-Transportation","Travel Planning (Res)","7"
"04/02/2025","Non-Transportation","Scheduling","2"
"04/02/2025","Non-Transportation","Policy","14"
"04/02/2025","Non-Transportation","IT/Technology","7"
"04/02/2025","Non-Transportation","Eligibility","3"
"04/02/2025","Non-Transportation","Customer","17"
"04/02/2025","Supplemental","Service - Ride Time","3"
"04/02/2025","Supplemental","Service - No Shows","8"
"04/02/2025","Supplemental","Service - Late Pickup","3"
"04/02/2025","Supplemental","Driver","6"
"04/02/2025","Broker","Vehicles","5"
"04/02/2025","Broker","Service - Ride Time","18"
"04/02/2025","Broker","Service - Other","7"
"04/02/2025","Broker","Service - No Shows","44"
"04/02/2025","Broker","Service - Late Pickup","11"
"04/02/2025","Broker","Driver","41"
"04/02/2025","Primary","Service - Ride Time","11"
"04/02/2025","Primary","Service - No Shows","17"
"04/02/2025","Primary","Service - Late Pickup","7"
"04/01/2025","Other/Unidentified Provider","Driver","2"
"04/01/2025","Non-Transportation","Travel Services (Same Day)","1"
"04/01/2025","Non-Transportation","Travel Planning (Res)","9"
"04/01/2025","Non-Transportation","Scheduling","7"
"04/01/2025","Non-Transportation","Policy","15"
"04/01/2025","Non-Transportation","IT/Technology","13"
"04/01/2025","Non-Transportation","Eligibility","2"
"04/01/2025","Non-Transportation","Customer Relations","2"
"04/01/2025","Non-Transportation","Customer","20"
"04/01/2025","Supplemental","Vehicles","2"
"04/01/2025","Supplemental","Service - Ride Time","2"
"04/01/2025","Supplemental","Service - No Shows","6"
"04/01/2025","Supplemental","Service - Late Pickup","3"
"04/01/2025","Supplemental","Driver","5"
"04/01/2025","Broker","Vehicles","3"
"04/01/2025","Broker","Service - Ride Time","15"
"04/01/2025","Broker","Service - Other","6"
"04/01/2025","Broker","Service - No Shows","41"
"04/01/2025","Broker","Service - Late Pickup","9"
"04/01/2025","Broker","Driver","40"
"04/01/2025","Primary","Service - Ride Time","3"
"04/01/2025","Primary","Service - No Shows","11"
"04/01/2025","Primary","Service - Late Pickup","4"
"04/01/2025","Primary","Driver","4"
"03/31/2025","Non-Transportation","Customer","26"
"03/31/2025","Other/Unidentified Provider","Service - No Shows","2"
"03/31/2025","Other/Unidentified Provider","Driver","1"
"03/31/2025","Non-Transportation","Travel Services (Same Day)","11"
"03/31/2025","Non-Transportation","Travel Planning (Res)","4"
"03/31/2025","Non-Transportation","Scheduling","5"
"03/31/2025","Non-Transportation","Policy","12"
"03/31/2025","Non-Transportation","IT/Technology","8"
"03/31/2025","Non-Transportation","Eligibility","1"
"03/31/2025","Non-Transportation","Customer Relations","2"
"03/31/2025","Supplemental","Vehicles","3"
"03/31/2025","Supplemental","Service - Ride Time","2"
"03/31/2025","Supplemental","Service - Other","1"
"03/31/2025","Supplemental","Service - No Shows","5"
"03/31/2025","Supplemental","Service - Late Pickup","3"
"03/31/2025","Supplemental","Driver","4"
"03/31/2025","Broker","Vehicles","2"
"03/31/2025","Broker","Service - Ride Time","20"
"03/31/2025","Broker","Service - Other","6"
"03/31/2025","Broker","Service - No Shows","52"
"03/31/2025","Broker","Service - Late Pickup","11"
"03/31/2025","Broker","Driver","54"
"03/31/2025","Primary","Service - Ride Time","3"
"03/31/2025","Primary","Service - No Shows","18"
"03/31/2025","Primary","Service - Late Pickup","3"
"03/31/2025","Primary","Driver","6"
"03/30/2025","Broker","Service - Late Pickup","2"
"03/30/2025","Broker","Driver","5"
"03/30/2025","Primary","Service - Late Pickup","1"
"03/30/2025","Non-Transportation","Travel Services (Same Day)","1"
"03/30/2025","Non-Transportation","Policy","2"
"03/30/2025","Non-Transportation","IT/Technology","1"
"03/30/2025","Supplemental","Driver","1"
"03/30/2025","Broker","Service - Ride Time","3"
"03/30/2025","Broker","Service - No Shows","1"
"03/29/2025","Broker","Service - Late Pickup","3"
"03/29/2025","Primary","Service - Ride Time","1"
"03/29/2025","Primary","Service - No Shows","1"
"03/29/2025","Non-Transportation","Travel Services (Same Day)","2"
"03/29/2025","Primary","Driver","1"
"03/29/2025","Non-Transportation","Policy","1"
"03/29/2025","Broker","Service - Other","2"
"03/29/2025","Broker","Service - No Shows","2"
"03/29/2025","Broker","Driver","5"
"03/28/2025","Primary","Driver","8"
"03/28/2025","Other/Unidentified Provider","Service - No Shows","1"
"03/28/2025","Other/Unidentified Provider","Service - Late Pickup","1"
"03/28/2025","Other/Unidentified Provider","Driver","1"
"03/28/2025","Other/Unidentified Provider",,"1"
"03/28/2025","Non-Transportation","Travel Services (Same Day)","6"
"03/28/2025","Non-Transportation","Travel Planning (Res)","3"
"03/28/2025","Non-Transportation","Scheduling","3"
"03/28/2025","Non-Transportation","Policy","17"
"03/28/2025","Non-Transportation","IT/Technology","3"
"03/28/2025","Non-Transportation","Eligibility","1"
"03/28/2025","Non-Transportation","Customer","9"
"03/28/2025","Supplemental","Vehicles","2"
"03/28/2025","Supplemental","Service - Ride Time","4"
"03/28/2025","Supplemental","Service - Other","1"
"03/28/2025","Supplemental","Service - No Shows","8"
"03/28/2025","Supplemental","Service - Late Pickup","6"
"03/28/2025","Supplemental","Driver","2"
"03/28/2025","Broker","Service - Ride Time","16"
"03/28/2025","Broker","Service - Other","5"
"03/28/2025","Broker","Service - No Shows","25"
"03/28/2025","Broker","Service - Late Pickup","7"
"03/28/2025","Broker","Driver","41"
"03/28/2025","Primary","Vehicles","1"
"03/28/2025","Primary","Service - Ride Time","9"
"03/28/2025","Primary","Service - No Shows","6"
"03/28/2025","Primary","Service - Late Pickup","11"
"03/27/2025","Primary","Driver","10"
"03/27/2025","Other/Unidentified Provider","Driver","4"
"03/27/2025","Non-Transportation","Travel Services (Same Day)","4"
"03/27/2025","Non-Transportation","Travel Planning (Res)","3"
"03/27/2025","Non-Transportation","Scheduling","2"
"03/27/2025","Non-Transportation","Policy","16"
"03/27/2025","Non-Transportation","IT/Technology","4"
"03/27/2025","Non-Transportation","Eligibility","1"
"03/27/2025","Non-Transportation","Customer","14"
"03/27/2025","Supplemental","Service - Ride Time","2"
"03/27/2025","Supplemental","Service - No Shows","4"
"03/27/2025","Supplemental","Service - Late Pickup","4"
"03/27/2025","Supplemental","Driver","5"
"03/27/2025","Broker","Vehicles","3"
"03/27/2025","Broker","Service - Ride Time","28"
"03/27/2025","Broker","Service - Other","6"
"03/27/2025","Broker","Service - No Shows","24"
"03/27/2025","Broker","Service - Late Pickup","5"
"03/27/2025","Broker","Driver","41"
"03/27/2025","Primary","Service - Ride Time","9"
"03/27/2025","Primary","Service - No Shows","21"
"03/27/2025","Primary","Service - Late Pickup","5"
"03/26/2025","Primary","Service - Ride Time","10"
"03/26/2025","Other/Unidentified Provider","Service - Ride Time","1"
"03/26/2025","Other/Unidentified Provider","Driver","2"
"03/26/2025","Non-Transportation","Travel Services (Same Day)","4"
"03/26/2025","Non-Transportation","Travel Planning (Res)","6"
"03/26/2025","Non-Transportation","Scheduling","4"
"03/26/2025","Non-Transportation","Policy","19"
"03/26/2025","Non-Transportation","IT/Technology","11"
"03/26/2025","Non-Transportation","Eligibility","2"
"03/26/2025","Non-Transportation","Customer Relations","2"
"03/26/2025","Non-Transportation","Customer","14"
"03/26/2025","Supplemental","Vehicles","1"
"03/26/2025","Supplemental","Service - Ride Time","4"
"03/26/2025","Supplemental","Service - No Shows","5"
"03/26/2025","Supplemental","Service - Late Pickup","3"
"03/26/2025","Supplemental","Driver","7"
"03/26/2025","Broker","Service - Ride Time","25"
"03/26/2025","Broker","Service - Other","7"
"03/26/2025","Broker","Service - No Shows","42"
"03/26/2025","Broker","Service - Late Pickup","14"
"03/26/2025","Broker","Driver","49"
"03/26/2025","Primary","Service - No Shows","5"
"03/26/2025","Primary","Service - Late Pickup","6"
"03/26/2025","Primary","Driver","11"
"03/25/2025","Primary","Service - No Shows","13"
"03/25/2025","Other/Unidentified Provider","Driver","1"
"03/25/2025","Primary","Driver","7"
"03/25/2025","Non-Transportation","Travel Services (Same Day)","4"
"03/25/2025","Non-Transportation","Travel Planning (Res)","7"
"03/25/2025","Non-Transportation","Scheduling","2"
"03/25/2025","Non-Transportation","Policy","18"
"03/25/2025","Non-Transportation","IT/Technology","2"
"03/25/2025","Non-Transportation","Eligibility","1"
"03/25/2025","Non-Transportation","Customer Relations","1"
"03/25/2025","Non-Transportation","Customer","24"
"03/25/2025","Supplemental","Service - Ride Time","2"
"03/25/2025","Supplemental","Service - Other","1"
"03/25/2025","Supplemental","Service - No Shows","5"
"03/25/2025","Supplemental","Service - Late Pickup","2"
"03/25/2025","Supplemental","Driver","2"
"03/25/2025","Broker","Vehicles","1"
"03/25/2025","Broker","Service - Ride Time","35"
"03/25/2025","Broker","Service - Other","7"
"03/25/2025","Broker","Service - No Shows","46"
"03/25/2025","Broker","Service - Late Pickup","8"
"03/25/2025","Primary","Service - Late Pickup","3"
"03/25/2025","Broker","Driver","50"
"03/25/2025","Primary","Service - Ride Time","7"
"03/24/2025","Broker","Vehicles","3"
"03/24/2025","Other/Unidentified Provider","Service - No Shows","3"
"03/24/2025","Other/Unidentified Provider","Driver","1"
"03/24/2025","Non-Transportation","Travel Services (Same Day)","10"
"03/24/2025","Non-Transportation","Travel Planning (Res)","9"
"03/24/2025","Non-Transportation","Scheduling","6"
"03/24/2025","Non-Transportation","Policy","23"
"03/24/2025","Non-Transportation","IT/Technology","3"
"03/24/2025","Non-Transportation","Eligibility","1"
"03/24/2025","Non-Transportation","Customer","20"
"03/24/2025","Supplemental","Vehicles","2"
"03/24/2025","Supplemental","Service - Ride Time","1"
"03/24/2025","Supplemental","Service - Other","2"
"03/24/2025","Supplemental","Service - No Shows","9"
"03/24/2025","Supplemental","Service - Late Pickup","2"
"03/24/2025","Supplemental","Driver","6"
"03/24/2025","Broker","Service - Ride Time","20"
"03/24/2025","Broker","Service - Other","2"
"03/24/2025","Broker","Service - No Shows","32"
"03/24/2025","Broker","Service - Late Pickup","4"
"03/24/2025","Broker","Driver","58"
"03/24/2025","Primary","Service - Ride Time","6"
"03/24/2025","Primary","Service - Other","1"
"03/24/2025","Primary","Service - No Shows","24"
"03/24/2025","Primary","Service - Late Pickup","4"
"03/24/2025","Primary","Driver","8"
"03/23/2025","Non-Transportation","Eligibility","1"
"03/23/2025","Supplemental","Driver","1"
"03/23/2025","Broker","Service - Ride Time","2"
"03/23/2025","Broker","Service - No Shows","1"
"03/23/2025","Broker","Driver","2"
"03/23/2025","Primary","Service - Ride Time","1"
"03/23/2025","Non-Transportation","IT/Technology","1"
"03/22/2025","Primary","Driver","1"
"03/22/2025","Supplemental","Driver","1"
"03/22/2025","Non-Transportation","Policy","1"
"03/22/2025","Broker","Vehicles","1"
"03/22/2025","Broker","Service - Ride Time","1"
"03/22/2025","Broker","Service - No Shows","1"
"03/22/2025","Broker","Driver","4"
"03/22/2025","Primary","Service - Ride Time","1"
"03/22/2025","Primary","Service - Late Pickup","1"
"03/21/2025","Broker","Vehicles","1"
"03/21/2025","Broker","Service - Ride Time","20"
"03/21/2025","Broker","Service - Other","3"
"03/21/2025","Broker","Service - No Shows","18"
"03/21/2025","Broker","Service - Late Pickup","8"
"03/21/2025","Broker","Driver","34"
"03/21/2025","Primary","Service - Ride Time","5"
"03/21/2025","Primary","Service - No Shows","7"
"03/21/2025","Primary","Driver","9"
"03/21/2025","Primary","Service - Late Pickup","7"
"03/21/2025","Other/Unidentified Provider","Service - Late Pickup","1"
"03/21/2025","Other/Unidentified Provider","Driver","1"
"03/21/2025","Non-Transportation","Travel Services (Same Day)","6"
"03/21/2025","Non-Transportation","Travel Planning (Res)","7"
"03/21/2025","Non-Transportation","Scheduling","2"
"03/21/2025","Non-Transportation","Policy","15"
"03/21/2025","Non-Transportation","IT/Technology","3"
"03/21/2025","Non-Transportation","Eligibility","5"
"03/21/2025","Non-Transportation","Customer Relations","1"
"03/21/2025","Non-Transportation","Customer","13"
"03/21/2025","Supplemental","Vehicles","1"
"03/21/2025","Supplemental","Service - Ride Time","1"
"03/21/2025","Supplemental","Service - No Shows","9"
"03/21/2025","Supplemental","Service - Late Pickup","3"
"03/21/2025","Supplemental","Driver","2"
"03/20/2025","Broker","Service - Ride Time","20"
"03/20/2025","Other/Unidentified Provider","Service - No Shows","1"
"03/20/2025","Other/Unidentified Provider","Driver","3"
"03/20/2025","Non-Transportation","Travel Services (Same Day)","9"
"03/20/2025","Non-Transportation","Travel Planning (Res)","6"
"03/20/2025","Non-Transportation","Scheduling","1"
"03/20/2025","Non-Transportation","Policy","28"
"03/20/2025","Non-Transportation","IT/Technology","2"
"03/20/2025","Non-Transportation","Eligibility","3"
"03/20/2025","Non-Transportation","Customer Relations","1"
"03/20/2025","Non-Transportation","Customer","26"
"03/20/2025","Supplemental","Service - Ride Time","5"
"03/20/2025","Supplemental","Service - No Shows","12"
"03/20/2025","Supplemental","Service - Late Pickup","1"
"03/20/2025","Supplemental","Driver","4"
"03/20/2025","Broker","Vehicles","4"
"03/20/2025","Broker","Service - Other","4"
"03/20/2025","Broker","Service - No Shows","34"
"03/20/2025","Broker","Service - Late Pickup","7"
"03/20/2025","Broker","Driver","50"
"03/20/2025","Primary","Service - Ride Time","6"
"03/20/2025","Primary","Service - No Shows","13"
"03/20/2025","Primary","Service - Late Pickup","6"
"03/20/2025","Primary","Driver","8"
"03/19/2025","Primary","Service - Late Pickup","7"
"03/19/2025","Other/Unidentified Provider","Service - No Shows","2"
"03/19/2025","Other/Unidentified Provider","Driver","1"
"03/19/2025","Non-Transportation","Travel Services (Same Day)","11"
"03/19/2025","Non-Transportation","Travel Planning (Res)","4"
"03/19/2025","Non-Transportation","Scheduling","8"
"03/19/2025","Non-Transportation","Policy","34"
"03/19/2025","Non-Transportation","IT/Technology","1"
"03/19/2025","Non-Transportation","Eligibility","2"
"03/19/2025","Non-Transportation","Customer Relations","2"
"03/19/2025","Non-Transportation","Customer","18"
"03/19/2025","Supplemental","Vehicles","2"
"03/19/2025","Supplemental","Service - Ride Time","3"
"03/19/2025","Supplemental","Service - Other","1"
"03/19/2025","Supplemental","Service - No Shows","9"
"03/19/2025","Supplemental","Service - Late Pickup","5"
"03/19/2025","Supplemental","Driver","11"
"03/19/2025","Broker","Vehicles","1"
"03/19/2025","Broker","Service - Ride Time","19"
"03/19/2025","Primary","Driver","14"
"03/19/2025","Broker","Service - Other","3"
"03/19/2025","Broker","Service - No Shows","32"
"03/19/2025","Broker","Service - Late Pickup","5"
"03/19/2025","Broker","Driver","61"
"03/19/2025","Primary","Service - Ride Time","7"
"03/19/2025","Primary","Service - Other","2"
"03/19/2025","Primary","Service - No Shows","11"
"03/18/2025","Non-Transportation","Customer","13"
"03/18/2025","Other/Unidentified Provider","Driver","1"
"03/18/2025","Non-Transportation","Travel Services (Same Day)","7"
"03/18/2025","Non-Transportation","Travel Planning (Res)","8"
"03/18/2025","Non-Transportation","Scheduling","4"
"03/18/2025","Non-Transportation","Policy","24"
"03/18/2025","Non-Transportation","IT/Technology","6"
"03/18/2025","Non-Transportation","Eligibility","2"
"03/18/2025","Non-Transportation","Customer Relations","2"
"03/18/2025","Supplemental","Service - Ride Time","1"
"03/18/2025","Supplemental","Service - Other","1"
"03/18/2025","Supplemental","Service - No Shows","9"
"03/18/2025","Supplemental","Service - Late Pickup","3"
"03/18/2025","Supplemental","Driver","4"
"03/18/2025","Broker","Vehicles","3"
"03/18/2025","Broker","Service - Ride Time","14"
"03/18/2025","Broker","Service - Other","6"
"03/18/2025","Broker","Service - No Shows","33"
"03/18/2025","Broker","Service - Late Pickup","7"
"03/18/2025","Broker","Driver","49"
"03/18/2025","Primary","Vehicles","2"
"03/18/2025","Primary","Service - Ride Time","8"
"03/18/2025","Primary","Service - No Shows","14"
"03/18/2025","Primary","Service - Late Pickup","6"
"03/18/2025","Primary","Driver","5"
"03/17/2025","Primary","Driver","13"
"03/17/2025","Other/Unidentified Provider","Service - Late Pickup","1"
"03/17/2025","Other/Unidentified Provider","Driver","1"
"03/17/2025","Non-Transportation","Travel Services (Same Day)","6"
"03/17/2025","Non-Transportation","Travel Planning (Res)","4"
"03/17/2025","Non-Transportation","Scheduling","3"
"03/17/2025","Non-Transportation","Policy","25"
"03/17/2025","Non-Transportation","IT/Technology","2"
"03/17/2025","Non-Transportation","Eligibility","2"
"03/17/2025","Non-Transportation","Customer","18"
"03/17/2025","Supplemental","Vehicles","3"
"03/17/2025","Supplemental","Service - Ride Time","3"
"03/17/2025","Supplemental","Service - Other","1"
"03/17/2025","Supplemental","Service - No Shows","10"
"03/17/2025","Supplemental","Service - Late Pickup","5"
"03/17/2025","Supplemental","Driver","5"
"03/17/2025","Broker","Vehicles","6"
"03/17/2025","Broker","Service - Ride Time","35"
"03/17/2025","Broker","Service - Other","4"
"03/17/2025","Broker","Service - No Shows","39"
"03/17/2025","Broker","Service - Late Pickup","8"
"03/17/2025","Broker","Driver","63"
"03/17/2025","Primary","Service - Ride Time","14"
"03/17/2025","Primary","Service - Other","1"
"03/17/2025","Primary","Service - No Shows","14"
"03/17/2025","Primary","Service - Late Pickup","10"
"03/16/2025","Primary","Service - Other","1"
"03/16/2025","Non-Transportation","Travel Planning (Res)","1"
"03/16/2025","Non-Transportation","IT/Technology","1"
"03/16/2025","Supplemental","Vehicles","1"
"03/16/2025","Broker","Service - Ride Time","1"
"03/16/2025","Broker","Service - No Shows","1"
"03/16/2025","Broker","Driver","1"
"03/16/2025","Primary","Driver","1"
"03/15/2025","Supplemental","Driver","1"
"03/15/2025","Non-Transportation","Scheduling","1"
"03/15/2025","Non-Transportation","Policy","2"
"03/15/2025","Non-Transportation","Customer","2"
"03/15/2025","Broker","Driver","5"
"03/14/2025","Broker","Vehicles","1"
"03/14/2025","Other/Unidentified Provider","Service - Other","1"
"03/14/2025","Other/Unidentified Provider","Driver","1"
"03/14/2025","Non-Transportation","Travel Services (Same Day)","6"
"03/14/2025","Non-Transportation","Travel Planning (Res)","3"
"03/14/2025","Non-Transportation","Scheduling","8"
"03/14/2025","Non-Transportation","Policy","12"
"03/14/2025","Non-Transportation","IT/Technology","2"
"03/14/2025","Non-Transportation","Eligibility","3"
"03/14/2025","Non-Transportation","Customer Relations","1"
"03/14/2025","Non-Transportation","Customer","7"
"03/14/2025","Supplemental","Service - Ride Time","3"
"03/14/2025","Supplemental","Service - No Shows","4"
"03/14/2025","Supplemental","Driver","3"
"03/14/2025","Broker","Service - Ride Time","15"
"03/14/2025","Broker","Service - Other","3"
"03/14/2025","Broker","Service - No Shows","26"
"03/14/2025","Broker","Service - Late Pickup","10"
"03/14/2025","Broker","Driver","36"
"03/14/2025","Primary","Service - Ride Time","2"
"03/14/2025","Primary","Service - No Shows","8"
"03/14/2025","Primary","Service - Late Pickup","6"
"03/14/2025","Primary","Driver","18"
"03/13/2025","Primary","Service - No Shows","7"
"03/13/2025","Other/Unidentified Provider","Service - Other","1"
"03/13/2025","Other/Unidentified Provider","Driver","3"
"03/13/2025","Non-Transportation","Travel Services (Same Day)","5"
"03/13/2025","Non-Transportation","Travel Planning (Res)","10"
"03/13/2025","Non-Transportation","Scheduling","7"
"03/13/2025","Non-Transportation","Policy","20"
"03/13/2025","Non-Transportation","IT/Technology","3"
"03/13/2025","Primary","Driver","7"
"03/13/2025","Non-Transportation","Eligibility","3"
"03/13/2025","Non-Transportation","Customer","14"
"03/13/2025","Supplemental","Service - Ride Time","3"
"03/13/2025","Supplemental","Service - No Shows","4"
"03/13/2025","Supplemental","Service - Late Pickup","3"
"03/13/2025","Supplemental","Driver","2"
"03/13/2025","Primary","Service - Late Pickup","2"
"03/13/2025","Broker","Vehicles","4"
"03/13/2025","Broker","Service - Ride Time","17"
"03/13/2025","Broker","Service - Other","7"
"03/13/2025","Broker","Service - No Shows","37"
"03/13/2025","Broker","Service - Late Pickup","10"
"03/13/2025","Broker","Driver","44"
"03/13/2025","Primary","Vehicles","2"
"03/13/2025","Primary","Service - Ride Time","4"
"03/12/2025","Non-Transportation","Eligibility","1"
"03/12/2025","Other/Unidentified Provider","Service - No Shows","1"
"03/12/2025","Other/Unidentified Provider","Driver","3"
"03/12/2025","Non-Transportation","Travel Services (Same Day)","7"
"03/12/2025","Non-Transportation","Travel Planning (Res)","4"
"03/12/2025","Non-Transportation","Scheduling","5"
"03/12/2025","Non-Transportation","Policy","29"
"03/12/2025","Non-Transportation","IT/Technology","4"
"03/12/2025","Non-Transportation","Customer","19"
"03/12/2025","Supplemental","Service - Ride Time","1"
"03/12/2025","Supplemental","Service - No Shows","12"
"03/12/2025","Supplemental","Service - Late Pickup","3"
"03/12/2025","Supplemental","Driver","5"
"03/12/2025","Broker","Vehicles","3"
"03/12/2025","Broker","Service - Ride Time","19"
"03/12/2025","Broker","Service - Other","4"
"03/12/2025","Broker","Service - No Shows","38"
"03/12/2025","Broker","Service - Late Pickup","14"
"03/12/2025","Broker","Driver","55"
"03/12/2025","Primary","Service - Ride Time","9"
"03/12/2025","Primary","Service - Other","1"
"03/12/2025","Primary","Service - No Shows","10"
"03/12/2025","Primary","Service - Late Pickup","11"
"03/12/2025","Primary","Driver","4"
"03/11/2025","Primary","Driver","14"
"03/11/2025","Other/Unidentified Provider","Service - Other","1"
"03/11/2025","Other/Unidentified Provider","Service - No Shows","1"
"03/11/2025","Other/Unidentified Provider","Driver","2"
"03/11/2025","Non-Transportation","Travel Services (Same Day)","9"
"03/11/2025","Non-Transportation","Travel Planning (Res)","6"
"03/11/2025","Non-Transportation","Scheduling","3"
"03/11/2025","Non-Transportation","Policy","21"
"03/11/2025","Non-Transportation","IT/Technology","4"
"03/11/2025","Non-Transportation","Eligibility","2"
"03/11/2025","Non-Transportation","Customer","25"
"03/11/2025","Supplemental","Service - Ride Time","2"
"03/11/2025","Supplemental","Service - No Shows","12"
"03/11/2025","Supplemental","Service - Late Pickup","4"
"03/11/2025","Supplemental","Driver","9"
"03/11/2025","Broker","Vehicles","2"
"03/11/2025","Broker","Service - Ride Time","25"
"03/11/2025","Broker","Service - Other","5"
"03/11/2025","Broker","Service - No Shows","47"
"03/11/2025","Broker","Service - Late Pickup","7"
"03/11/2025","Broker","Driver","52"
"03/11/2025","Primary","Service - Ride Time","11"
"03/11/2025","Primary","Service - Other","2"
"03/11/2025","Primary","Service - No Shows","17"
"03/11/2025","Primary","Service - Late Pickup","6"
"03/10/2025","Supplemental","Service - Other","1"
"03/10/2025","Other/Unidentified Provider","Service - No Shows","2"
"03/10/2025","Other/Unidentified Provider","Driver","2"
"03/10/2025","Non-Transportation","Travel Services (Same Day)","5"
"03/10/2025","Non-Transportation","Travel Planning (Res)","5"
"03/10/2025","Non-Transportation","Policy","26"
"03/10/2025","Non-Transportation","IT/Technology","7"
"03/10/2025","Non-Transportation","Eligibility","2"
"03/10/2025","Non-Transportation","Customer Relations","1"
"03/10/2025","Non-Transportation","Customer","13"
"03/10/2025","Supplemental","Service - Ride Time","4"
"03/10/2025","Supplemental","Service - No Shows","10"
"03/10/2025","Supplemental","Service - Late Pickup","4"
"03/10/2025","Supplemental","Driver","6"
"03/10/2025","Broker","Vehicles","4"
"03/10/2025","Broker","Service - Ride Time","16"
"03/10/2025","Broker","Service - Other","6"
"03/10/2025","Broker","Service - No Shows","47"
"03/10/2025","Broker","Service - Late Pickup","9"
"03/10/2025","Broker","Driver","63"
"03/10/2025","Primary","Vehicles","2"
"03/10/2025","Primary","Service - Ride Time","8"
"03/10/2025","Primary","Service - Other","1"
"03/10/2025","Primary","Service - No Shows","13"
"03/10/2025","Primary","Service - Late Pickup","8"
"03/10/2025","Primary","Driver","4"
"03/09/2025","Supplemental","Service - Ride Time","1"
"03/09/2025","Supplemental","Driver","2"
"03/09/2025","Broker","Vehicles","1"
"03/09/2025","Broker","Service - Ride Time","1"
"03/09/2025","Broker","Service - Other","1"
"03/09/2025","Broker","Service - Late Pickup","1"
"03/09/2025","Broker","Driver","3"
"03/09/2025","Primary","Driver","1"
"03/09/2025","Non-Transportation","Travel Services (Same Day)","1"
"03/09/2025","Non-Transportation","Policy","3"
"03/09/2025","Non-Transportation","IT/Technology","1"
"03/08/2025","Broker","Service - Ride Time","2"
"03/08/2025","Broker","Service - No Shows","1"
"03/08/2025","Broker","Service - Late Pickup","1"
"03/08/2025","Broker","Driver","4"
"03/08/2025","Primary","Service - Ride Time","1"
"03/08/2025","Primary","Service - No Shows","1"
"03/08/2025","Primary","Driver","1"
"03/08/2025","Non-Transportation","Travel Services (Same Day)","1"
"03/08/2025","Non-Transportation","Travel Planning (Res)","1"
"03/08/2025","Supplemental","Driver","1"
"03/07/2025","Broker","Driver","36"
"03/07/2025","Primary","Service - Ride Time","5"
"03/07/2025","Primary","Service - Other","1"
"03/07/2025","Primary","Service - Late Pickup","2"
"03/07/2025","Primary","Service - No Shows","11"
"03/07/2025","Other/Unidentified Provider","Service - Late Pickup","1"
"03/07/2025","Non-Transportation","Travel Services (Same Day)","5"
"03/07/2025","Non-Transportation","Travel Planning (Res)","3"
"03/07/2025","Non-Transportation","Scheduling","2"
"03/07/2025","Non-Transportation","Policy","19"
"03/07/2025","Non-Transportation","IT/Technology","3"
"03/07/2025","Non-Transportation","Eligibility","2"
"03/07/2025","Non-Transportation","Customer Relations","1"
"03/07/2025","Non-Transportation","Customer","9"
"03/07/2025","Primary","Driver","10"
"03/07/2025","Supplemental","Vehicles","2"
"03/07/2025","Supplemental","Service - Ride Time","4"
"03/07/2025","Supplemental","Service - Other","1"
"03/07/2025","Supplemental","Service - No Shows","8"
"03/07/2025","Supplemental","Service - Late Pickup","3"
"03/07/2025","Supplemental","Driver","7"
"03/07/2025","Broker","Service - Ride Time","17"
"03/07/2025","Broker","Service - Other","4"
"03/07/2025","Broker","Service - No Shows","37"
"03/07/2025","Broker","Service - Late Pickup","6"
"03/06/2025","Other/Unidentified Provider","Driver","1"
"03/06/2025","Non-Transportation","Travel Services (Same Day)","10"
"03/06/2025","Non-Transportation","Travel Planning (Res)","6"
"03/06/2025","Non-Transportation","Scheduling","1"
"03/06/2025","Non-Transportation","Policy","21"
"03/06/2025","Non-Transportation","IT/Technology","8"
"03/06/2025","Non-Transportation","Eligibility","3"
"03/06/2025","Non-Transportation","Customer","17"
"03/06/2025","Supplemental","Vehicles","1"
"03/06/2025","Supplemental","Service - Ride Time","4"
"03/06/2025","Supplemental","Service - Other","1"
"03/06/2025","Supplemental","Service - No Shows","7"
"03/06/2025","Supplemental","Service - Late Pickup","5"
"03/06/2025","Broker","Vehicles","1"
"03/06/2025","Broker","Service - Ride Time","24"
"03/06/2025","Broker","Service - Other","5"
"03/06/2025","Broker","Service - No Shows","38"
"03/06/2025","Broker","Service - Late Pickup","6"
"03/06/2025","Broker","Driver","43"
"03/06/2025","Primary","Vehicles","1"
"03/06/2025","Primary","Service - Ride Time","2"
"03/06/2025","Primary","Service - No Shows","12"
"03/06/2025","Primary","Service - Late Pickup","1"
"03/06/2025","Primary","Driver","6"
"03/05/2025","Primary","Driver","11"
"03/05/2025","Other/Unidentified Provider","Service - No Shows","1"
"03/05/2025","Other/Unidentified Provider","Driver","1"
"03/05/2025","Non-Transportation","Travel Services (Same Day)","5"
"03/05/2025","Non-Transportation","Travel Planning (Res)","8"
"03/05/2025","Non-Transportation","Scheduling","4"
"03/05/2025","Non-Transportation","Policy","17"
"03/05/2025","Non-Transportation","IT/Technology","5"
"03/05/2025","Non-Transportation","Eligibility","2"
"03/05/2025","Non-Transportation","Customer","11"
"03/05/2025","Supplemental","Service - Ride Time","1"
"03/05/2025","Supplemental","Service - No Shows","4"
"03/05/2025","Supplemental","Service - Late Pickup","1"
"03/05/2025","Supplemental","Driver","4"
"03/05/2025","Broker","Vehicles","2"
"03/05/2025","Broker","Service - Ride Time","26"
"03/05/2025","Broker","Service - Other","5"
"03/05/2025","Broker","Service - No Shows","27"
"03/05/2025","Broker","Service - Late Pickup","6"
"03/05/2025","Broker","Driver","37"
"03/05/2025","Primary","Service - Ride Time","4"
"03/05/2025","Primary","Service - No Shows","13"
"03/05/2025","Primary","Service - Late Pickup","2"
"03/04/2025","Non-Transportation","Policy","8"
"03/04/2025","Other/Unidentified Provider","Driver","3"
"03/04/2025","Non-Transportation","Travel Services (Same Day)","7"
"03/04/2025","Non-Transportation","Travel Planning (Res)","3"
"03/04/2025","Non-Transportation","Scheduling","2"
"03/04/2025","Non-Transportation","IT/Technology","5"
"03/04/2025","Non-Transportation","Eligibility","2"
"03/04/2025","Non-Transportation","Customer","13"
"03/04/2025","E-Hail","Service - Other","1"
"03/04/2025","Supplemental","Service - No Shows","6"
"03/04/2025","Supplemental","Service - Late Pickup","3"
"03/04/2025","Supplemental","Driver","3"
"03/04/2025","Broker","Vehicles","3"
"03/04/2025","Broker","Service - Ride Time","15"
"03/04/2025","Broker","Service - Other","6"
"03/04/2025","Broker","Service - No Shows","41"
"03/04/2025","Broker","Service - Late Pickup","12"
"03/04/2025","Broker","Driver","45"
"03/04/2025","Primary","Service - Ride Time","2"
"03/04/2025","Primary","Service - No Shows","9"
"03/04/2025","Primary","Service - Late Pickup","4"
"03/04/2025","Primary","Driver","11"
"03/03/2025","Primary","Service - Late Pickup","4"
"03/03/2025","Other/Unidentified Provider","Driver","1"
"03/03/2025","Non-Transportation","Travel Services (Same Day)","6"
"03/03/2025","Non-Transportation","Travel Planning (Res)","10"
"03/03/2025","Non-Transportation","Scheduling","6"
"03/03/2025","Non-Transportation","Policy","19"
"03/03/2025","Non-Transportation","IT/Technology","3"
"03/03/2025","Broker","Service - Other","3"
"03/03/2025","Broker","Service - No Shows","45"
"03/03/2025","Broker","Service - Late Pickup","4"
"03/03/2025","Broker","Driver","51"
"03/03/2025","Primary","Service - Ride Time","14"
"03/03/2025","Primary","Service - No Shows","25"
"03/03/2025","Primary","Driver","13"
"03/03/2025","Non-Transportation","Eligibility","3"
"03/03/2025","Non-Transportation","Customer Relations","1"
"03/03/2025","Non-Transportation","Customer","16"
"03/03/2025","Supplemental","Service - Ride Time","1"
"03/03/2025","Supplemental","Service - No Shows","9"
"03/03/2025","Supplemental","Service - Late Pickup","1"
"03/03/2025","Supplemental","Driver","7"
"03/03/2025","Broker","Vehicles","2"
"03/03/2025","Broker","Service - Ride Time","12"
"03/02/2025","Non-Transportation","Policy","2"
"03/02/2025","Supplemental","Driver","1"
"03/02/2025","Broker","Service - No Shows","1"
"03/02/2025","Primary","Service - No Shows","1"
"03/02/2025","Broker","Driver","5"
"03/02/2025","Primary","Driver","1"
"03/02/2025","Other/Unidentified Provider","Driver","1"
"03/01/2025","Non-Transportation","Policy","2"
"03/01/2025","Primary","Service - No Shows","1"
"03/01/2025","Primary","Service - Ride Time","1"
"03/01/2025","Broker","Driver","2"
"03/01/2025","Supplemental","Driver","1"
"03/01/2025","Non-Transportation","IT/Technology","3"
"02/28/2025","Primary","Driver","7"
"02/28/2025","Other/Unidentified Provider","Service - No Shows","1"
"02/28/2025","Other/Unidentified Provider","Service - Late Pickup","1"
"02/28/2025","Non-Transportation","Travel Services (Same Day)","6"
"02/28/2025","Non-Transportation","Travel Planning (Res)","5"
"02/28/2025","Non-Transportation","Policy","20"
"02/28/2025","Non-Transportation","IT/Technology","2"
"02/28/2025","Non-Transportation","Eligibility","2"
"02/28/2025","Non-Transportation","Customer Relations","1"
"02/28/2025","Non-Transportation","Customer","8"
"02/28/2025","Supplemental","Vehicles","1"
"02/28/2025","Supplemental","Service - Ride Time","3"
"02/28/2025","Supplemental","Service - Other","2"
"02/28/2025","Supplemental","Service - No Shows","5"
"02/28/2025","Supplemental","Service - Late Pickup","1"
"02/28/2025","Supplemental","Driver","3"
"02/28/2025","Broker","Vehicles","1"
"02/28/2025","Broker","Service - Ride Time","14"
"02/28/2025","Broker","Service - Other","5"
"02/28/2025","Broker","Service - No Shows","14"
"02/28/2025","Broker","Service - Late Pickup","8"
"02/28/2025","Broker","Driver","38"
"02/28/2025","Primary","Vehicles","1"
"02/28/2025","Primary","Service - Ride Time","8"
"02/28/2025","Primary","Service - Other","2"
"02/28/2025","Primary","Service - No Shows","8"
"02/28/2025","Primary","Service - Late Pickup","6"
"02/27/2025","Non-Transportation","Customer Relations","1"
"02/27/2025","Other/Unidentified Provider","Service - Late Pickup","2"
"02/27/2025","Other/Unidentified Provider","Driver","2"
"02/27/2025","Non-Transportation","Travel Services (Same Day)","8"
"02/27/2025","Non-Transportation","Travel Planning (Res)","5"
"02/27/2025","Non-Transportation","Scheduling","5"
"02/27/2025","Non-Transportation","Policy","15"
"02/27/2025","Non-Transportation","IT/Technology","3"
"02/27/2025","Non-Transportation","Customer","11"
"02/27/2025","Supplemental","Service - Ride Time","2"
"02/27/2025","Supplemental","Service - Other","1"
"02/27/2025","Supplemental","Service - No Shows","2"
"02/27/2025","Supplemental","Driver","4"
"02/27/2025","Broker","Vehicles","8"
"02/27/2025","Broker","Service - Ride Time","25"
"02/27/2025","Broker","Service - Other","2"
"02/27/2025","Broker","Service - No Shows","37"
"02/27/2025","Broker","Service - Late Pickup","11"
"02/27/2025","Broker","Driver","57"
"02/27/2025","Primary","Service - Ride Time","7"
"02/27/2025","Primary","Service - No Shows","14"
"02/27/2025","Primary","Service - Late Pickup","2"
"02/27/2025","Primary","Driver","9"
"02/26/2025","Supplemental","Service - No Shows","2"
"02/26/2025","Other/Unidentified Provider","Service - Late Pickup","1"
"02/26/2025","Non-Transportation","Travel Services (Same Day)","4"
"02/26/2025","Non-Transportation","Travel Planning (Res)","3"
"02/26/2025","Non-Transportation","Scheduling","3"
"02/26/2025","Non-Transportation","Policy","17"
"02/26/2025","Non-Transportation","IT/Technology","2"
"02/26/2025","Non-Transportation","Eligibility","5"
"02/26/2025","Non-Transportation","Customer","9"
"02/26/2025","Supplemental","Service - Ride Time","1"
"02/26/2025","Supplemental","Driver","3"
"02/26/2025","Broker","Vehicles","2"
"02/26/2025","Broker","Service - Ride Time","15"
"02/26/2025","Broker","Service - Other","4"
"02/26/2025","Broker","Service - No Shows","30"
"02/26/2025","Broker","Service - Late Pickup","10"
"02/26/2025","Broker","Driver","45"
"02/26/2025","Primary","Service - Ride Time","7"
"02/26/2025","Primary","Service - No Shows","9"
"02/26/2025","Primary","Service - Late Pickup","5"
"02/26/2025","Primary","Driver","8"
"02/25/2025","Primary","Service - No Shows","13"
"02/25/2025","Other/Unidentified Provider","Driver","1"
"02/25/2025","Non-Transportation","Travel Services (Same Day)","5"
"02/25/2025","Non-Transportation","Travel Planning (Res)","12"
"02/25/2025","Non-Transportation","Scheduling","2"
"02/25/2025","Non-Transportation","Policy","14"
"02/25/2025","Primary","Driver","8"
"02/25/2025","Non-Transportation","IT/Technology","4"
"02/25/2025","Non-Transportation","Eligibility","3"
"02/25/2025","Non-Transportation","Customer","15"
"02/25/2025","Primary","Service - Late Pickup","7"
"02/25/2025","Supplemental","Service - Ride Time","3"
"02/25/2025","Supplemental","Service - Other","1"
"02/25/2025","Supplemental","Service - No Shows","9"
"02/25/2025","Supplemental","Driver","4"
"02/25/2025","Broker","Service - Ride Time","22"
"02/25/2025","Broker","Service - Other","4"
"02/25/2025","Broker","Service - No Shows","29"
"02/25/2025","Broker","Service - Late Pickup","5"
"02/25/2025","Broker","Driver","45"
"02/25/2025","Primary","Service - Ride Time","12"
"02/24/2025","Broker","Service - No Shows","44"
"02/24/2025","Other/Unidentified Provider","Service - No Shows","1"
"02/24/2025","Other/Unidentified Provider","Service - Late Pickup","1"
"02/24/2025","Other/Unidentified Provider","Driver","1"
"02/24/2025","Non-Transportation","Travel Services (Same Day)","13"
"02/24/2025","Non-Transportation","Travel Planning (Res)","9"
"02/24/2025","Non-Transportation","Scheduling","6"
"02/24/2025","Non-Transportation","Policy","23"
"02/24/2025","Non-Transportation","IT/Technology","7"
"02/24/2025","Non-Transportation","Eligibility","4"
"02/24/2025","Non-Transportation","Customer","23"
"02/24/2025","Supplemental","Service - No Shows","6"
"02/24/2025","Supplemental","Driver","9"
"02/24/2025","Broker","Vehicles","1"
"02/24/2025","Broker","Service - Ride Time","20"
"02/24/2025","Broker","Service - Other","4"
"02/24/2025","Broker","Service - Late Pickup","10"
"02/24/2025","Broker","Driver","70"
"02/24/2025","Primary","Service - Ride Time","9"
"02/24/2025","Primary","Service - Other","1"
"02/24/2025","Primary","Service - No Shows","10"
"02/24/2025","Primary","Service - Late Pickup","5"
"02/24/2025","Primary","Driver","16"
"02/23/2025","Non-Transportation","Policy","2"
"02/23/2025","Supplemental","Driver","1"
"02/23/2025","Broker","Service - Ride Time","2"
"02/23/2025","Broker","Service - No Shows","1"
"02/23/2025","Broker","Driver","1"
"02/23/2025","Primary","Driver","1"
"02/22/2025","Broker","Service - No Shows","2"
"02/22/2025","Non-Transportation","Travel Services (Same Day)","3"
"02/22/2025","Broker","Driver","2"
"02/22/2025","Broker","Service - Late Pickup","1"
"02/22/2025","Non-Transportation","Policy","2"
"02/22/2025","Non-Transportation","Customer","1"
"02/22/2025","Supplemental","Service - No Shows","1"
"02/22/2025","Broker","Service - Ride Time","1"
"02/22/2025","Broker","Service - Other","1"
"02/21/2025","Broker","Service - No Shows","14"
"02/21/2025","Broker","Service - Late Pickup","4"
"02/21/2025","Broker","Driver","33"
"02/21/2025","Primary","Vehicles","1"
"02/21/2025","Primary","Service - Ride Time","4"
"02/21/2025","Primary","Service - No Shows","7"
"02/21/2025","Primary","Driver","8"
"02/21/2025","Primary","Service - Late Pickup","3"
"02/21/2025","Non-Transportation","Travel Services (Same Day)","6"
"02/21/2025","Non-Transportation","Travel Planning (Res)","1"
"02/21/2025","Non-Transportation","Scheduling","2"
"02/21/2025","Non-Transportation","Policy","10"
"02/21/2025","Non-Transportation","IT/Technology","6"
"02/21/2025","Non-Transportation","Eligibility","6"
"02/21/2025","Non-Transportation","Customer","9"
"02/21/2025","Supplemental","Service - Ride Time","2"
"02/21/2025","Supplemental","Service - Other","1"
"02/21/2025","Supplemental","Service - No Shows","3"
"02/21/2025","Supplemental","Driver","2"
"02/21/2025","Broker","Vehicles","1"
"02/21/2025","Broker","Service - Ride Time","12"
"02/21/2025","Broker","Service - Other","3"
"02/20/2025","Other/Unidentified Provider","Service - No Shows","1"
"02/20/2025","Other/Unidentified Provider","Service - Late Pickup","1"
"02/20/2025","Non-Transportation","Travel Services (Same Day)","5"
"02/20/2025","Non-Transportation","Travel Planning (Res)","4"
"02/20/2025","Non-Transportation","Policy","9"
"02/20/2025","Non-Transportation","IT/Technology","5"
"02/20/2025","Non-Transportation","Customer","8"
"02/20/2025","Supplemental","Service - No Shows","7"
"02/20/2025","Supplemental","Driver","5"
"02/20/2025","Broker","Vehicles","2"
"02/20/2025","Broker","Service - Ride Time","5"
"02/20/2025","Broker","Service - Other","1"
"02/20/2025","Broker","Service - No Shows","14"
"02/20/2025","Broker","Service - Late Pickup","2"
"02/20/2025","Broker","Driver","42"
"02/20/2025","Primary","Service - Ride Time","3"
"02/20/2025","Primary","Service - No Shows","18"
"02/20/2025","Primary","Service - Late Pickup","2"
"02/20/2025","Primary","Driver","10"
"02/19/2025","Supplemental","Service - Other","1"
"02/19/2025","Other/Unidentified Provider","Driver","3"
"02/19/2025","Non-Transportation","Travel Services (Same Day)","6"
"02/19/2025","Non-Transportation","Travel Planning (Res)","8"
"02/19/2025","Non-Transportation","Scheduling","2"
"02/19/2025","Non-Transportation","Policy","6"
"02/19/2025","Non-Transportation","IT/Technology","6"
"02/19/2025","Non-Transportation","Eligibility","5"
"02/19/2025","Non-Transportation","Customer","11"
"02/19/2025","Supplemental","Vehicles","2"
"02/19/2025","Supplemental","Service - No Shows","6"
"02/19/2025","Supplemental","Service - Late Pickup","2"
"02/19/2025","Supplemental","Driver","5"
"02/19/2025","Broker","Vehicles","1"
"02/19/2025","Broker","Service - Ride Time","20"
"02/19/2025","Broker","Service - Other","3"
"02/19/2025","Broker","Service - No Shows","28"
"02/19/2025","Broker","Service - Late Pickup","4"
"02/19/2025","Broker","Driver","47"
"02/19/2025","Primary","Service - Ride Time","1"
"02/19/2025","Primary","Service - Other","2"
"02/19/2025","Primary","Service - No Shows","11"
"02/19/2025","Primary","Service - Late Pickup","2"
"02/19/2025","Primary","Driver","6"
"02/18/2025","Primary","Service - Other","1"
"02/18/2025","Non-Transportation","Travel Services (Same Day)","6"
"02/18/2025","Non-Transportation","Travel Planning (Res)","3"
"02/18/2025","Primary","Service - Late Pickup","2"
"02/18/2025","Non-Transportation","Scheduling","1"
"02/18/2025","Non-Transportation","Policy","13"
"02/18/2025","Non-Transportation","IT/Technology","5"
"02/18/2025","Primary","Service - No Shows","14"
"02/18/2025","Non-Transportation","Eligibility","3"
"02/18/2025","Non-Transportation","Customer","9"
"02/18/2025","Supplemental","Vehicles","1"
"02/18/2025","Supplemental","Service - Ride Time","1"
"02/18/2025","Supplemental","Service - No Shows","11"
"02/18/2025","Supplemental","Driver","3"
"02/18/2025","Broker","Service - Ride Time","11"
"02/18/2025","Broker","Service - Other","6"
"02/18/2025","Primary","Driver","16"
"02/18/2025","Broker","Service - No Shows","17"
"02/18/2025","Broker","Service - Late Pickup","8"
"02/18/2025","Broker","Driver","72"
"02/18/2025","Primary","Service - Ride Time","5"
"02/17/2025","Non-Transportation","Customer","3"
"02/17/2025","Non-Transportation","Policy","2"
"02/17/2025","Supplemental","Service - Ride Time","1"
"02/17/2025","Supplemental","Service - No Shows","2"
"02/17/2025","Supplemental","Driver","1"
"02/17/2025","Broker","Driver","5"
"02/17/2025","Primary","Service - No Shows","1"
"02/16/2025","Broker","Service - Ride Time","1"
"02/16/2025","Broker","Service - No Shows","2"
"02/16/2025","Broker","Driver","1"
"02/16/2025","Non-Transportation","Travel Services (Same Day)","2"
"02/16/2025","Non-Transportation","Travel Planning (Res)","1"
"02/16/2025","Non-Transportation","Policy","2"
"02/15/2025","Supplemental","Driver","1"
"02/15/2025","Broker","Service - No Shows","2"
"02/15/2025","Broker","Service - Late Pickup","1"
"02/15/2025","Broker","Driver","5"
"02/15/2025","Primary","Service - No Shows","1"
"02/15/2025","Primary","Service - Late Pickup","1"
"02/15/2025","Primary","Driver","1"
"02/15/2025","Other/Unidentified Provider","Driver","1"
"02/15/2025","Non-Transportation","Travel Services (Same Day)","1"
"02/15/2025","Supplemental","Service - No Shows","1"
"02/14/2025","Broker","Driver","39"
"02/14/2025","Primary","Service - Ride Time","7"
"02/14/2025","Primary","Service - No Shows","9"
"02/14/2025","Primary","Driver","12"
"02/14/2025","Primary","Service - Late Pickup","6"
"02/14/2025","Non-Transportation","Travel Services (Same Day)","5"
"02/14/2025","Non-Transportation","Travel Planning (Res)","5"
"02/14/2025","Non-Transportation","Policy","12"
"02/14/2025","Non-Transportation","IT/Technology","5"
"02/14/2025","Non-Transportation","Eligibility","2"
"02/14/2025","Non-Transportation","Customer Relations","2"
"02/14/2025","Non-Transportation","Customer","5"
"02/14/2025","Supplemental","Service - Ride Time","2"
"02/14/2025","Supplemental","Service - No Shows","4"
"02/14/2025","Supplemental","Service - Late Pickup","3"
"02/14/2025","Supplemental","Driver","6"
"02/14/2025","Broker","Service - Ride Time","13"
"02/14/2025","Broker","Service - Other","1"
"02/14/2025","Broker","Service - No Shows","17"
"02/14/2025","Broker","Service - Late Pickup","8"
"02/13/2025","Non-Transportation","Travel Planning (Res)","8"
"02/13/2025","Other/Unidentified Provider","Service - No Shows","2"
"02/13/2025","Non-Transportation","Travel Services (Same Day)","6"
"02/13/2025","Non-Transportation","Policy","21"
"02/13/2025","Non-Transportation","IT/Technology","1"
"02/13/2025","Non-Transportation","Customer","6"
"02/13/2025","Supplemental","Service - Ride Time","3"
"02/13/2025","Supplemental","Service - No Shows","6"
"02/13/2025","Supplemental","Service - Late Pickup","4"
"02/13/2025","Supplemental","Driver","5"
"02/13/2025","Broker","Vehicles","4"
"02/13/2025","Broker","Service - Ride Time","8"
"02/13/2025","Broker","Service - Other","5"
"02/13/2025","Broker","Service - No Shows","26"
"02/13/2025","Broker","Service - Late Pickup","10"
"02/13/2025","Broker","Driver","42"
"02/13/2025","Primary","Vehicles","1"
"02/13/2025","Primary","Service - Ride Time","7"
"02/13/2025","Primary","Service - Other","1"
"02/13/2025","Primary","Service - No Shows","9"
"02/13/2025","Primary","Service - Late Pickup","5"
"02/13/2025","Primary","Driver","11"
"02/12/2025","Non-Transportation","Travel Services (Same Day)","5"
"02/12/2025","Non-Transportation","Travel Planning (Res)","7"
"02/12/2025","Non-Transportation","Scheduling","3"
"02/12/2025","Non-Transportation","Policy","17"
"02/12/2025","Non-Transportation","IT/Technology","5"
"02/12/2025","Non-Transportation","Eligibility","5"
"02/12/2025","Non-Transportation","Customer Relations","1"
"02/12/2025","Non-Transportation","Customer","9"
"02/12/2025","Supplemental","Service - Ride Time","4"
"02/12/2025","Supplemental","Service - No Shows","4"
"02/12/2025","Supplemental","Driver","2"
"02/12/2025","Broker","Vehicles","3"
"02/12/2025","Broker","Service - Ride Time","13"
"02/12/2025","Broker","Service - Other","3"
"02/12/2025","Broker","Service - No Shows","20"
"02/12/2025","Broker","Service - Late Pickup","6"
"02/12/2025","Broker","Driver","42"
"02/12/2025","Primary","Service - Ride Time","2"
"02/12/2025","Primary","Service - No Shows","14"
"02/12/2025","Primary","Service - Late Pickup","2"
"02/12/2025","Primary","Driver","10"
"02/12/2025","Other/Unidentified Provider","Driver","2"
"02/11/2025","Primary","Service - Ride Time","1"
"02/11/2025","Primary","Service - Late Pickup","5"
"02/11/2025","Primary","Service - No Shows","9"
"02/11/2025","Other/Unidentified Provider","Service - Other","1"
"02/11/2025","Other/Unidentified Provider","Driver","2"
"02/11/2025","Non-Transportation","Travel Services (Same Day)","8"
"02/11/2025","Non-Transportation","Travel Planning (Res)","11"
"02/11/2025","Primary","Driver","4"
"02/11/2025","Non-Transportation","Scheduling","6"
"02/11/2025","Non-Transportation","Policy","13"
"02/11/2025","Non-Transportation","IT/Technology","4"
"02/11/2025","Non-Transportation","Eligibility","4"
"02/11/2025","Non-Transportation","Customer Relations","1"
"02/11/2025","Non-Transportation","Customer","16"
"02/11/2025","Supplemental","Service - Ride Time","3"
"02/11/2025","Supplemental","Service - No Shows","4"
"02/11/2025","Supplemental","Service - Late Pickup","1"
"02/11/2025","Supplemental","Driver","4"
"02/11/2025","Broker","Service - Ride Time","23"
"02/11/2025","Broker","Service - Other","8"
"02/11/2025","Broker","Service - No Shows","35"
"02/11/2025","Broker","Service - Late Pickup","8"
"02/11/2025","Broker","Driver","43"
"02/11/2025","Primary","Vehicles","1"
"02/10/2025","Non-Transportation","Travel Services (Same Day)","7"
"02/10/2025","Other/Unidentified Provider","Service - Other","1"
"02/10/2025","Other/Unidentified Provider","Driver","2"
"02/10/2025","Non-Transportation","Travel Planning (Res)","10"
"02/10/2025","Non-Transportation","Scheduling","1"
"02/10/2025","Non-Transportation","Policy","20"
"02/10/2025","Non-Transportation","IT/Technology","4"
"02/10/2025","Non-Transportation","Eligibility","10"
"02/10/2025","Non-Transportation","Customer","7"
"02/10/2025","Supplemental","Service - Ride Time","3"
"02/10/2025","Supplemental","Service - No Shows","11"
"02/10/2025","Supplemental","Service - Late Pickup","2"
"02/10/2025","Supplemental","Driver","9"
"02/10/2025","Broker","Vehicles","6"
"02/10/2025","Broker","Service - Ride Time","18"
"02/10/2025","Broker","Service - Other","4"
"02/10/2025","Broker","Service - No Shows","32"
"02/10/2025","Broker","Service - Late Pickup","7"
"02/10/2025","Broker","Driver","50"
"02/10/2025","Primary","Service - Ride Time","6"
"02/10/2025","Primary","Service - No Shows","13"
"02/10/2025","Primary","Service - Late Pickup","4"
"02/10/2025","Primary","Driver","13"
"02/09/2025","Broker","Service - Late Pickup","1"
"02/09/2025","Broker","Driver","2"
"02/09/2025","Non-Transportation","Policy","1"
"02/09/2025","Non-Transportation","Customer","1"
"02/09/2025","Broker","Service - Ride Time","1"
"02/08/2025","Broker","Driver","1"
"02/08/2025","Primary","Service - No Shows","1"
"02/08/2025","Primary","Driver","1"
"02/08/2025","Non-Transportation","IT/Technology","1"
"02/08/2025","Broker","Service - Ride Time","2"
"02/08/2025","Broker","Service - Other","1"
"02/07/2025","Supplemental","Service - Ride Time","4"
"02/07/2025","Supplemental","Service - No Shows","4"
"02/07/2025","Supplemental","Service - Late Pickup","2"
"02/07/2025","Supplemental","Driver","6"
"02/07/2025","Broker","Vehicles","1"
"02/07/2025","Broker","Service - Ride Time","15"
"02/07/2025","Broker","Service - Other","4"
"02/07/2025","Broker","Service - No Shows","26"
"02/07/2025","Broker","Service - Late Pickup","3"
"02/07/2025","Broker","Driver","39"
"02/07/2025","Primary","Vehicles","1"
"02/07/2025","Primary","Service - Ride Time","4"
"02/07/2025","Primary","Service - Other","1"
"02/07/2025","Primary","Service - No Shows","6"
"02/07/2025","Primary","Driver","5"
"02/07/2025","Primary","Service - Late Pickup","2"
"02/07/2025","Other/Unidentified Provider","Service - No Shows","1"
"02/07/2025","Other/Unidentified Provider","Service - Late Pickup","1"
"02/07/2025","Non-Transportation","Travel Services (Same Day)","3"
"02/07/2025","Non-Transportation","Travel Planning (Res)","8"
"02/07/2025","Non-Transportation","Scheduling","2"
"02/07/2025","Non-Transportation","Policy","14"
"02/07/2025","Non-Transportation","IT/Technology","4"
"02/07/2025","Non-Transportation","Eligibility","2"
"02/07/2025","Non-Transportation","Customer Relations","1"
"02/07/2025","Non-Transportation","Customer","7"
"02/06/2025","Broker","Service - Other","4"
"02/06/2025","Other/Unidentified Provider","Driver","2"
"02/06/2025","Non-Transportation","Travel Services (Same Day)","10"
"02/06/2025","Non-Transportation","Travel Planning (Res)","3"
"02/06/2025","Non-Transportation","Scheduling","3"
"02/06/2025","Non-Transportation","Policy","7"
"02/06/2025","Non-Transportation","IT/Technology","5"
"02/06/2025","Non-Transportation","Eligibility","2"
"02/06/2025","Non-Transportation","Customer","12"
"02/06/2025","Supplemental","Vehicles","1"
"02/06/2025","Supplemental","Service - Ride Time","4"
"02/06/2025","Supplemental","Service - No Shows","3"
"02/06/2025","Supplemental","Service - Late Pickup","1"
"02/06/2025","Supplemental","Driver","2"
"02/06/2025","Broker","Vehicles","3"
"02/06/2025","Broker","Service - Ride Time","15"
"02/06/2025","Broker","Service - No Shows","19"
"02/06/2025","Broker","Service - Late Pickup","7"
"02/06/2025","Broker","Driver","49"
"02/06/2025","Primary","Vehicles","1"
"02/06/2025","Primary","Service - Ride Time","5"
"02/06/2025","Primary","Service - No Shows","16"
"02/06/2025","Primary","Service - Late Pickup","4"
"02/06/2025","Primary","Driver","9"
"02/05/2025","Primary","Service - Other","1"
"02/05/2025","Other/Unidentified Provider","Driver","2"
"02/05/2025","Non-Transportation","Travel Services (Same Day)","4"
"02/05/2025","Non-Transportation","Travel Planning (Res)","6"
"02/05/2025","Non-Transportation","Scheduling","3"
"02/05/2025","Non-Transportation","Policy","18"
"02/05/2025","Primary","Service - Late Pickup","6"
"02/05/2025","Non-Transportation","IT/Technology","4"
"02/05/2025","Non-Transportation","Eligibility","3"
"02/05/2025","Non-Transportation","Customer","10"
"02/05/2025","E-Hail","Driver","2"
"02/05/2025","Supplemental","Vehicles","1"
"02/05/2025","Supplemental","Service - Ride Time","1"
"02/05/2025","Supplemental","Service - Other","2"
"02/05/2025","Supplemental","Service - No Shows","1"
"02/05/2025","Supplemental","Service - Late Pickup","1"
"02/05/2025","Supplemental","Driver","8"
"02/05/2025","Broker","Vehicles","1"
"02/05/2025","Primary","Service - No Shows","11"
"02/05/2025","Broker","Service - Ride Time","26"
"02/05/2025","Broker","Service - Other","7"
"02/05/2025","Broker","Service - No Shows","26"
"02/05/2025","Broker","Service - Late Pickup","13"
"02/05/2025","Primary","Driver","18"
"02/05/2025","Broker","Driver","37"
"02/05/2025","Primary","Service - Ride Time","5"
"02/04/2025","Other/Unidentified Provider","Service - No Shows","1"
"02/04/2025","Other/Unidentified Provider","Vehicles","1"
"02/04/2025","Other/Unidentified Provider","Service - Late Pickup","1"
"02/04/2025","Non-Transportation","Travel Services (Same Day)","7"
"02/04/2025","Non-Transportation","Travel Planning (Res)","6"
"02/04/2025","Non-Transportation","Scheduling","2"
"02/04/2025","Non-Transportation","Policy","17"
"02/04/2025","Non-Transportation","IT/Technology","6"
"02/04/2025","Non-Transportation","Customer Relations","2"
"02/04/2025","Non-Transportation","Customer","6"
"02/04/2025","E-Hail","Driver","1"
"02/04/2025","Supplemental","Vehicles","1"
"02/04/2025","Supplemental","Service - Ride Time","4"
"02/04/2025","Supplemental","Service - No Shows","6"
"02/04/2025","Supplemental","Service - Late Pickup","4"
"02/04/2025","Supplemental","Driver","5"
"02/04/2025","Broker","Vehicles","2"
"02/04/2025","Broker","Service - Ride Time","21"
"02/04/2025","Broker","Service - Other","4"
"02/04/2025","Broker","Service - No Shows","31"
"02/04/2025","Broker","Service - Late Pickup","10"
"02/04/2025","Broker","Driver","42"
"02/04/2025","Primary","Vehicles","2"
"02/04/2025","Primary","Service - Ride Time","10"
"02/04/2025","Primary","Service - No Shows","8"
"02/04/2025","Primary","Service - Late Pickup","11"
"02/04/2025","Primary","Driver","11"
"02/03/2025","Primary","Driver","5"
"02/03/2025","Non-Transportation","Travel Services (Same Day)","7"
"02/03/2025","Non-Transportation","Travel Planning (Res)","5"
"02/03/2025","Non-Transportation","Scheduling","2"
"02/03/2025","Non-Transportation","Policy","11"
"02/03/2025","Non-Transportation","Eligibility","6"
"02/03/2025","Non-Transportation","Customer Relations","1"
"02/03/2025","Non-Transportation","Customer","7"
"02/03/2025","Supplemental","Vehicles","2"
"02/03/2025","Supplemental","Service - Ride Time","2"
"02/03/2025","Supplemental","Service - No Shows","12"
"02/03/2025","Supplemental","Service - Late Pickup","1"
"02/03/2025","Supplemental","Driver","4"
"02/03/2025","Broker","Vehicles","1"
"02/03/2025","Broker","Service - Ride Time","19"
"02/03/2025","Broker","Service - Other","3"
"02/03/2025","Broker","Service - No Shows","26"
"02/03/2025","Broker","Service - Late Pickup","5"
"02/03/2025","Broker","Driver","60"
"02/03/2025","Primary","Vehicles","1"
"02/03/2025","Primary","Service - Ride Time","11"
"02/03/2025","Primary","Service - Other","1"
"02/03/2025","Primary","Service - No Shows","18"
"02/03/2025","Primary","Service - Late Pickup","4"
"02/02/2025","Non-Transportation","Customer","1"
"02/02/2025","Non-Transportation","Policy","1"
"02/02/2025","Broker","Driver","2"
"02/01/2025","Primary","Service - Ride Time","1"
"02/01/2025","Broker","Vehicles","1"
"02/01/2025","Broker","Service - Other","2"
"02/01/2025","Broker","Driver","3"
"02/01/2025","Primary","Driver","1"
"01/31/2025","Broker","Service - Other","3"
"01/31/2025","Other/Unidentified Provider","Driver","4"
"01/31/2025","Non-Transportation","Travel Services (Same Day)","1"
"01/31/2025","Non-Transportation","Travel Planning (Res)","6"
"01/31/2025","Non-Transportation","Scheduling","1"
"01/31/2025","Non-Transportation","Policy","14"
"01/31/2025","Non-Transportation","IT/Technology","3"
"01/31/2025","Non-Transportation","Eligibility","4"
"01/31/2025","Non-Transportation","Customer Relations","2"
"01/31/2025","Non-Transportation","Customer","6"
"01/31/2025","E-Hail","Service - Ride Time","1"
"01/31/2025","E-Hail","Driver","2"
"01/31/2025","Supplemental","Vehicles","1"
"01/31/2025","Supplemental","Service - Ride Time","1"
"01/31/2025","Supplemental","Service - Other","1"
"01/31/2025","Supplemental","Service - No Shows","4"
"01/31/2025","Supplemental","Service - Late Pickup","5"
"01/31/2025","Supplemental","Driver","1"
"01/31/2025","Broker","Vehicles","1"
"01/31/2025","Broker","Service - Ride Time","22"
"01/31/2025","Broker","Service - No Shows","19"
"01/31/2025","Broker","Service - Late Pickup","7"
"01/31/2025","Broker","Driver","26"
"01/31/2025","Primary","Service - Ride Time","5"
"01/31/2025","Primary","Service - Other","1"
"01/31/2025","Primary","Service - No Shows","9"
"01/31/2025","Primary","Service - Late Pickup","3"
"01/31/2025","Primary","Driver","10"
"01/30/2025","Primary","Service - Late Pickup","3"
"01/30/2025","Other/Unidentified Provider","Service - Ride Time","1"
"01/30/2025","Other/Unidentified Provider","Driver","3"
"01/30/2025","Non-Transportation","Travel Services (Same Day)","3"
"01/30/2025","Non-Transportation","Travel Planning (Res)","8"
"01/30/2025","Non-Transportation","Scheduling","4"
"01/30/2025","Non-Transportation","Policy","10"
"01/30/2025","Non-Transportation","IT/Technology","3"
"01/30/2025","Non-Transportation","Eligibility","1"
"01/30/2025","Non-Transportation","Customer Relations","4"
"01/30/2025","Non-Transportation","Customer","10"
"01/30/2025","E-Hail","Driver","1"
"01/30/2025","Supplemental","Vehicles","1"
"01/30/2025","Supplemental","Service - Ride Time","5"
"01/30/2025","Supplemental","Service - No Shows","1"
"01/30/2025","Supplemental","Service - Late Pickup","1"
"01/30/2025","Broker","Vehicles","1"
"01/30/2025","Primary","Driver","8"
"01/30/2025","Broker","Service - Ride Time","15"
"01/30/2025","Broker","Service - Other","7"
"01/30/2025","Broker","Service - No Shows","20"
"01/30/2025","Broker","Service - Late Pickup","6"
"01/30/2025","Broker","Driver","40"
"01/30/2025","Primary","Service - Ride Time","5"
"01/30/2025","Primary","Service - No Shows","14"
"01/29/2025","Supplemental","Driver","2"
"01/29/2025","Other/Unidentified Provider","Service - No Shows","1"
"01/29/2025","Other/Unidentified Provider","Driver","2"
"01/29/2025","Non-Transportation","Travel Services (Same Day)","5"
"01/29/2025","Non-Transportation","Travel Planning (Res)","6"
"01/29/2025","Non-Transportation","Policy","16"
"01/29/2025","Non-Transportation","IT/Technology","3"
"01/29/2025","Non-Transportation","Eligibility","3"
"01/29/2025","Non-Transportation","Customer Relations","1"
"01/29/2025","Non-Transportation","Customer","10"
"01/29/2025","E-Hail","Driver","1"
"01/29/2025","Supplemental","Service - No Shows","6"
"01/29/2025","Broker","Vehicles","2"
"01/29/2025","Broker","Service - Ride Time","16"
"01/29/2025","Broker","Service - Other","1"
"01/29/2025","Broker","Service - No Shows","24"
"01/29/2025","Broker","Service - Late Pickup","6"
"01/29/2025","Broker","Driver","45"
"01/29/2025","Primary","Vehicles","1"
"01/29/2025","Primary","Service - Ride Time","5"
"01/29/2025","Primary","Service - Other","1"
"01/29/2025","Primary","Service - No Shows","14"
"01/29/2025","Primary","Service - Late Pickup","7"
"01/29/2025","Primary","Driver","9"
"01/28/2025","Primary","Driver","6"
"01/28/2025","Other/Unidentified Provider","Service - Ride Time","1"
"01/28/2025","Other/Unidentified Provider","Driver","1"
"01/28/2025","Non-Transportation","Travel Services (Same Day)","7"
"01/28/2025","Non-Transportation","Travel Planning (Res)","3"
"01/28/2025","Non-Transportation","Scheduling","1"
"01/28/2025","Non-Transportation","Policy","23"
"01/28/2025","Non-Transportation","IT/Technology","8"
"01/28/2025","Non-Transportation","Eligibility","3"
"01/28/2025","Non-Transportation","Customer Relations","1"
"01/28/2025","Non-Transportation","Customer","12"
"01/28/2025","Supplemental","Service - Ride Time","2"
"01/28/2025","Supplemental","Service - Other","1"
"01/28/2025","Supplemental","Service - No Shows","8"
"01/28/2025","Supplemental","Service - Late Pickup","1"
"01/28/2025","Supplemental","Driver","4"
"01/28/2025","Broker","Vehicles","1"
"01/28/2025","Broker","Service - Ride Time","18"
"01/28/2025","Broker","Service - Other","3"
"01/28/2025","Broker","Service - No Shows","28"
"01/28/2025","Broker","Service - Late Pickup","5"
"01/28/2025","Broker","Driver","63"
"01/28/2025","Primary","Vehicles","1"
"01/28/2025","Primary","Service - Ride Time","9"
"01/28/2025","Primary","Service - No Shows","17"
"01/28/2025","Primary","Service - Late Pickup","2"
"01/27/2025","Non-Transportation","Policy","15"
"01/27/2025","Other/Unidentified Provider","Vehicles","1"
"01/27/2025","Other/Unidentified Provider","Driver","1"
"01/27/2025","Non-Transportation","Travel Services (Same Day)","8"
"01/27/2025","Non-Transportation","Travel Planning (Res)","4"
"01/27/2025","Non-Transportation","Scheduling","1"
"01/27/2025","Non-Transportation","IT/Technology","7"
"01/27/2025","Non-Transportation","Eligibility","5"
"01/27/2025","Non-Transportation","Customer","7"
"01/27/2025","Supplemental","Service - Ride Time","4"
"01/27/2025","Supplemental","Service - Other","2"
"01/27/2025","Supplemental","Service - No Shows","13"
"01/27/2025","Supplemental","Driver","7"
"01/27/2025","Broker","Vehicles","2"
"01/27/2025","Broker","Service - Ride Time","19"
"01/27/2025","Broker","Service - Other","5"
"01/27/2025","Broker","Service - No Shows","36"
"01/27/2025","Broker","Service - Late Pickup","9"
"01/27/2025","Broker","Driver","42"
"01/27/2025","Primary","Service - Ride Time","7"
"01/27/2025","Primary","Service - No Shows","19"
"01/27/2025","Primary","Service - Late Pickup","5"
"01/27/2025","Primary","Driver","23"
"01/26/2025","Broker","Service - Late Pickup","1"
"01/26/2025","Broker","Driver","3"
"01/26/2025","Primary","Driver","1"
"01/26/2025","Non-Transportation","Policy","1"
"01/26/2025","Supplemental","Driver","1"
"01/26/2025","Broker","Service - Other","1"
"01/25/2025","Broker","Service - Ride Time","1"
"01/25/2025","Supplemental","Driver","1"
"01/25/2025","Broker","Driver","1"
"01/25/2025","Primary","Service - Ride Time","1"
"01/25/2025","Primary","Driver","2"
"01/25/2025","Non-Transportation","Scheduling","1"
"01/25/2025","Supplemental","Service - No Shows","1"
"01/24/2025","Non-Transportation","Customer","3"
"01/24/2025","Supplemental","Service - No Shows","3"
"01/24/2025","Supplemental","Driver","5"
"01/24/2025","Broker","Vehicles","1"
"01/24/2025","Broker","Service - Ride Time","16"
"01/24/2025","Broker","Service - Other","2"
"01/24/2025","Broker","Service - No Shows","21"
"01/24/2025","Broker","Service - Late Pickup","10"
"01/24/2025","Broker","Driver","31"
"01/24/2025","Primary","Service - No Shows","15"
"01/24/2025","Primary","Service - Ride Time","9"
"01/24/2025","Other/Unidentified Provider","Service - Other","1"
"01/24/2025","Other/Unidentified Provider","Service - No Shows","1"
"01/24/2025","Other/Unidentified Provider","Driver","4"
"01/24/2025","Non-Transportation","Travel Services (Same Day)","5"
"01/24/2025","Non-Transportation","Travel Planning (Res)","5"
"01/24/2025","Primary","Service - Late Pickup","3"
"01/24/2025","Non-Transportation","Scheduling","1"
"01/24/2025","Non-Transportation","Policy","14"
"01/24/2025","Non-Transportation","IT/Technology","6"
"01/24/2025","Non-Transportation","Eligibility","4"
"01/24/2025","Non-Transportation","Customer Relations","2"
"01/24/2025","Primary","Driver","10"
"01/23/2025","Supplemental","Driver","2"
"01/23/2025","Other/Unidentified Provider","Service - No Shows","2"
"01/23/2025","Other/Unidentified Provider","Driver","1"
"01/23/2025","Non-Transportation","Travel Services (Same Day)","8"
"01/23/2025","Non-Transportation","Travel Planning (Res)","5"
"01/23/2025","Non-Transportation","Scheduling","1"
"01/23/2025","Non-Transportation","Policy","13"
"01/23/2025","Non-Transportation","IT/Technology","3"
"01/23/2025","Non-Transportation","Eligibility","3"
"01/23/2025","Non-Transportation","Customer","6"
"01/23/2025","Supplemental","Service - Ride Time","2"
"01/23/2025","Supplemental","Service - No Shows","3"
"01/23/2025","Supplemental","Service - Late Pickup","1"
"01/23/2025","Broker","Vehicles","3"
"01/23/2025","Broker","Service - Ride Time","14"
"01/23/2025","Broker","Service - Other","3"
"01/23/2025","Broker","Service - No Shows","32"
"01/23/2025","Broker","Service - Late Pickup","15"
"01/23/2025","Broker","Driver","37"
"01/23/2025","Primary","Service - Ride Time","3"
"01/23/2025","Primary","Service - No Shows","16"
"01/23/2025","Primary","Service - Late Pickup","3"
"01/23/2025","Primary","Driver","13"
"01/22/2025","Primary","Driver","13"
"01/22/2025","Other/Unidentified Provider","Service - No Shows","1"
"01/22/2025","Other/Unidentified Provider","Driver","1"
"01/22/2025","Non-Transportation","Travel Services (Same Day)","5"
"01/22/2025","Non-Transportation","Travel Planning (Res)","4"
"01/22/2025","Non-Transportation","Policy","15"
"01/22/2025","Non-Transportation","IT/Technology","5"
"01/22/2025","Non-Transportation","Eligibility","4"
"01/22/2025","Non-Transportation","Customer Relations","1"
"01/22/2025","Non-Transportation","Customer","8"
"01/22/2025","Supplemental","Service - Ride Time","1"
"01/22/2025","Supplemental","Service - No Shows","2"
"01/22/2025","Supplemental","Service - Late Pickup","1"
"01/22/2025","Supplemental","Driver","3"
"01/22/2025","Broker","Vehicles","3"
"01/22/2025","Broker","Service - Ride Time","14"
"01/22/2025","Broker","Service - Other","3"
"01/22/2025","Broker","Service - No Shows","23"
"01/22/2025","Broker","Service - Late Pickup","8"
"01/22/2025","Broker","Driver","47"
"01/22/2025","Primary","Vehicles","1"
"01/22/2025","Primary","Service - Ride Time","4"
"01/22/2025","Primary","Service - No Shows","8"
"01/22/2025","Primary","Service - Late Pickup","3"
"01/21/2025","Supplemental","Vehicles","1"
"01/21/2025","Other/Unidentified Provider","Driver","2"
"01/21/2025","Non-Transportation","Travel Services (Same Day)","4"
"01/21/2025","Non-Transportation","Travel Planning (Res)","7"
"01/21/2025","Non-Transportation","Scheduling","2"
"01/21/2025","Non-Transportation","Policy","18"
"01/21/2025","Non-Transportation","IT/Technology","5"
"01/21/2025","Non-Transportation","Eligibility","1"
"01/21/2025","Non-Transportation","Customer","7"
"01/21/2025","Supplemental","Service - Ride Time","2"
"01/21/2025","Supplemental","Service - Other","1"
"01/21/2025","Supplemental","Service - No Shows","4"
"01/21/2025","Supplemental","Driver","5"
"01/21/2025","Broker","Vehicles","4"
"01/21/2025","Broker","Service - Ride Time","18"
"01/21/2025","Broker","Service - Other","2"
"01/21/2025","Broker","Service - No Shows","30"
"01/21/2025","Broker","Service - Late Pickup","3"
"01/21/2025","Broker","Driver","46"
"01/21/2025","Primary","Service - Ride Time","2"
"01/21/2025","Primary","Service - No Shows","17"
"01/21/2025","Primary","Service - Late Pickup","3"
"01/21/2025","Primary","Driver","9"
"01/20/2025","Primary","Service - Late Pickup","2"
"01/20/2025","Broker","Driver","5"
"01/20/2025","Broker","Service - Ride Time","1"
"01/20/2025","Non-Transportation","Travel Services (Same Day)","3"
"01/20/2025","Primary","Driver","1"
"01/19/2025","Non-Transportation","Travel Planning (Res)","1"
"01/19/2025","Non-Transportation","Policy","2"
"01/19/2025","Broker","Service - Other","1"
"01/19/2025","Broker","Service - No Shows","1"
"01/19/2025","Non-Transportation","Travel Services (Same Day)","2"
"01/18/2025","Broker","Driver","3"
"01/18/2025","Broker","Service - Late Pickup","1"
"01/18/2025","Non-Transportation","Customer","1"
"01/18/2025","Non-Transportation","IT/Technology","1"
"01/18/2025","Non-Transportation","Policy","1"
"01/18/2025","Primary","Service - Ride Time","1"
"01/17/2025","Broker","Service - Other","5"
"01/17/2025","Broker","Service - No Shows","33"
"01/17/2025","Broker","Service - Late Pickup","7"
"01/17/2025","Broker","Driver","36"
"01/17/2025","Primary","Vehicles","1"
"01/17/2025","Primary","Service - Ride Time","3"
"01/17/2025","Primary","Service - Late Pickup","4"
"01/17/2025","Primary","Service - No Shows","17"
"01/17/2025","Other/Unidentified Provider","Service - No Shows","1"
"01/17/2025","Non-Transportation","Travel Services (Same Day)","5"
"01/17/2025","Non-Transportation","Travel Planning (Res)","2"
"01/17/2025","Non-Transportation","Scheduling","1"
"01/17/2025","Non-Transportation","Policy","13"
"01/17/2025","Non-Transportation","IT/Technology","2"
"01/17/2025","Non-Transportation","Customer","3"
"01/17/2025","E-Hail","Service - Ride Time","1"
"01/17/2025","Primary","Driver","9"
"01/17/2025","Supplemental","Service - Other","1"
"01/17/2025","Supplemental","Service - No Shows","6"
"01/17/2025","Supplemental","Service - Late Pickup","2"
"01/17/2025","Supplemental","Driver","5"
"01/17/2025","Broker","Vehicles","5"
"01/17/2025","Broker","Service - Ride Time","17"
"01/16/2025","Supplemental","Driver","2"
"01/16/2025","Non-Transportation","Travel Services (Same Day)","6"
"01/16/2025","Non-Transportation","Travel Planning (Res)","2"
"01/16/2025","Non-Transportation","Scheduling","1"
"01/16/2025","Non-Transportation","Policy","15"
"01/16/2025","Non-Transportation","IT/Technology","3"
"01/16/2025","Non-Transportation","Eligibility","1"
"01/16/2025","Non-Transportation","Customer Relations","3"
"01/16/2025","Non-Transportation","Customer","12"
"01/16/2025","Supplemental","Vehicles","1"
"01/16/2025","Supplemental","Service - Ride Time","3"
"01/16/2025","Supplemental","Service - No Shows","3"
"01/16/2025","Broker","Vehicles","1"
"01/16/2025","Broker","Service - Ride Time","24"
"01/16/2025","Broker","Service - Other","3"
"01/16/2025","Broker","Service - No Shows","31"
"01/16/2025","Broker","Service - Late Pickup","5"
"01/16/2025","Broker","Driver","35"
"01/16/2025","Primary","Vehicles","2"
"01/16/2025","Primary","Service - Ride Time","6"
"01/16/2025","Primary","Service - Other","1"
"01/16/2025","Primary","Service - No Shows","17"
"01/16/2025","Primary","Service - Late Pickup","5"
"01/16/2025","Primary","Driver","10"
"01/15/2025","Primary","Driver","13"
"01/15/2025","Other/Unidentified Provider","Vehicles","1"
"01/15/2025","Other/Unidentified Provider","Driver","3"
"01/15/2025","Non-Transportation","Travel Services (Same Day)","13"
"01/15/2025","Non-Transportation","Travel Planning (Res)","10"
"01/15/2025","Non-Transportation","Scheduling","4"
"01/15/2025","Non-Transportation","Policy","14"
"01/15/2025","Non-Transportation","IT/Technology","3"
"01/15/2025","Non-Transportation","Eligibility","6"
"01/15/2025","Non-Transportation","Customer","7"
"01/15/2025","Supplemental","Vehicles","2"
"01/15/2025","Supplemental","Service - Ride Time","1"
"01/15/2025","Supplemental","Service - Other","1"
"01/15/2025","Supplemental","Service - No Shows","5"
"01/15/2025","Supplemental","Service - Late Pickup","2"
"01/15/2025","Supplemental","Driver","3"
"01/15/2025","Broker","Service - Ride Time","15"
"01/15/2025","Broker","Service - Other","4"
"01/15/2025","Broker","Service - No Shows","30"
"01/15/2025","Broker","Service - Late Pickup","6"
"01/15/2025","Broker","Driver","35"
"01/15/2025","Primary","Vehicles","1"
"01/15/2025","Primary","Service - Ride Time","5"
"01/15/2025","Primary","Service - No Shows","13"
"01/15/2025","Primary","Service - Late Pickup","2"
"01/14/2025","Non-Transportation","Customer","6"
"01/14/2025","Other/Unidentified Provider","Driver","1"
"01/14/2025","Non-Transportation","Travel Services (Same Day)","5"
"01/14/2025","Non-Transportation","Travel Planning (Res)","4"
"01/14/2025","Non-Transportation","Scheduling","2"
"01/14/2025","Non-Transportation","Policy","19"
"01/14/2025","Non-Transportation","IT/Technology","6"
"01/14/2025","Non-Transportation","Eligibility","3"
"01/14/2025","Supplemental","Vehicles","2"
"01/14/2025","Supplemental","Service - Ride Time","1"
"01/14/2025","Supplemental","Service - No Shows","3"
"01/14/2025","Supplemental","Service - Late Pickup","2"
"01/14/2025","Supplemental","Driver","6"
"01/14/2025","Broker","Vehicles","3"
"01/14/2025","Broker","Service - Ride Time","24"
"01/14/2025","Broker","Service - Other","8"
"01/14/2025","Broker","Service - No Shows","30"
"01/14/2025","Broker","Service - Late Pickup","14"
"01/14/2025","Broker","Driver","42"
"01/14/2025","Primary","Service - Ride Time","4"
"01/14/2025","Primary","Service - Other","1"
"01/14/2025","Primary","Service - No Shows","19"
"01/14/2025","Primary","Service - Late Pickup","5"
"01/14/2025","Primary","Driver","12"
"01/13/2025","Primary","Service - No Shows","17"
"01/13/2025","Primary","Service - Late Pickup","2"
"01/13/2025","Primary","Driver","11"
"01/13/2025","Non-Transportation","Travel Planning (Res)","9"
"01/13/2025","Non-Transportation","Scheduling","3"
"01/13/2025","Non-Transportation","Policy","20"
"01/13/2025","Non-Transportation","IT/Technology","8"
"01/13/2025","Non-Transportation","Eligibility","3"
"01/13/2025","Non-Transportation","Customer","14"
"01/13/2025","Supplemental","Vehicles","2"
"01/13/2025","Supplemental","Service - Ride Time","1"
"01/13/2025","Supplemental","Service - No Shows","8"
"01/13/2025","Supplemental","Service - Late Pickup","2"
"01/13/2025","Other/Unidentified Provider","Service - No Shows","1"
"01/13/2025","Supplemental","Driver","2"
"01/13/2025","Broker","Vehicles","1"
"01/13/2025","Broker","Service - Ride Time","13"
"01/13/2025","Broker","Service - Other","5"
"01/13/2025","Broker","Service - No Shows","36"
"01/13/2025","Broker","Service - Late Pickup","7"
"01/13/2025","Broker","Driver","49"
"01/13/2025","Primary","Service - Ride Time","6"
"01/13/2025","Non-Transportation","Travel Services (Same Day)","5"
"01/13/2025","Primary","Service - Other","4"
"01/12/2025","Other/Unidentified Provider","Driver","1"
"01/12/2025","Supplemental","Service - Other","1"
"01/12/2025","Supplemental","Service - No Shows","1"
"01/12/2025","Primary","Driver","1"
"01/12/2025","Non-Transportation","Eligibility","1"
"01/11/2025","Non-Transportation","IT/Technology","1"
"01/11/2025","Primary","Service - No Shows","1"
"01/11/2025","Broker","Service - Other","1"
"01/11/2025","Broker","Service - No Shows","1"
"01/11/2025","Broker","Driver","2"
"01/11/2025","Non-Transportation","Travel Services (Same Day)","2"
"01/11/2025","Non-Transportation","Travel Planning (Res)","2"
"01/11/2025","Non-Transportation","Policy","2"
"01/11/2025","Non-Transportation","Customer","1"
"01/10/2025","Supplemental","Vehicles","2"
"01/10/2025","Non-Transportation","Travel Services (Same Day)","6"
"01/10/2025","Non-Transportation","Travel Planning (Res)","5"
"01/10/2025","Non-Transportation","Scheduling","3"
"01/10/2025","Non-Transportation","Policy","14"
"01/10/2025","Non-Transportation","IT/Technology","13"
"01/10/2025","Non-Transportation","Eligibility","1"
"01/10/2025","Non-Transportation","Customer Relations","1"
"01/10/2025","Non-Transportation","Customer","6"
"01/10/2025","Supplemental","Service - Ride Time","1"
"01/10/2025","Supplemental","Service - No Shows","6"
"01/10/2025","Supplemental","Service - Late Pickup","1"
"01/10/2025","Supplemental","Driver","1"
"01/10/2025","Broker","Vehicles","1"
"01/10/2025","Broker","Service - Ride Time","13"
"01/10/2025","Broker","Service - Other","3"
"01/10/2025","Broker","Service - No Shows","21"
"01/10/2025","Broker","Service - Late Pickup","4"
"01/10/2025","Broker","Driver","40"
"01/10/2025","Primary","Service - Ride Time","4"
"01/10/2025","Primary","Service - Other","1"
"01/10/2025","Primary","Service - No Shows","12"
"01/10/2025","Primary","Service - Late Pickup","9"
"01/10/2025","Primary","Driver","6"
"01/09/2025","Non-Transportation","Travel Services (Same Day)","6"
"01/09/2025","Non-Transportation","Travel Planning (Res)","4"
"01/09/2025","Non-Transportation","Scheduling","7"
"01/09/2025","Non-Transportation","Policy","12"
"01/09/2025","Non-Transportation","IT/Technology","8"
"01/09/2025","Non-Transportation","Eligibility","2"
"01/09/2025","Non-Transportation","Customer Relations","1"
"01/09/2025","Non-Transportation","Customer","3"
"01/09/2025","Supplemental","Vehicles","5"
"01/09/2025","Supplemental","Service - Ride Time","4"
"01/09/2025","Supplemental","Service - Other","1"
"01/09/2025","Supplemental","Service - No Shows","9"
"01/09/2025","Supplemental","Driver","1"
"01/09/2025","Broker","Service - Ride Time","18"
"01/09/2025","Broker","Service - Other","6"
"01/09/2025","Broker","Service - No Shows","32"
"01/09/2025","Broker","Service - Late Pickup","7"
"01/09/2025","Broker","Driver","44"
"01/09/2025","Primary","Service - Ride Time","5"
"01/09/2025","Primary","Service - No Shows","12"
"01/09/2025","Primary","Service - Late Pickup","3"
"01/09/2025","Primary","Driver","8"
"01/09/2025","Other/Unidentified Provider","Driver","1"
"01/08/2025","Primary","Service - No Shows","10"
"01/08/2025","Primary","Driver","5"
"01/08/2025","Primary","Service - Late Pickup","10"
"01/08/2025","Other/Unidentified Provider","Driver","1"
"01/08/2025","Non-Transportation","Travel Services (Same Day)","12"
"01/08/2025","Non-Transportation","Travel Planning (Res)","8"
"01/08/2025","Non-Transportation","Scheduling","1"
"01/08/2025","Non-Transportation","Policy","16"
"01/08/2025","Non-Transportation","IT/Technology","10"
"01/08/2025","Non-Transportation","Eligibility","5"
"01/08/2025","Non-Transportation","Customer Relations","1"
"01/08/2025","Non-Transportation","Customer","5"
"01/08/2025","E-Hail","Driver","1"
"01/08/2025","Supplemental","Vehicles","3"
"01/08/2025","Supplemental","Service - No Shows","7"
"01/08/2025","Supplemental","Service - Late Pickup","3"
"01/08/2025","Supplemental","Driver","5"
"01/08/2025","Broker","Vehicles","1"
"01/08/2025","Broker","Service - Ride Time","9"
"01/08/2025","Broker","Service - Other","3"
"01/08/2025","Broker","Service - No Shows","37"
"01/08/2025","Broker","Service - Late Pickup","7"
"01/08/2025","Broker","Driver","34"
"01/08/2025","Primary","Service - Ride Time","7"
"01/08/2025","Primary","Service - Other","1"
"01/07/2025","Supplemental","Service - Other","1"
"01/07/2025","Other/Unidentified Provider","Service - No Shows","1"
"01/07/2025","Other/Unidentified Provider","Driver","4"
"01/07/2025","Non-Transportation","Travel Services (Same Day)","5"
"01/07/2025","Non-Transportation","Travel Planning (Res)","10"
"01/07/2025","Non-Transportation","Scheduling","1"
"01/07/2025","Non-Transportation","Policy","28"
"01/07/2025","Non-Transportation","IT/Technology","8"
"01/07/2025","Non-Transportation","Eligibility","4"
"01/07/2025","Non-Transportation","Customer Relations","1"
"01/07/2025","Non-Transportation","Customer","9"
"01/07/2025","Supplemental","Vehicles","1"
"01/07/2025","Supplemental","Service - Ride Time","1"
"01/07/2025","Supplemental","Service - No Shows","4"
"01/07/2025","Supplemental","Service - Late Pickup","1"
"01/07/2025","Supplemental","Driver","3"
"01/07/2025","Broker","Vehicles","6"
"01/07/2025","Broker","Service - Ride Time","13"
"01/07/2025","Broker","Service - Other","4"
"01/07/2025","Broker","Service - No Shows","30"
"01/07/2025","Broker","Service - Late Pickup","10"
"01/07/2025","Broker","Driver","37"
"01/07/2025","Primary","Vehicles","1"
"01/07/2025","Primary","Service - Ride Time","5"
"01/07/2025","Primary","Service - Other","1"
"01/07/2025","Primary","Service - No Shows","15"
"01/07/2025","Primary","Service - Late Pickup","1"
"01/07/2025","Primary","Driver","9"
"01/06/2025","Primary","Service - Late Pickup","2"
"01/06/2025","Primary","Driver","7"
"01/06/2025","Non-Transportation","Travel Services (Same Day)","6"
"01/06/2025","Non-Transportation","Travel Planning (Res)","8"
"01/06/2025","Non-Transportation","Policy","24"
"01/06/2025","Non-Transportation","IT/Technology","10"
"01/06/2025","Non-Transportation","Eligibility","3"
"01/06/2025","Non-Transportation","Customer","10"
"01/06/2025","Other/Unidentified Provider","Driver","1"
"01/06/2025","Supplemental","Service - No Shows","8"
"01/06/2025","Supplemental","Driver","4"
"01/06/2025","Broker","Vehicles","1"
"01/06/2025","Broker","Service - Ride Time","15"
"01/06/2025","Broker","Service - Other","5"
"01/06/2025","Broker","Service - No Shows","46"
"01/06/2025","Broker","Service - Late Pickup","9"
"01/06/2025","Broker","Driver","53"
"01/06/2025","Primary","Service - Ride Time","8"
"01/06/2025","Primary","Service - No Shows","11"
"01/05/2025","Non-Transportation","Eligibility","1"
"01/05/2025","Primary","Driver","2"
"01/05/2025","Non-Transportation","Travel Services (Same Day)","1"
"01/05/2025","Broker","Driver","2"
"01/04/2025","Supplemental","Service - No Shows","1"
"01/04/2025","Non-Transportation","Travel Services (Same Day)","1"
"01/04/2025","Non-Transportation","Policy","1"
"01/04/2025","Broker","Driver","3"
"01/04/2025","Primary","Service - No Shows","1"
"01/04/2025","Primary","Driver","1"
"01/03/2025","Primary","Driver","10"
"01/03/2025","Other/Unidentified Provider","Service - No Shows","1"
"01/03/2025","Other/Unidentified Provider","Driver","1"
"01/03/2025","Non-Transportation","Travel Services (Same Day)","1"
"01/03/2025","Non-Transportation","Travel Planning (Res)","7"
"01/03/2025","Non-Transportation","Scheduling","2"
"01/03/2025","Non-Transportation","Policy","16"
"01/03/2025","Non-Transportation","IT/Technology","6"
"01/03/2025","Non-Transportation","Customer","4"
"01/03/2025","Supplemental","Vehicles","1"
"01/03/2025","Supplemental","Service - Ride Time","2"
"01/03/2025","Supplemental","Service - No Shows","4"
"01/03/2025","Supplemental","Service - Late Pickup","1"
"01/03/2025","Supplemental","Driver","3"
"01/03/2025","Broker","Service - Ride Time","12"
"01/03/2025","Broker","Service - Other","5"
"01/03/2025","Broker","Service - No Shows","25"
"01/03/2025","Broker","Service - Late Pickup","6"
"01/03/2025","Broker","Driver","29"
"01/03/2025","Primary","Service - Ride Time","6"
"01/03/2025","Primary","Service - Other","3"
"01/03/2025","Primary","Service - No Shows","11"
"01/03/2025","Primary","Service - Late Pickup","2"
"01/02/2025","Broker","Service - Ride Time","8"
"01/02/2025","Non-Transportation","Travel Services (Same Day)","9"
"01/02/2025","Non-Transportation","Travel Planning (Res)","1"
"01/02/2025","Non-Transportation","Scheduling","1"
"01/02/2025","Non-Transportation","Policy","15"
"01/02/2025","Non-Transportation","IT/Technology","7"
"01/02/2025","Non-Transportation","Eligibility","1"
"01/02/2025","Non-Transportation","Customer","8"
"01/02/2025","Supplemental","Vehicles","1"
"01/02/2025","Supplemental","Service - Ride Time","3"
"01/02/2025","Supplemental","Service - No Shows","9"
"01/02/2025","Supplemental","Driver","1"
"01/02/2025","Broker","Vehicles","4"
"01/02/2025","Primary","Service - Other","1"
"01/02/2025","Primary","Service - No Shows","12"
"01/02/2025","Primary","Service - Late Pickup","2"
"01/02/2025","Primary","Driver","5"
"01/02/2025","Broker","Service - Other","4"
"01/02/2025","Broker","Service - No Shows","39"
"01/02/2025","Broker","Service - Late Pickup","4"
"01/02/2025","Broker","Driver","35"
"01/02/2025","Primary","Service - Ride Time","10"
"01/01/2025","Broker","Service - No Shows","6"
"01/01/2025","Non-Transportation","Travel Planning (Res)","1"
"01/01/2025","Non-Transportation","Policy","4"
"01/01/2025","Supplemental","Driver","1"
"12/31/2024","Supplemental","Service - No Shows","4"
"12/31/2024","Other/Unidentified Provider","Service - No Shows","1"
"12/31/2024","Other/Unidentified Provider","Service - Late Pickup","1"
"12/31/2024","Other/Unidentified Provider","Driver","1"
"12/31/2024","Non-Transportation","Travel Services (Same Day)","11"
"12/31/2024","Non-Transportation","Travel Planning (Res)","7"
"12/31/2024","Non-Transportation","Policy","15"
"12/31/2024","Non-Transportation","IT/Technology","5"
"12/31/2024","Non-Transportation","Eligibility","1"
"12/31/2024","Non-Transportation","Customer","3"
"12/31/2024","Supplemental","Vehicles","1"
"12/31/2024","Supplemental","Service - Ride Time","1"
"12/31/2024","Supplemental","Service - Other","1"
"12/31/2024","Supplemental","Service - Late Pickup","1"
"12/31/2024","Supplemental","Driver","8"
"12/31/2024","Broker","Vehicles","1"
"12/31/2024","Broker","Service - Ride Time","5"
"12/31/2024","Broker","Service - Other","3"
"12/31/2024","Broker","Service - No Shows","23"
"12/31/2024","Broker","Service - Late Pickup","5"
"12/31/2024","Broker","Driver","19"
"12/31/2024","Primary","Service - Ride Time","1"
"12/31/2024","Primary","Service - No Shows","10"
"12/31/2024","Primary","Service - Late Pickup","1"
"12/31/2024","Primary","Driver","10"
"12/30/2024","Primary","Service - No Shows","20"
"12/30/2024","Other/Unidentified Provider","Service - No Shows","1"
"12/30/2024","Other/Unidentified Provider","Driver","1"
"12/30/2024","Non-Transportation","Travel Services (Same Day)","4"
"12/30/2024","Non-Transportation","Travel Planning (Res)","4"
"12/30/2024","Non-Transportation","Scheduling","1"
"12/30/2024","Non-Transportation","Policy","18"
"12/30/2024","Non-Transportation","IT/Technology","11"
"12/30/2024","Non-Transportation","Eligibility","3"
"12/30/2024","Non-Transportation","Customer Relations","1"
"12/30/2024","Non-Transportation","Customer","5"
"12/30/2024","E-Hail","Driver","1"
"12/30/2024","Supplemental","Service - Ride Time","1"
"12/30/2024","Supplemental","Service - No Shows","6"
"12/30/2024","Primary","Service - Late Pickup","4"
"12/30/2024","Supplemental","Service - Late Pickup","2"
"12/30/2024","Supplemental","Driver","7"
"12/30/2024","Broker","Vehicles","1"
"12/30/2024","Broker","Service - Ride Time","12"
"12/30/2024","Broker","Service - Other","2"
"12/30/2024","Broker","Service - No Shows","34"
"12/30/2024","Broker","Service - Late Pickup","1"
"12/30/2024","Broker","Driver","42"
"12/30/2024","Primary","Vehicles","1"
"12/30/2024","Primary","Driver","12"
"12/30/2024","Primary","Service - Ride Time","6"
"12/29/2024","Broker","Service - Ride Time","2"
"12/29/2024","Non-Transportation","Travel Services (Same Day)","2"
"12/29/2024","Non-Transportation","Travel Planning (Res)","1"
"12/29/2024","Non-Transportation","Policy","1"
"12/29/2024","Broker","Service - No Shows","1"
"12/29/2024","Broker","Driver","1"
"12/29/2024","Primary","Driver","2"
"12/28/2024","Non-Transportation","Policy","5"
"12/28/2024","Supplemental","Driver","1"
"12/28/2024","Broker","Service - Ride Time","1"
"12/28/2024","Broker","Service - No Shows","1"
"12/28/2024","Broker","Driver","1"
"12/28/2024","Primary","Service - No Shows","1"
"12/28/2024","Non-Transportation","Travel Services (Same Day)","4"
"12/27/2024","Non-Transportation","IT/Technology","4"
"12/27/2024","Non-Transportation","Customer","5"
"12/27/2024","Supplemental","Service - Ride Time","1"
"12/27/2024","Supplemental","Service - No Shows","9"
"12/27/2024","Supplemental","Driver","1"
"12/27/2024","Broker","Vehicles","2"
"12/27/2024","Broker","Service - Ride Time","11"
"12/27/2024","Broker","Service - Other","2"
"12/27/2024","Broker","Service - No Shows","25"
"12/27/2024","Broker","Service - Late Pickup","2"
"12/27/2024","Broker","Driver","23"
"12/27/2024","Primary","Vehicles","1"
"12/27/2024","Primary","Service - Ride Time","2"
"12/27/2024","Primary","Service - Other","2"
"12/27/2024","Primary","Service - No Shows","14"
"12/27/2024","Primary","Driver","10"
"12/27/2024","Primary","Service - Late Pickup","2"
"12/27/2024","Other/Unidentified Provider","Service - Ride Time","1"
"12/27/2024","Other/Unidentified Provider","Driver","5"
"12/27/2024","Non-Transportation","Travel Services (Same Day)","6"
"12/27/2024","Non-Transportation","Travel Planning (Res)","4"
"12/27/2024","Non-Transportation","Scheduling","1"
"12/27/2024","Non-Transportation","Policy","8"
"12/26/2024","Non-Transportation","Eligibility","2"
"12/26/2024","Other/Unidentified Provider","Service - No Shows","1"
"12/26/2024","Non-Transportation","Travel Services (Same Day)","4"
"12/26/2024","Non-Transportation","Travel Planning (Res)","10"
"12/26/2024","Non-Transportation","Scheduling","5"
"12/26/2024","Non-Transportation","Policy","14"
"12/26/2024","Non-Transportation","IT/Technology","6"
"12/26/2024","Non-Transportation","Customer","9"
"12/26/2024","Supplemental","Service - Ride Time","3"
"12/26/2024","Supplemental","Service - No Shows","9"
"12/26/2024","Supplemental","Driver","2"
"12/26/2024","Broker","Vehicles","2"
"12/26/2024","Broker","Service - Ride Time","6"
"12/26/2024","Broker","Service - Other","1"
"12/26/2024","Broker","Service - No Shows","22"
"12/26/2024","Broker","Service - Late Pickup","4"
"12/26/2024","Broker","Driver","29"
"12/26/2024","Primary","Service - Ride Time","1"
"12/26/2024","Primary","Service - No Shows","7"
"12/26/2024","Primary","Service - Late Pickup","1"
"12/26/2024","Primary","Driver","16"
"12/25/2024","Broker","Service - No Shows","1"
"12/25/2024","Broker","Driver","1"
"12/24/2024","Other/Unidentified Provider","Driver","2"
"12/24/2024","Non-Transportation","Travel Services (Same Day)","9"
"12/24/2024","Non-Transportation","Travel Planning (Res)","5"
"12/24/2024","Non-Transportation","Scheduling","2"
"12/24/2024","Non-Transportation","Policy","10"
"12/24/2024","Non-Transportation","IT/Technology","3"
"12/24/2024","Non-Transportation","Customer","8"
"12/24/2024","Supplemental","Vehicles","1"
"12/24/2024","Supplemental","Service - No Shows","3"
"12/24/2024","Supplemental","Driver","4"
"12/24/2024","Broker","Service - Ride Time","6"
"12/24/2024","Broker","Service - No Shows","25"
"12/24/2024","Broker","Service - Late Pickup","6"
"12/24/2024","Broker","Driver","18"
"12/24/2024","Primary","Service - Ride Time","4"
"12/24/2024","Primary","Service - No Shows","10"
"12/24/2024","Primary","Driver","3"
"12/24/2024","Primary","Service - Late Pickup","2"
"12/24/2024","Other/Unidentified Provider","Service - No Shows","1"
"12/23/2024","Supplemental","Driver","4"
"12/23/2024","Other/Unidentified Provider","Service - No Shows","1"
"12/23/2024","Other/Unidentified Provider","Driver","1"
"12/23/2024","Non-Transportation","Travel Services (Same Day)","13"
"12/23/2024","Non-Transportation","Travel Planning (Res)","7"
"12/23/2024","Non-Transportation","Policy","18"
"12/23/2024","Non-Transportation","IT/Technology","5"
"12/23/2024","Non-Transportation","Eligibility","5"
"12/23/2024","Non-Transportation","Customer Relations","1"
"12/23/2024","Non-Transportation","Customer","10"
"12/23/2024","Supplemental","Service - Ride Time","1"
"12/23/2024","Supplemental","Service - No Shows","4"
"12/23/2024","Supplemental","Service - Late Pickup","2"
"12/23/2024","Primary","Service - No Shows","19"
"12/23/2024","Primary","Service - Late Pickup","2"
"12/23/2024","Primary","Driver","10"
"12/23/2024","Broker","Vehicles","3"
"12/23/2024","Broker","Service - Ride Time","22"
"12/23/2024","Broker","Service - Other","2"
"12/23/2024","Broker","Service - No Shows","38"
"12/23/2024","Broker","Service - Late Pickup","5"
"12/23/2024","Broker","Driver","43"
"12/23/2024","Primary","Vehicles","1"
"12/23/2024","Primary","Service - Ride Time","6"
"12/22/2024","Primary","Driver","2"
"12/22/2024","Broker","Driver","1"
"12/22/2024","Broker","Service - No Shows","3"
"12/21/2024","Non-Transportation","Customer","1"
"12/21/2024","Non-Transportation","Travel Services (Same Day)","1"
"12/21/2024","Non-Transportation","Travel Planning (Res)","1"
"12/21/2024","Non-Transportation","Policy","2"
"12/21/2024","Broker","Driver","1"
"12/21/2024","Primary","Service - No Shows","1"
"12/21/2024","Primary","Service - Late Pickup","1"
"12/21/2024","Primary","Driver","1"
"12/20/2024","Supplemental","Service - No Shows","3"
"12/20/2024","Other/Unidentified Provider","Service - Other","1"
"12/20/2024","Other/Unidentified Provider","Service - Late Pickup","1"
"12/20/2024","Other/Unidentified Provider","Driver","2"
"12/20/2024","Non-Transportation","Travel Services (Same Day)","9"
"12/20/2024","Non-Transportation","Travel Planning (Res)","3"
"12/20/2024","Non-Transportation","Scheduling","2"
"12/20/2024","Non-Transportation","Policy","14"
"12/20/2024","Non-Transportation","IT/Technology","6"
"12/20/2024","Non-Transportation","Eligibility","2"
"12/20/2024","Non-Transportation","Customer","12"
"12/20/2024","Supplemental","Service - Ride Time","2"
"12/20/2024","Supplemental","Service - Late Pickup","1"
"12/20/2024","Supplemental","Driver","5"
"12/20/2024","Broker","Vehicles","2"
"12/20/2024","Broker","Service - Ride Time","20"
"12/20/2024","Broker","Service - Other","4"
"12/20/2024","Broker","Service - No Shows","26"
"12/20/2024","Broker","Service - Late Pickup","14"
"12/20/2024","Broker","Driver","30"
"12/20/2024","Primary","Service - Ride Time","7"
"12/20/2024","Primary","Service - No Shows","19"
"12/20/2024","Primary","Service - Late Pickup","8"
"12/20/2024","Primary","Driver","7"
"12/19/2024","Primary","Service - Late Pickup","9"
"12/19/2024","Other/Unidentified Provider","Driver","1"
"12/19/2024","Non-Transportation","Travel Services (Same Day)","12"
"12/19/2024","Non-Transportation","Travel Planning (Res)","14"
"12/19/2024","Non-Transportation","Scheduling","1"
"12/19/2024","Non-Transportation","Policy","17"
"12/19/2024","Non-Transportation","IT/Technology","5"
"12/19/2024","Non-Transportation","Eligibility","3"
"12/19/2024","Non-Transportation","Customer","9"
"12/19/2024","E-Hail","Service - No Shows","1"
"12/19/2024","Supplemental","Service - Ride Time","2"
"12/19/2024","Supplemental","Service - Other","1"
"12/19/2024","Primary","Driver","8"
"12/19/2024","Supplemental","Service - No Shows","8"
"12/19/2024","Supplemental","Service - Late Pickup","1"
"12/19/2024","Supplemental","Driver","5"
"12/19/2024","Broker","Service - Ride Time","17"
"12/19/2024","Broker","Service - Other","7"
"12/19/2024","Broker","Service - No Shows","28"
"12/19/2024","Broker","Service - Late Pickup","5"
"12/19/2024","Broker","Driver","51"
"12/19/2024","Primary","Service - Ride Time","7"
"12/19/2024","Primary","Service - Other","1"
"12/19/2024","Primary","Service - No Shows","26"
"12/18/2024","Supplemental","Service - No Shows","5"
"12/18/2024","Other/Unidentified Provider","Service - Other","1"
"12/18/2024","Other/Unidentified Provider","Service - Late Pickup","1"
"12/18/2024","Other/Unidentified Provider","Driver","3"
"12/18/2024","Non-Transportation","Travel Services (Same Day)","1"
"12/18/2024","Non-Transportation","Travel Planning (Res)","7"
"12/18/2024","Non-Transportation","Scheduling","1"
"12/18/2024","Non-Transportation","Policy","18"
"12/18/2024","Non-Transportation","IT/Technology","4"
"12/18/2024","Non-Transportation","Eligibility","3"
"12/18/2024","Non-Transportation","Customer Relations","1"
"12/18/2024","Non-Transportation","Customer","14"
"12/18/2024","Supplemental","Service - Ride Time","1"
"12/18/2024","Supplemental","Service - Late Pickup","2"
"12/18/2024","Supplemental","Driver","4"
"12/18/2024","Broker","Vehicles","1"
"12/18/2024","Broker","Service - Ride Time","24"
"12/18/2024","Broker","Service - Other","5"
"12/18/2024","Broker","Service - No Shows","29"
"12/18/2024","Broker","Service - Late Pickup","9"
"12/18/2024","Broker","Driver","41"
"12/18/2024","Primary","Vehicles","1"
"12/18/2024","Primary","Service - Ride Time","11"
"12/18/2024","Primary","Service - No Shows","16"
"12/18/2024","Primary","Service - Late Pickup","13"
"12/18/2024","Primary","Driver","10"
"12/17/2024","Primary","Service - Other","1"
"12/17/2024","Other/Unidentified Provider","Service - Other","1"
"12/17/2024","Other/Unidentified Provider","Service - No Shows","1"
"12/17/2024","Other/Unidentified Provider","Driver","1"
"12/17/2024","Non-Transportation","Travel Services (Same Day)","15"
"12/17/2024","Non-Transportation","Travel Planning (Res)","9"
"12/17/2024","Non-Transportation","Scheduling","7"
"12/17/2024","Non-Transportation","Policy","15"
"12/17/2024","Non-Transportation","IT/Technology","8"
"12/17/2024","Non-Transportation","Eligibility","4"
"12/17/2024","Non-Transportation","Customer","9"
"12/17/2024","Supplemental","Service - Ride Time","4"
"12/17/2024","Primary","Service - No Shows","19"
"12/17/2024","Supplemental","Service - No Shows","3"
"12/17/2024","Supplemental","Service - Late Pickup","1"
"12/17/2024","Supplemental","Driver","8"
"12/17/2024","Broker","Vehicles","3"
"12/17/2024","Broker","Service - Ride Time","29"
"12/17/2024","Broker","Service - Other","11"
"12/17/2024","Broker","Service - No Shows","50"
"12/17/2024","Broker","Service - Late Pickup","14"
"12/17/2024","Broker","Driver","53"
"12/17/2024","Primary","Service - Late Pickup","14"
"12/17/2024","Primary","Service - Ride Time","15"
"12/17/2024","Primary","Driver","11"
"12/16/2024","Broker","Service - No Shows","70"
"12/16/2024","Other/Unidentified Provider","Service - No Shows","2"
"12/16/2024","Other/Unidentified Provider","Driver","3"
"12/16/2024","Non-Transportation","Travel Services (Same Day)","11"
"12/16/2024","Non-Transportation","Travel Planning (Res)","10"
"12/16/2024","Non-Transportation","Scheduling","1"
"12/16/2024","Non-Transportation","Policy","24"
"12/16/2024","Non-Transportation","IT/Technology","7"
"12/16/2024","Non-Transportation","Eligibility","2"
"12/16/2024","Non-Transportation","Customer Relations","1"
"12/16/2024","Non-Transportation","Customer","14"
"12/16/2024","Supplemental","Service - Other","2"
"12/16/2024","Supplemental","Service - No Shows","5"
"12/16/2024","Supplemental","Service - Late Pickup","2"
"12/16/2024","Supplemental","Driver","1"
"12/16/2024","Broker","Vehicles","4"
"12/16/2024","Broker","Service - Ride Time","27"
"12/16/2024","Broker","Service - Other","4"
"12/16/2024","Broker","Service - Late Pickup","12"
"12/16/2024","Broker","Driver","51"
"12/16/2024","Primary","Service - Ride Time","8"
"12/16/2024","Primary","Service - Other","2"
"12/16/2024","Primary","Service - No Shows","32"
"12/16/2024","Primary","Service - Late Pickup","7"
"12/16/2024","Primary","Driver","20"
"12/15/2024","Non-Transportation","Customer","1"
"12/15/2024","Broker","Service - Ride Time","2"
"12/15/2024","Broker","Service - No Shows","1"
"12/15/2024","Broker","Service - Late Pickup","1"
"12/15/2024","Broker","Driver","2"
"12/14/2024","Non-Transportation","Travel Services (Same Day)","2"
"12/14/2024","Non-Transportation","Travel Planning (Res)","4"
"12/14/2024","Non-Transportation","Policy","2"
"12/14/2024","Non-Transportation","IT/Technology","1"
"12/14/2024","Supplemental","Driver","1"
"12/14/2024","Non-Transportation","Customer","3"
"12/14/2024","Broker","Service - No Shows","3"
"12/14/2024","Broker","Service - Late Pickup","1"
"12/14/2024","Broker","Driver","1"
"12/14/2024","Primary","Service - Ride Time","1"
"12/13/2024","Broker","Vehicles","1"
"12/13/2024","Broker","Service - Ride Time","18"
"12/13/2024","Broker","Service - Other","8"
"12/13/2024","Broker","Service - No Shows","38"
"12/13/2024","Broker","Service - Late Pickup","9"
"12/13/2024","Broker","Driver","40"
"12/13/2024","Primary","Vehicles","1"
"12/13/2024","Primary","Service - Ride Time","10"
"12/13/2024","Primary","Service - Other","1"
"12/13/2024","Primary","Service - No Shows","21"
"12/13/2024","Primary","Driver","7"
"12/13/2024","Primary","Service - Late Pickup","8"
"12/13/2024","Other/Unidentified Provider","Service - No Shows","3"
"12/13/2024","Other/Unidentified Provider","Driver","2"
"12/13/2024","Non-Transportation","Travel Services (Same Day)","8"
"12/13/2024","Non-Transportation","Travel Planning (Res)","6"
"12/13/2024","Non-Transportation","Scheduling","2"
"12/13/2024","Non-Transportation","Policy","18"
"12/13/2024","Non-Transportation","IT/Technology","11"
"12/13/2024","Non-Transportation","Eligibility","2"
"12/13/2024","Non-Transportation","Customer Relations","1"
"12/13/2024","Non-Transportation","Customer","6"
"12/13/2024","Supplemental","Service - Ride Time","1"
"12/13/2024","Supplemental","Service - No Shows","8"
"12/13/2024","Supplemental","Service - Late Pickup","1"
"12/13/2024","Supplemental","Driver","4"
"12/12/2024","Supplemental","Driver","3"
"12/12/2024","Other/Unidentified Provider","Driver","2"
"12/12/2024","Non-Transportation","Travel Services (Same Day)","13"
"12/12/2024","Non-Transportation","Travel Planning (Res)","5"
"12/12/2024","Non-Transportation","Scheduling","4"
"12/12/2024","Non-Transportation","Policy","16"
"12/12/2024","Non-Transportation","IT/Technology","6"
"12/12/2024","Non-Transportation","Customer","18"
"12/12/2024","E-Hail","Driver","1"
"12/12/2024","Supplemental","Vehicles","1"
"12/12/2024","Supplemental","Service - Ride Time","3"
"12/12/2024","Supplemental","Service - No Shows","9"
"12/12/2024","Broker","Vehicles","2"
"12/12/2024","Broker","Service - Ride Time","32"
"12/12/2024","Broker","Service - Other","14"
"12/12/2024","Broker","Service - No Shows","51"
"12/12/2024","Broker","Service - Late Pickup","10"
"12/12/2024","Broker","Driver","45"
"12/12/2024","Primary","Service - Ride Time","11"
"12/12/2024","Primary","Service - No Shows","14"
"12/12/2024","Primary","Service - Late Pickup","10"
"12/12/2024","Primary","Driver","10"
"12/11/2024","Primary","Service - Late Pickup","9"
"12/11/2024","Other/Unidentified Provider","Service - No Shows","1"
"12/11/2024","Other/Unidentified Provider","Driver","4"
"12/11/2024","Non-Transportation","Travel Services (Same Day)","19"
"12/11/2024","Non-Transportation","Travel Planning (Res)","7"
"12/11/2024","Non-Transportation","Scheduling","3"
"12/11/2024","Non-Transportation","Policy","13"
"12/11/2024","Non-Transportation","IT/Technology","6"
"12/11/2024","Non-Transportation","Eligibility","2"
"12/11/2024","Non-Transportation","Customer","9"
"12/11/2024","Supplemental","Service - Ride Time","1"
"12/11/2024","Supplemental","Service - Other","1"
"12/11/2024","Supplemental","Service - No Shows","1"
"12/11/2024","Primary","Driver","10"
"12/11/2024","Supplemental","Service - Late Pickup","2"
"12/11/2024","Supplemental","Driver","3"
"12/11/2024","Broker","Service - Ride Time","26"
"12/11/2024","Broker","Service - Other","6"
"12/11/2024","Broker","Service - No Shows","45"
"12/11/2024","Broker","Service - Late Pickup","11"
"12/11/2024","Broker","Driver","52"
"12/11/2024","Primary","Service - Ride Time","6"
"12/11/2024","Primary","Service - No Shows","14"
"12/10/2024","Supplemental","Service - Ride Time","2"
"12/10/2024","Other/Unidentified Provider","Service - No Shows","1"
"12/10/2024","Other/Unidentified Provider","Service - Late Pickup","1"
"12/10/2024","Other/Unidentified Provider","Driver","1"
"12/10/2024","Non-Transportation","Travel Services (Same Day)","3"
"12/10/2024","Non-Transportation","Travel Planning (Res)","8"
"12/10/2024","Non-Transportation","Scheduling","3"
"12/10/2024","Non-Transportation","Policy","19"
"12/10/2024","Non-Transportation","IT/Technology","8"
"12/10/2024","Non-Transportation","Eligibility","4"
"12/10/2024","Non-Transportation","Customer","13"
"12/10/2024","Supplemental","Vehicles","1"
"12/10/2024","Supplemental","Service - No Shows","5"
"12/10/2024","Supplemental","Service - Late Pickup","1"
"12/10/2024","Supplemental","Driver","6"
"12/10/2024","Broker","Vehicles","3"
"12/10/2024","Broker","Service - Ride Time","14"
"12/10/2024","Broker","Service - Other","6"
"12/10/2024","Broker","Service - No Shows","44"
"12/10/2024","Broker","Service - Late Pickup","9"
"12/10/2024","Broker","Driver","49"
"12/10/2024","Primary","Service - Ride Time","11"
"12/10/2024","Primary","Service - Other","4"
"12/10/2024","Primary","Service - No Shows","25"
"12/10/2024","Primary","Service - Late Pickup","8"
"12/10/2024","Primary","Driver","12"
"12/09/2024","Primary","Driver","11"
"12/09/2024","Other/Unidentified Provider","Service - No Shows","1"
"12/09/2024","Other/Unidentified Provider","Service - Late Pickup","1"
"12/09/2024","Other/Unidentified Provider","Driver","3"
"12/09/2024","Non-Transportation","Travel Services (Same Day)","11"
"12/09/2024","Non-Transportation","Travel Planning (Res)","9"
"12/09/2024","Non-Transportation","Scheduling","7"
"12/09/2024","Non-Transportation","Policy","10"
"12/09/2024","Non-Transportation","IT/Technology","10"
"12/09/2024","Non-Transportation","Eligibility","2"
"12/09/2024","Non-Transportation","Customer","2"
"12/09/2024","Supplemental","Service - Ride Time","1"
"12/09/2024","Supplemental","Service - Other","1"
"12/09/2024","Supplemental","Service - No Shows","6"
"12/09/2024","Supplemental","Driver","3"
"12/09/2024","Broker","Service - Ride Time","21"
"12/09/2024","Broker","Service - Other","5"
"12/09/2024","Broker","Service - No Shows","41"
"12/09/2024","Broker","Service - Late Pickup","5"
"12/09/2024","Broker","Driver","50"
"12/09/2024","Primary","Vehicles","1"
"12/09/2024","Primary","Service - Ride Time","6"
"12/09/2024","Primary","Service - No Shows","26"
"12/09/2024","Primary","Service - Late Pickup","14"
"12/08/2024","Broker","Driver","3"
"12/08/2024","Non-Transportation","Travel Services (Same Day)","2"
"12/08/2024","Non-Transportation","IT/Technology","1"
"12/08/2024","Broker","Service - No Shows","1"
"12/08/2024","Primary","Service - No Shows","3"
"12/07/2024","Primary","Service - Ride Time","1"
"12/07/2024","Non-Transportation","Travel Services (Same Day)","2"
"12/07/2024","Non-Transportation","Policy","3"
"12/07/2024","Non-Transportation","IT/Technology","1"
"12/07/2024","Broker","Service - No Shows","1"
"12/07/2024","Broker","Driver","5"
"12/07/2024","Primary","Service - No Shows","1"
"12/06/2024","Broker","Service - Other","1"
"12/06/2024","Other/Unidentified Provider","Driver","1"
"12/06/2024","Non-Transportation","Travel Services (Same Day)","4"
"12/06/2024","Non-Transportation","Travel Planning (Res)","6"
"12/06/2024","Non-Transportation","Scheduling","1"
"12/06/2024","Non-Transportation","Policy","23"
"12/06/2024","Non-Transportation","IT/Technology","7"
"12/06/2024","Non-Transportation","Eligibility","4"
"12/06/2024","Non-Transportation","Customer Relations","1"
"12/06/2024","Non-Transportation","Customer","8"
"12/06/2024","Supplemental","Service - Ride Time","1"
"12/06/2024","Supplemental","Service - No Shows","8"
"12/06/2024","Supplemental","Service - Late Pickup","3"
"12/06/2024","Supplemental","Driver","2"
"12/06/2024","Broker","Vehicles","3"
"12/06/2024","Broker","Service - Ride Time","17"
"12/06/2024","Broker","Service - No Shows","34"
"12/06/2024","Broker","Service - Late Pickup","4"
"12/06/2024","Broker","Driver","28"
"12/06/2024","Primary","Vehicles","2"
"12/06/2024","Primary","Service - Ride Time","7"
"12/06/2024","Primary","Service - Other","1"
"12/06/2024","Primary","Service - No Shows","24"
"12/06/2024","Primary","Service - Late Pickup","11"
"12/06/2024","Primary","Driver","9"
"12/05/2024","Primary","Service - No Shows","21"
"12/05/2024","Other/Unidentified Provider","Service - Ride Time","1"
"12/05/2024","Other/Unidentified Provider","Driver","4"
"12/05/2024","Non-Transportation","Travel Services (Same Day)","7"
"12/05/2024","Non-Transportation","Travel Planning (Res)","7"
"12/05/2024","Non-Transportation","Scheduling","2"
"12/05/2024","Non-Transportation","Policy","13"
"12/05/2024","Non-Transportation","IT/Technology","8"
"12/05/2024","Non-Transportation","Eligibility","6"
"12/05/2024","Non-Transportation","Customer","7"
"12/05/2024","Primary","Driver","11"
"12/05/2024","E-Hail","Driver","1"
"12/05/2024","Supplemental","Vehicles","1"
"12/05/2024","Supplemental","Service - Ride Time","3"
"12/05/2024","Supplemental","Service - No Shows","4"
"12/05/2024","Primary","Service - Late Pickup","12"
"12/05/2024","Supplemental","Service - Late Pickup","2"
"12/05/2024","Supplemental","Driver","1"
"12/05/2024","Broker","Service - Ride Time","27"
"12/05/2024","Broker","Service - Other","2"
"12/05/2024","Broker","Service - No Shows","40"
"12/05/2024","Broker","Service - Late Pickup","13"
"12/05/2024","Broker","Driver","41"
"12/05/2024","Primary","Service - Ride Time","12"
"12/04/2024","Broker","Service - No Shows","44"
"12/04/2024","Other/Unidentified Provider","Driver","2"
"12/04/2024","Non-Transportation","Travel Services (Same Day)","6"
"12/04/2024","Non-Transportation","Travel Planning (Res)","7"
"12/04/2024","Non-Transportation","Scheduling","2"
"12/04/2024","Non-Transportation","Policy","17"
"12/04/2024","Non-Transportation","IT/Technology","3"
"12/04/2024","Non-Transportation","Eligibility","2"
"12/04/2024","Non-Transportation","Customer Relations","2"
"12/04/2024","Non-Transportation","Customer","5"
"12/04/2024","Supplemental","Vehicles","1"
"12/04/2024","Supplemental","Service - Ride Time","3"
"12/04/2024","Supplemental","Service - No Shows","4"
"12/04/2024","Supplemental","Service - Late Pickup","2"
"12/04/2024","Supplemental","Driver","1"
"12/04/2024","Broker","Service - Ride Time","20"
"12/04/2024","Broker","Service - Other","2"
"12/04/2024","Broker","Service - Late Pickup","6"
"12/04/2024","Broker","Driver","51"
"12/04/2024","Primary","Service - Ride Time","9"
"12/04/2024","Primary","Service - No Shows","16"
"12/04/2024","Primary","Service - Late Pickup","10"
"12/04/2024","Primary","Driver","9"
"12/03/2024","Primary","Driver","10"
"12/03/2024","Other/Unidentified Provider","Service - Late Pickup","1"
"12/03/2024","Other/Unidentified Provider","Driver","1"
"12/03/2024","Non-Transportation","Travel Services (Same Day)","6"
"12/03/2024","Non-Transportation","Travel Planning (Res)","7"
"12/03/2024","Non-Transportation","Scheduling","2"
"12/03/2024","Non-Transportation","Policy","14"
"12/03/2024","Non-Transportation","IT/Technology","12"
"12/03/2024","Non-Transportation","Eligibility","1"
"12/03/2024","Non-Transportation","Customer","10"
"12/03/2024","Supplemental","Service - Ride Time","5"
"12/03/2024","Supplemental","Service - No Shows","5"
"12/03/2024","Supplemental","Service - Late Pickup","3"
"12/03/2024","Supplemental","Driver","2"
"12/03/2024","Broker","Vehicles","2"
"12/03/2024","Broker","Service - Ride Time","28"
"12/03/2024","Broker","Service - Other","3"
"12/03/2024","Broker","Service - No Shows","50"
"12/03/2024","Broker","Service - Late Pickup","14"
"12/03/2024","Broker","Driver","47"
"12/03/2024","Primary","Service - Ride Time","8"
"12/03/2024","Primary","Service - No Shows","29"
"12/03/2024","Primary","Service - Late Pickup","12"
"12/02/2024","Supplemental","Driver","5"
"12/02/2024","Other/Unidentified Provider","Service - Late Pickup","1"
"12/02/2024","Non-Transportation","Travel Services (Same Day)","8"
"12/02/2024","Non-Transportation","Travel Planning (Res)","14"
"12/02/2024","Non-Transportation","Scheduling","2"
"12/02/2024","Non-Transportation","Policy","18"
"12/02/2024","Non-Transportation","IT/Technology","6"
"12/02/2024","Non-Transportation","Eligibility","2"
"12/02/2024","Non-Transportation","Customer","9"
"12/02/2024","Supplemental","Vehicles","1"
"12/02/2024","Supplemental","Service - Ride Time","4"
"12/02/2024","Supplemental","Service - No Shows","9"
"12/02/2024","Supplemental","Service - Late Pickup","1"
"12/02/2024","Broker","Vehicles","2"
"12/02/2024","Broker","Service - Ride Time","15"
"12/02/2024","Broker","Service - Other","2"
"12/02/2024","Broker","Service - No Shows","44"
"12/02/2024","Broker","Service - Late Pickup","5"
"12/02/2024","Broker","Driver","58"
"12/02/2024","Primary","Service - Ride Time","4"
"12/02/2024","Primary","Service - Other","1"
"12/02/2024","Primary","Service - No Shows","23"
"12/02/2024","Primary","Service - Late Pickup","6"
"12/02/2024","Primary","Driver","15"
"12/01/2024","Primary","Driver","1"
"12/01/2024","Non-Transportation","Travel Services (Same Day)","3"
"12/01/2024","Non-Transportation","Policy","1"
"12/01/2024","Non-Transportation","Eligibility","1"
"12/01/2024","Non-Transportation","Customer","1"
"12/01/2024","Broker","Service - No Shows","2"
"12/01/2024","Broker","Driver","2"
"11/30/2024","Broker","Driver","1"
"11/30/2024","Other/Unidentified Provider","Driver","1"
"11/30/2024","Non-Transportation","Travel Services (Same Day)","3"
"11/30/2024","Non-Transportation","IT/Technology","2"
"11/30/2024","Non-Transportation","Customer","2"
"11/30/2024","Supplemental","Driver","1"
"11/30/2024","Primary","Driver","1"
"11/29/2024","Non-Transportation","Eligibility","1"
"11/29/2024","Non-Transportation","Travel Services (Same Day)","1"
"11/29/2024","Non-Transportation","Travel Planning (Res)","1"
"11/29/2024","Non-Transportation","Policy","2"
"11/29/2024","Broker","Service - Ride Time","1"
"11/29/2024","Broker","Service - No Shows","2"
"11/29/2024","Broker","Service - Late Pickup","1"
"11/29/2024","Broker","Driver","5"
"11/29/2024","Primary","Service - No Shows","1"
"11/29/2024","Primary","Driver","2"
"11/28/2024","Broker","Service - No Shows","1"
"11/28/2024","Non-Transportation","Policy","2"
"11/28/2024","Broker","Service - Ride Time","1"
"11/27/2024","Non-Transportation","Travel Services (Same Day)","4"
"11/27/2024","Non-Transportation","Travel Planning (Res)","6"
"11/27/2024","Non-Transportation","Policy","10"
"11/27/2024","Non-Transportation","IT/Technology","4"
"11/27/2024","Non-Transportation","Eligibility","3"
"11/27/2024","Non-Transportation","Customer Relations","1"
"11/27/2024","Non-Transportation","Customer","7"
"11/27/2024","Primary","Driver","11"
"11/27/2024","Supplemental","Service - No Shows","3"
"11/27/2024","Supplemental","Service - Late Pickup","1"
"11/27/2024","Supplemental","Driver","3"
"11/27/2024","Broker","Service - Ride Time","14"
"11/27/2024","Primary","Service - Late Pickup","10"
"11/27/2024","Broker","Service - Other","6"
"11/27/2024","Broker","Service - No Shows","27"
"11/27/2024","Broker","Service - Late Pickup","6"
"11/27/2024","Broker","Driver","40"
"11/27/2024","Primary","Service - No Shows","24"
"11/27/2024","Primary","Service - Ride Time","9"
"11/27/2024","Other/Unidentified Provider","Driver","3"
"11/27/2024","Other/Unidentified Provider",,"1"
"11/26/2024","E-Hail","Service - Late Pickup","1"
"11/26/2024","Other/Unidentified Provider","Service - No Shows","2"
"11/26/2024","Non-Transportation","Travel Services (Same Day)","6"
"11/26/2024","Non-Transportation","Travel Planning (Res)","5"
"11/26/2024","Non-Transportation","Scheduling","9"
"11/26/2024","Non-Transportation","Policy","25"
"11/26/2024","Non-Transportation","IT/Technology","8"
"11/26/2024","Non-Transportation","Eligibility","5"
"11/26/2024","Non-Transportation","Customer","12"
"11/26/2024","Supplemental","Service - No Shows","9"
"11/26/2024","Supplemental","Service - Late Pickup","1"
"11/26/2024","Supplemental","Driver","2"
"11/26/2024","Broker","Vehicles","3"
"11/26/2024","Broker","Service - Ride Time","25"
"11/26/2024","Broker","Service - Other","8"
"11/26/2024","Broker","Service - No Shows","46"
"11/26/2024","Broker","Service - Late Pickup","15"
"11/26/2024","Broker","Driver","44"
"11/26/2024","Primary","Vehicles","1"
"11/26/2024","Primary","Service - Ride Time","7"
"11/26/2024","Primary","Service - Other","1"
"11/26/2024","Primary","Service - No Shows","28"
"11/26/2024","Primary","Service - Late Pickup","7"
"11/26/2024","Primary","Driver","10"
"11/25/2024","Supplemental","Service - Ride Time","2"
"11/25/2024","Other/Unidentified Provider","Service - Ride Time","1"
"11/25/2024","Other/Unidentified Provider","Service - No Shows","2"
"11/25/2024","Non-Transportation","Travel Services (Same Day)","12"
"11/25/2024","Non-Transportation","Travel Planning (Res)","10"
"11/25/2024","Non-Transportation","Scheduling","1"
"11/25/2024","Non-Transportation","Policy","18"
"11/25/2024","Non-Transportation","IT/Technology","4"
"11/25/2024","Non-Transportation","Customer","11"
"11/25/2024","Supplemental","Vehicles","2"
"11/25/2024","Supplemental","Service - No Shows","8"
"11/25/2024","Supplemental","Service - Late Pickup","3"
"11/25/2024","Supplemental","Driver","3"
"11/25/2024","Broker","Vehicles","3"
"11/25/2024","Broker","Service - Ride Time","24"
"11/25/2024","Broker","Service - Other","10"
"11/25/2024","Broker","Service - No Shows","52"
"11/25/2024","Broker","Service - Late Pickup","7"
"11/25/2024","Broker","Driver","54"
"11/25/2024","Primary","Service - Ride Time","9"
"11/25/2024","Primary","Service - Other","1"
"11/25/2024","Primary","Service - No Shows","14"
"11/25/2024","Primary","Service - Late Pickup","5"
"11/25/2024","Primary","Driver","15"
"11/24/2024","Primary","Service - Late Pickup","1"
"11/24/2024","Non-Transportation","Travel Planning (Res)","1"
"11/24/2024","Non-Transportation","Travel Services (Same Day)","2"
"11/24/2024","Non-Transportation","IT/Technology","1"
"11/24/2024","Non-Transportation","Customer","1"
"11/24/2024","Broker","Service - Ride Time","1"
"11/24/2024","Broker","Service - Late Pickup","1"
"11/24/2024","Primary","Service - No Shows","1"
"11/23/2024","Primary","Service - No Shows","1"
"11/23/2024","Broker","Driver","1"
"11/23/2024","Primary","Service - Late Pickup","2"
"11/23/2024","Non-Transportation","Travel Services (Same Day)","1"
"11/23/2024","Non-Transportation","Policy","2"
"11/23/2024","Supplemental","Driver","1"
"11/23/2024","Broker","Service - Other","1"
"11/23/2024","Broker","Service - No Shows","1"
"11/23/2024","Broker","Service - Late Pickup","1"
"11/22/2024","Broker","Service - Ride Time","14"
"11/22/2024","Other/Unidentified Provider","Service - No Shows","2"
"11/22/2024","Other/Unidentified Provider","Driver","2"
"11/22/2024","Non-Transportation","Travel Services (Same Day)","9"
"11/22/2024","Non-Transportation","Travel Planning (Res)","6"
"11/22/2024","Non-Transportation","Scheduling","4"
"11/22/2024","Non-Transportation","Policy","11"
"11/22/2024","Non-Transportation","IT/Technology","8"
"11/22/2024","Non-Transportation","Eligibility","1"
"11/22/2024","Non-Transportation","Customer","11"
"11/22/2024","Supplemental","Service - Ride Time","3"
"11/22/2024","Supplemental","Service - Other","2"
"11/22/2024","Supplemental","Service - No Shows","5"
"11/22/2024","Supplemental","Service - Late Pickup","1"
"11/22/2024","Supplemental","Driver","3"
"11/22/2024","Broker","Service - Other","3"
"11/22/2024","Broker","Service - No Shows","43"
"11/22/2024","Broker","Service - Late Pickup","9"
"11/22/2024","Broker","Driver","39"
"11/22/2024","Primary","Service - Ride Time","10"
"11/22/2024","Primary","Service - No Shows","17"
"11/22/2024","Primary","Service - Late Pickup","16"
"11/22/2024","Primary","Driver","12"
"11/21/2024","Broker","Driver","40"
"11/21/2024","Other/Unidentified Provider","Service - Other","1"
"11/21/2024","Other/Unidentified Provider","Service - No Shows","2"
"11/21/2024","Other/Unidentified Provider","Driver","3"
"11/21/2024","Non-Transportation","Travel Services (Same Day)","5"
"11/21/2024","Non-Transportation","Travel Planning (Res)","3"
"11/21/2024","Non-Transportation","Scheduling","1"
"11/21/2024","Non-Transportation","Policy","10"
"11/21/2024","Non-Transportation","IT/Technology","5"
"11/21/2024","Non-Transportation","Eligibility","3"
"11/21/2024","Non-Transportation","Customer Relations","2"
"11/21/2024","Primary","Service - Ride Time","10"
"11/21/2024","Primary","Driver","11"
"11/21/2024","Non-Transportation","Customer","14"
"11/21/2024","Supplemental","Service - Ride Time","3"
"11/21/2024","Supplemental","Service - No Shows","6"
"11/21/2024","Supplemental","Service - Late Pickup","1"
"11/21/2024","Supplemental","Driver","1"
"11/21/2024","Primary","Vehicles","1"
"11/21/2024","Broker","Vehicles","2"
"11/21/2024","Broker","Service - Ride Time","20"
"11/21/2024","Primary","Service - Late Pickup","21"
"11/21/2024","Primary","Service - No Shows","25"
"11/21/2024","Broker","Service - Other","6"
"11/21/2024","Broker","Service - No Shows","43"
"11/21/2024","Broker","Service - Late Pickup","15"
"11/20/2024","Non-Transportation","Customer Relations","1"
"11/20/2024","Other/Unidentified Provider","Service - No Shows","1"
"11/20/2024","Non-Transportation","Travel Services (Same Day)","7"
"11/20/2024","Non-Transportation","Travel Planning (Res)","4"
"11/20/2024","Non-Transportation","Scheduling","6"
"11/20/2024","Non-Transportation","Policy","17"
"11/20/2024","Non-Transportation","IT/Technology","5"
"11/20/2024","Non-Transportation","Eligibility","5"
"11/20/2024","Non-Transportation","Customer","8"
"11/20/2024","Supplemental","Vehicles","2"
"11/20/2024","Supplemental","Service - Ride Time","2"
"11/20/2024","Supplemental","Service - No Shows","5"
"11/20/2024","Supplemental","Service - Late Pickup","1"
"11/20/2024","Supplemental","Driver","2"
"11/20/2024","Broker","Vehicles","1"
"11/20/2024","Broker","Service - Ride Time","27"
"11/20/2024","Broker","Service - Other","6"
"11/20/2024","Broker","Service - No Shows","30"
"11/20/2024","Broker","Service - Late Pickup","8"
"11/20/2024","Broker","Driver","44"
"11/20/2024","Primary","Vehicles","1"
"11/20/2024","Primary","Service - Ride Time","5"
"11/20/2024","Primary","Service - Other","2"
"11/20/2024","Primary","Service - No Shows","14"
"11/20/2024","Primary","Service - Late Pickup","14"
"11/20/2024","Primary","Driver","10"
"11/19/2024","Primary","Driver","9"
"11/19/2024","Other/Unidentified Provider","Service - Ride Time","1"
"11/19/2024","Other/Unidentified Provider","Service - No Shows","2"
"11/19/2024","Other/Unidentified Provider","Service - Late Pickup","1"
"11/19/2024","Other/Unidentified Provider","Driver","1"
"11/19/2024","Non-Transportation","Travel Services (Same Day)","11"
"11/19/2024","Non-Transportation","Travel Planning (Res)","6"
"11/19/2024","Non-Transportation","Scheduling","2"
"11/19/2024","Non-Transportation","Policy","16"
"11/19/2024","Non-Transportation","IT/Technology","2"
"11/19/2024","Non-Transportation","Eligibility","4"
"11/19/2024","Non-Transportation","Customer Relations","1"
"11/19/2024","Non-Transportation","Customer","12"
"11/19/2024","Supplemental","Vehicles","3"
"11/19/2024","Supplemental","Service - No Shows","9"
"11/19/2024","Supplemental","Driver","3"
"11/19/2024","Broker","Vehicles","1"
"11/19/2024","Broker","Service - Ride Time","22"
"11/19/2024","Broker","Service - Other","9"
"11/19/2024","Broker","Service - No Shows","30"
"11/19/2024","Broker","Service - Late Pickup","8"
"11/19/2024","Broker","Driver","46"
"11/19/2024","Primary","Vehicles","2"
"11/19/2024","Primary","Service - Ride Time","12"
"11/19/2024","Primary","Service - No Shows","26"
"11/19/2024","Primary","Service - Late Pickup","14"
"11/18/2024","Non-Transportation","IT/Technology","10"
"11/18/2024","Other/Unidentified Provider","Service - Ride Time","1"
"11/18/2024","Other/Unidentified Provider","Driver","2"
"11/18/2024","Non-Transportation","Travel Services (Same Day)","6"
"11/18/2024","Non-Transportation","Travel Planning (Res)","8"
"11/18/2024","Non-Transportation","Scheduling","3"
"11/18/2024","Non-Transportation","Policy","13"
"11/18/2024","Non-Transportation","Eligibility","4"
"11/18/2024","Non-Transportation","Customer Relations","1"
"11/18/2024","Non-Transportation","Customer","14"
"11/18/2024","Supplemental","Service - Ride Time","3"
"11/18/2024","Supplemental","Service - No Shows","4"
"11/18/2024","Supplemental","Service - Late Pickup","1"
"11/18/2024","Supplemental","Driver","4"
"11/18/2024","Broker","Vehicles","5"
"11/18/2024","Broker","Service - Ride Time","20"
"11/18/2024","Broker","Service - Other","5"
"11/18/2024","Broker","Service - No Shows","24"
"11/18/2024","Broker","Service - Late Pickup","6"
"11/18/2024","Broker","Driver","59"
"11/18/2024","Primary","Vehicles","1"
"11/18/2024","Primary","Service - Ride Time","13"
"11/18/2024","Primary","Service - No Shows","23"
"11/18/2024","Primary","Service - Late Pickup","8"
"11/18/2024","Primary","Driver","12"
"11/17/2024","Primary","Service - No Shows","2"
"11/17/2024","Non-Transportation","Travel Services (Same Day)","1"
"11/17/2024","Non-Transportation","Travel Planning (Res)","2"
"11/17/2024","Broker","Service - Other","1"
"11/17/2024","Broker","Driver","1"
"11/16/2024","Other/Unidentified Provider","Driver","2"
"11/16/2024","Non-Transportation","Travel Services (Same Day)","3"
"11/16/2024","Non-Transportation","Travel Planning (Res)","1"
"11/16/2024","Non-Transportation","Policy","2"
"11/16/2024","Non-Transportation","Scheduling","2"
"11/16/2024","Non-Transportation","IT/Technology","1"
"11/16/2024","Broker","Service - Ride Time","1"
"11/16/2024","Broker","Service - Other","1"
"11/16/2024","Primary","Driver","1"
"11/15/2024","Supplemental","Driver","5"
"11/15/2024","Broker","Vehicles","2"
"11/15/2024","Broker","Service - Ride Time","18"
"11/15/2024","Broker","Service - Other","7"
"11/15/2024","Broker","Service - No Shows","14"
"11/15/2024","Broker","Service - Late Pickup","4"
"11/15/2024","Broker","Driver","43"
"11/15/2024","Primary","Service - Ride Time","6"
"11/15/2024","Primary","Service - Other","2"
"11/15/2024","Primary","Service - Late Pickup","6"
"11/15/2024","Primary","Service - No Shows","16"
"11/15/2024","Other/Unidentified Provider","Driver","1"
"11/15/2024","Non-Transportation","Travel Services (Same Day)","8"
"11/15/2024","Non-Transportation","Travel Planning (Res)","6"
"11/15/2024","Non-Transportation","Scheduling","6"
"11/15/2024","Non-Transportation","Policy","11"
"11/15/2024","Primary","Driver","10"
"11/15/2024","Non-Transportation","IT/Technology","1"
"11/15/2024","Non-Transportation","Eligibility","1"
"11/15/2024","Non-Transportation","Customer","5"
"11/15/2024","Supplemental","Vehicles","1"
"11/15/2024","Supplemental","Service - Ride Time","2"
"11/15/2024","Supplemental","Service - Other","1"
"11/15/2024","Supplemental","Service - No Shows","4"
"11/14/2024","Supplemental","Driver","3"
"11/14/2024","Other/Unidentified Provider","Service - No Shows","1"
"11/14/2024","Other/Unidentified Provider","Driver","1"
"11/14/2024","Non-Transportation","Travel Services (Same Day)","8"
"11/14/2024","Non-Transportation","Travel Planning (Res)","7"
"11/14/2024","Non-Transportation","Scheduling","5"
"11/14/2024","Non-Transportation","Policy","12"
"11/14/2024","Non-Transportation","IT/Technology","1"
"11/14/2024","Non-Transportation","Customer Relations","1"
"11/14/2024","Non-Transportation","Customer","10"
"11/14/2024","Supplemental","Vehicles","1"
"11/14/2024","Supplemental","Service - No Shows","3"
"11/14/2024","Broker","Vehicles","3"
"11/14/2024","Broker","Service - Ride Time","21"
"11/14/2024","Broker","Service - Other","3"
"11/14/2024","Broker","Service - No Shows","28"
"11/14/2024","Broker","Service - Late Pickup","11"
"11/14/2024","Broker","Driver","38"
"11/14/2024","Primary","Service - Ride Time","13"
"11/14/2024","Primary","Service - No Shows","16"
"11/14/2024","Primary","Service - Late Pickup","7"
"11/14/2024","Primary","Driver","16"
"11/13/2024","Primary","Driver","15"
"11/13/2024","Other/Unidentified Provider","Service - No Shows","3"
"11/13/2024","Other/Unidentified Provider","Driver","2"
"11/13/2024","Non-Transportation","Travel Services (Same Day)","10"
"11/13/2024","Non-Transportation","Travel Planning (Res)","8"
"11/13/2024","Non-Transportation","Scheduling","3"
"11/13/2024","Non-Transportation","Policy","19"
"11/13/2024","Non-Transportation","IT/Technology","4"
"11/13/2024","Non-Transportation","Eligibility","3"
"11/13/2024","Non-Transportation","Customer","8"
"11/13/2024","Supplemental","Service - Ride Time","2"
"11/13/2024","Supplemental","Service - No Shows","11"
"11/13/2024","Supplemental","Service - Late Pickup","2"
"11/13/2024","Supplemental","Driver","2"
"11/13/2024","Broker","Vehicles","1"
"11/13/2024","Broker","Service - Ride Time","24"
"11/13/2024","Broker","Service - Other","6"
"11/13/2024","Broker","Service - No Shows","17"
"11/13/2024","Broker","Service - Late Pickup","5"
"11/13/2024","Broker","Driver","38"
"11/13/2024","Primary","Vehicles","1"
"11/13/2024","Primary","Service - Ride Time","13"
"11/13/2024","Primary","Service - No Shows","21"
"11/13/2024","Primary","Service - Late Pickup","15"
"11/12/2024","Non-Transportation","Customer","17"
"11/12/2024","Other/Unidentified Provider","Service - No Shows","2"
"11/12/2024","Other/Unidentified Provider","Service - Late Pickup","2"
"11/12/2024","Non-Transportation","Travel Services (Same Day)","5"
"11/12/2024","Non-Transportation","Travel Planning (Res)","16"
"11/12/2024","Non-Transportation","Scheduling","6"
"11/12/2024","Non-Transportation","Policy","19"
"11/12/2024","Non-Transportation","IT/Technology","9"
"11/12/2024","Non-Transportation","Eligibility","5"
"11/12/2024","Non-Transportation","Customer Relations","1"
"11/12/2024","E-Hail","Driver","1"
"11/12/2024","Supplemental","Vehicles","1"
"11/12/2024","Supplemental","Service - No Shows","3"
"11/12/2024","Supplemental","Service - Late Pickup","1"
"11/12/2024","Supplemental","Driver","1"
"11/12/2024","Broker","Vehicles","2"
"11/12/2024","Broker","Service - Ride Time","21"
"11/12/2024","Broker","Service - Other","7"
"11/12/2024","Broker","Service - No Shows","41"
"11/12/2024","Broker","Service - Late Pickup","7"
"11/12/2024","Broker","Driver","49"
"11/12/2024","Primary","Vehicles","1"
"11/12/2024","Primary","Service - Ride Time","15"
"11/12/2024","Primary","Service - No Shows","19"
"11/12/2024","Primary","Service - Late Pickup","9"
"11/12/2024","Primary","Driver","10"
"11/11/2024","Non-Transportation","IT/Technology","1"
"11/11/2024","Non-Transportation","Policy","4"
"11/11/2024","Primary","Service - No Shows","1"
"11/11/2024","Broker","Driver","5"
"11/11/2024","Broker","Service - Late Pickup","1"
"11/11/2024","Supplemental","Driver","1"
"11/11/2024","Supplemental","Service - Other","1"
"11/10/2024","Non-Transportation","Policy","1"
"11/10/2024","Primary","Service - Ride Time","1"
"11/10/2024","Broker","Service - Other","1"
"11/09/2024","Broker","Driver","2"
"11/09/2024","Supplemental","Service - Ride Time","1"
"11/09/2024","Non-Transportation","IT/Technology","1"
"11/09/2024","Non-Transportation","Policy","3"
"11/09/2024","Other/Unidentified Provider","Driver","1"
"11/09/2024","Primary","Driver","1"
"11/08/2024","Primary","Driver","7"
"11/08/2024","Supplemental","Driver","3"
"11/08/2024","Broker","Vehicles","1"
"11/08/2024","Broker","Service - Ride Time","19"
"11/08/2024","Broker","Service - Other","5"
"11/08/2024","Broker","Service - No Shows","21"
"11/08/2024","Broker","Service - Late Pickup","6"
"11/08/2024","Broker","Driver","46"
"11/08/2024","Primary","Service - No Shows","11"
"11/08/2024","Primary","Service - Ride Time","3"
"11/08/2024","Other/Unidentified Provider","Service - Other","1"
"11/08/2024","Other/Unidentified Provider","Service - No Shows","1"
"11/08/2024","Other/Unidentified Provider","Driver","3"
"11/08/2024","Non-Transportation","Travel Services (Same Day)","4"
"11/08/2024","Non-Transportation","Travel Planning (Res)","3"
"11/08/2024","Non-Transportation","Scheduling","2"
"11/08/2024","Non-Transportation","Policy","13"
"11/08/2024","Non-Transportation","IT/Technology","3"
"11/08/2024","Primary","Service - Late Pickup","6"
"11/08/2024","Non-Transportation","Eligibility","1"
"11/08/2024","Non-Transportation","Customer Relations","1"
"11/08/2024","Non-Transportation","Customer","16"
"11/08/2024","Supplemental","Vehicles","2"
"11/08/2024","Supplemental","Service - Ride Time","2"
"11/08/2024","Supplemental","Service - No Shows","4"
"11/07/2024","Supplemental","Driver","2"
"11/07/2024","Other/Unidentified Provider","Service - Other","1"
"11/07/2024","Other/Unidentified Provider","Service - No Shows","1"
"11/07/2024","Other/Unidentified Provider","Driver","3"
"11/07/2024","Non-Transportation","Travel Services (Same Day)","7"
"11/07/2024","Non-Transportation","Travel Planning (Res)","4"
"11/07/2024","Non-Transportation","Scheduling","3"
"11/07/2024","Non-Transportation","Policy","18"
"11/07/2024","Non-Transportation","IT/Technology","6"
"11/07/2024","Non-Transportation","Eligibility","4"
"11/07/2024","Non-Transportation","Customer Relations","1"
"11/07/2024","Non-Transportation","Customer","9"
"11/07/2024","Supplemental","Service - Ride Time","3"
"11/07/2024","Supplemental","Service - No Shows","3"
"11/07/2024","Broker","Vehicles","1"
"11/07/2024","Broker","Service - Ride Time","25"
"11/07/2024","Broker","Service - Other","6"
"11/07/2024","Broker","Service - No Shows","35"
"11/07/2024","Broker","Service - Late Pickup","8"
"11/07/2024","Broker","Driver","45"
"11/07/2024","Primary","Vehicles","2"
"11/07/2024","Primary","Service - Ride Time","9"
"11/07/2024","Primary","Service - No Shows","15"
"11/07/2024","Primary","Service - Late Pickup","7"
"11/07/2024","Primary","Driver","17"
"11/06/2024","Supplemental","Service - No Shows","4"
"11/06/2024","Other/Unidentified Provider","Driver","2"
"11/06/2024","Non-Transportation","Travel Services (Same Day)","7"
"11/06/2024","Non-Transportation","Travel Planning (Res)","8"
"11/06/2024","Non-Transportation","Scheduling","3"
"11/06/2024","Non-Transportation","Policy","17"
"11/06/2024","Non-Transportation","IT/Technology","6"
"11/06/2024","Non-Transportation","Eligibility","8"
"11/06/2024","Non-Transportation","Customer","12"
"11/06/2024","Supplemental","Service - Other","1"
"11/06/2024","Supplemental","Driver","2"
"11/06/2024","Broker","Vehicles","2"
"11/06/2024","Broker","Service - Ride Time","16"
"11/06/2024","Broker","Service - Other","3"
"11/06/2024","Broker","Service - No Shows","31"
"11/06/2024","Broker","Service - Late Pickup","5"
"11/06/2024","Broker","Driver","35"
"11/06/2024","Primary","Service - Ride Time","8"
"11/06/2024","Primary","Service - Other","1"
"11/06/2024","Primary","Service - No Shows","11"
"11/06/2024","Primary","Service - Late Pickup","6"
"11/06/2024","Primary","Driver","9"
"11/05/2024","Primary","Service - Late Pickup","4"
"11/05/2024","Other/Unidentified Provider","Service - Ride Time","1"
"11/05/2024","Other/Unidentified Provider","Service - Other","1"
"11/05/2024","Other/Unidentified Provider","Driver","2"
"11/05/2024","Non-Transportation","Travel Services (Same Day)","4"
"11/05/2024","Non-Transportation","Travel Planning (Res)","3"
"11/05/2024","Non-Transportation","Scheduling","4"
"11/05/2024","Non-Transportation","Policy","9"
"11/05/2024","Non-Transportation","IT/Technology","3"
"11/05/2024","Primary","Driver","15"
"11/05/2024","Non-Transportation","Eligibility","1"
"11/05/2024","Non-Transportation","Customer","9"
"11/05/2024","Supplemental","Service - No Shows","7"
"11/05/2024","Supplemental","Driver","3"
"11/05/2024","Broker","Service - Ride Time","11"
"11/05/2024","Broker","Service - No Shows","14"
"11/05/2024","Broker","Service - Late Pickup","2"
"11/05/2024","Broker","Driver","45"
"11/05/2024","Primary","Service - Ride Time","8"
"11/05/2024","Primary","Service - Other","1"
"11/05/2024","Primary","Service - No Shows","15"
"11/04/2024","Broker","Driver","53"
"11/04/2024","Other/Unidentified Provider","Service - Other","1"
"11/04/2024","Other/Unidentified Provider","Service - No Shows","2"
"11/04/2024","Other/Unidentified Provider","Driver","2"
"11/04/2024","Non-Transportation","Travel Services (Same Day)","9"
"11/04/2024","Non-Transportation","Travel Planning (Res)","4"
"11/04/2024","Non-Transportation","Policy","17"
"11/04/2024","Non-Transportation","IT/Technology","10"
"11/04/2024","Non-Transportation","Eligibility","4"
"11/04/2024","Non-Transportation","Customer Relations","2"
"11/04/2024","Non-Transportation","Customer","16"
"11/04/2024","Supplemental","Service - Ride Time","2"
"11/04/2024","Supplemental","Service - No Shows","7"
"11/04/2024","Supplemental","Driver","4"
"11/04/2024","Broker","Vehicles","2"
"11/04/2024","Broker","Service - Ride Time","18"
"11/04/2024","Broker","Service - Other","3"
"11/04/2024","Broker","Service - No Shows","35"
"11/04/2024","Broker","Service - Late Pickup","8"
"11/04/2024","Primary","Service - Ride Time","11"
"11/04/2024","Primary","Service - No Shows","20"
"11/04/2024","Primary","Service - Late Pickup","7"
"11/04/2024","Primary","Driver","14"
"11/03/2024","Broker","Service - Ride Time","2"
"11/03/2024","Broker","Service - Other","2"
"11/03/2024","Broker","Driver","3"
"11/03/2024","Primary","Service - Late Pickup","1"
"11/03/2024","Primary","Driver","3"
"11/02/2024","Non-Transportation","Travel Services (Same Day)","1"
"11/02/2024","Non-Transportation","Travel Planning (Res)","1"
"11/02/2024","Non-Transportation","Policy","2"
"11/02/2024","Non-Transportation","Customer","1"
"11/02/2024","Broker","Driver","1"
"11/02/2024","Primary","Service - Ride Time","1"
"11/01/2024","Supplemental","Driver","3"
"11/01/2024","Broker","Vehicles","2"
"11/01/2024","Broker","Service - Ride Time","15"
"11/01/2024","Broker","Service - Other","4"
"11/01/2024","Broker","Service - No Shows","16"
"11/01/2024","Broker","Service - Late Pickup","7"
"11/01/2024","Broker","Driver","37"
"11/01/2024","Primary","Vehicles","2"
"11/01/2024","Primary","Driver","20"
"11/01/2024","Primary","Service - Ride Time","3"
"11/01/2024","Primary","Service - Other","2"
"11/01/2024","Primary","Service - Late Pickup","3"
"11/01/2024","Primary","Service - No Shows","17"
"11/01/2024","Other/Unidentified Provider","Driver","1"
"11/01/2024","Non-Transportation","Travel Services (Same Day)","6"
"11/01/2024","Non-Transportation","Travel Planning (Res)","5"
"11/01/2024","Non-Transportation","Scheduling","3"
"11/01/2024","Non-Transportation","Policy","15"
"11/01/2024","Non-Transportation","IT/Technology","1"
"11/01/2024","Non-Transportation","Eligibility","5"
"11/01/2024","Non-Transportation","Customer","14"
"11/01/2024","Supplemental","Service - No Shows","2"
"11/01/2024","Supplemental","Service - Late Pickup","1"
"10/31/2024","Other/Unidentified Provider","Service - No Shows","2"
"10/31/2024","Other/Unidentified Provider","Service - Other","1"
"10/31/2024","Other/Unidentified Provider","Driver","3"
"10/31/2024","Non-Transportation","Travel Services (Same Day)","11"
"10/31/2024","Non-Transportation","Travel Planning (Res)","5"
"10/31/2024","Non-Transportation","Scheduling","4"
"10/31/2024","Non-Transportation","Policy","20"
"10/31/2024","Non-Transportation","IT/Technology","3"
"10/31/2024","Non-Transportation","Eligibility","4"
"10/31/2024","Non-Transportation","Customer","17"
"10/31/2024","Supplemental","Vehicles","1"
"10/31/2024","Supplemental","Service - Ride Time","1"
"10/31/2024","Supplemental","Service - No Shows","4"
"10/31/2024","Supplemental","Driver","3"
"10/31/2024","Broker","Vehicles","3"
"10/31/2024","Broker","Service - Ride Time","23"
"10/31/2024","Broker","Service - Other","5"
"10/31/2024","Broker","Service - No Shows","21"
"10/31/2024","Broker","Service - Late Pickup","6"
"10/31/2024","Broker","Driver","58"
"10/31/2024","Primary","Service - Ride Time","6"
"10/31/2024","Primary","Service - Other","1"
"10/31/2024","Primary","Service - No Shows","14"
"10/31/2024","Primary","Service - Late Pickup","10"
"10/31/2024","Primary","Driver","16"
"10/30/2024","Primary","Driver","13"
"10/30/2024","Other/Unidentified Provider","Vehicles","1"
"10/30/2024","Other/Unidentified Provider","Service - No Shows","1"
"10/30/2024","Other/Unidentified Provider","Driver","5"
"10/30/2024","Non-Transportation","Travel Services (Same Day)","7"
"10/30/2024","Non-Transportation","Travel Planning (Res)","8"
"10/30/2024","Non-Transportation","Scheduling","5"
"10/30/2024","Non-Transportation","Policy","16"
"10/30/2024","Non-Transportation","IT/Technology","5"
"10/30/2024","Non-Transportation","Eligibility","2"
"10/30/2024","Non-Transportation","Customer","6"
"10/30/2024","E-Hail","Driver","1"
"10/30/2024","Supplemental","Service - Ride Time","2"
"10/30/2024","Supplemental","Service - No Shows","1"
"10/30/2024","Supplemental","Driver","1"
"10/30/2024","Broker","Vehicles","2"
"10/30/2024","Broker","Service - Ride Time","24"
"10/30/2024","Broker","Service - Other","3"
"10/30/2024","Broker","Service - No Shows","17"
"10/30/2024","Broker","Service - Late Pickup","6"
"10/30/2024","Broker","Driver","55"
"10/30/2024","Primary","Service - Ride Time","6"
"10/30/2024","Primary","Service - No Shows","16"
"10/30/2024","Primary","Service - Late Pickup","5"
"10/29/2024","Non-Transportation","Policy","12"
"10/29/2024","Other/Unidentified Provider","Service - No Shows","1"
"10/29/2024","Other/Unidentified Provider","Driver","10"
"10/29/2024","Non-Transportation","Travel Services (Same Day)","8"
"10/29/2024","Non-Transportation","Travel Planning (Res)","9"
"10/29/2024","Non-Transportation","Scheduling","3"
"10/29/2024","Non-Transportation","IT/Technology","8"
"10/29/2024","Non-Transportation","Eligibility","7"
"10/29/2024","Non-Transportation","Customer","8"
"10/29/2024","Supplemental","Service - Ride Time","2"
"10/29/2024","Supplemental","Service - No Shows","3"
"10/29/2024","Supplemental","Service - Late Pickup","2"
"10/29/2024","Supplemental","Driver","6"
"10/29/2024","Broker","Vehicles","2"
"10/29/2024","Broker","Service - Ride Time","22"
"10/29/2024","Broker","Service - Other","4"
"10/29/2024","Broker","Service - No Shows","42"
"10/29/2024","Broker","Service - Late Pickup","11"
"10/29/2024","Broker","Driver","43"
"10/29/2024","Primary","Service - Ride Time","13"
"10/29/2024","Primary","Service - No Shows","17"
"10/29/2024","Primary","Service - Late Pickup","9"
"10/29/2024","Primary","Driver","15"
"10/28/2024","Primary","Service - Other","1"
"10/28/2024","Primary","Service - No Shows","30"
"10/28/2024","Primary","Service - Late Pickup","3"
"10/28/2024","Primary","Driver","17"
"10/28/2024","Non-Transportation","Scheduling","6"
"10/28/2024","Non-Transportation","Policy","14"
"10/28/2024","Non-Transportation","IT/Technology","4"
"10/28/2024","Non-Transportation","Eligibility","4"
"10/28/2024","Non-Transportation","Customer Relations","1"
"10/28/2024","Non-Transportation","Customer","18"
"10/28/2024","Other/Unidentified Provider","Driver","4"
"10/28/2024","E-Hail","Driver","1"
"10/28/2024","Supplemental","Vehicles","1"
"10/28/2024","Supplemental","Service - Ride Time","1"
"10/28/2024","Supplemental","Service - No Shows","8"
"10/28/2024","Supplemental","Service - Late Pickup","1"
"10/28/2024","Non-Transportation","Travel Services (Same Day)","16"
"10/28/2024","Supplemental","Driver","1"
"10/28/2024","Broker","Vehicles","5"
"10/28/2024","Broker","Service - Ride Time","17"
"10/28/2024","Broker","Service - Other","2"
"10/28/2024","Broker","Service - No Shows","32"
"10/28/2024","Broker","Service - Late Pickup","6"
"10/28/2024","Broker","Driver","62"
"10/28/2024","Non-Transportation","Travel Planning (Res)","6"
"10/28/2024","Primary","Vehicles","1"
"10/28/2024","Primary","Service - Ride Time","8"
"10/27/2024","Non-Transportation","Policy","1"
"10/27/2024","Primary","Service - Late Pickup","1"
"10/27/2024","Broker","Driver","1"
"10/27/2024","Primary","Driver","1"
"10/27/2024","Non-Transportation","Travel Planning (Res)","1"
"10/27/2024","Supplemental","Driver","1"
"10/26/2024","Broker","Service - Ride Time","1"
"10/26/2024","Non-Transportation","Travel Services (Same Day)","1"
"10/26/2024","Non-Transportation","Policy","2"
"10/26/2024","Supplemental","Service - Ride Time","1"
"10/26/2024","Broker","Service - No Shows","4"
"10/25/2024","Non-Transportation","Customer","9"
"10/25/2024","Other/Unidentified Provider","Service - No Shows","1"
"10/25/2024","Other/Unidentified Provider","Driver","2"
"10/25/2024","Non-Transportation","Travel Services (Same Day)","9"
"10/25/2024","Non-Transportation","Travel Planning (Res)","6"
"10/25/2024","Non-Transportation","Scheduling","4"
"10/25/2024","Non-Transportation","Policy","10"
"10/25/2024","Non-Transportation","IT/Technology","3"
"10/25/2024","Non-Transportation","Eligibility","2"
"10/25/2024","Non-Transportation","Customer Relations","1"
"10/25/2024","Supplemental","Vehicles","2"
"10/25/2024","Supplemental","Service - Other","1"
"10/25/2024","Supplemental","Service - No Shows","6"
"10/25/2024","Supplemental","Driver","2"
"10/25/2024","Broker","Vehicles","1"
"10/25/2024","Broker","Service - Ride Time","17"
"10/25/2024","Broker","Service - Other","7"
"10/25/2024","Broker","Service - No Shows","23"
"10/25/2024","Broker","Service - Late Pickup","8"
"10/25/2024","Broker","Driver","34"
"10/25/2024","Primary","Service - Ride Time","5"
"10/25/2024","Primary","Service - Other","2"
"10/25/2024","Primary","Service - No Shows","13"
"10/25/2024","Primary","Service - Late Pickup","7"
"10/25/2024","Primary","Driver","13"
"10/24/2024","Primary","Service - Late Pickup","6"
"10/24/2024","Other/Unidentified Provider","Driver","4"
"10/24/2024","Non-Transportation","Travel Services (Same Day)","8"
"10/24/2024","Non-Transportation","Travel Planning (Res)","7"
"10/24/2024","Non-Transportation","Scheduling","8"
"10/24/2024","Primary","Driver","9"
"10/24/2024","Non-Transportation","Policy","15"
"10/24/2024","Non-Transportation","IT/Technology","4"
"10/24/2024","Non-Transportation","Eligibility","1"
"10/24/2024","Non-Transportation","Customer","5"
"10/24/2024","Supplemental","Service - Ride Time","1"
"10/24/2024","Supplemental","Driver","5"
"10/24/2024","Broker","Vehicles","2"
"10/24/2024","Broker","Service - Ride Time","27"
"10/24/2024","Broker","Service - Other","4"
"10/24/2024","Broker","Service - No Shows","25"
"10/24/2024","Broker","Service - Late Pickup","8"
"10/24/2024","Broker","Driver","51"
"10/24/2024","Primary","Service - Ride Time","4"
"10/24/2024","Primary","Service - No Shows","19"
"10/23/2024","Supplemental","Service - No Shows","3"
"10/23/2024","Other/Unidentified Provider","Driver","1"
"10/23/2024","Non-Transportation","Travel Services (Same Day)","6"
"10/23/2024","Non-Transportation","Travel Planning (Res)","5"
"10/23/2024","Non-Transportation","Scheduling","4"
"10/23/2024","Non-Transportation","Policy","15"
"10/23/2024","Non-Transportation","IT/Technology","6"
"10/23/2024","Non-Transportation","Eligibility","4"
"10/23/2024","Non-Transportation","Customer Relations","1"
"10/23/2024","Non-Transportation","Customer","14"
"10/23/2024","E-Hail","Service - No Shows","1"
"10/23/2024","Supplemental","Service - Other","2"
"10/23/2024","Supplemental","Driver","2"
"10/23/2024","Broker","Service - Ride Time","19"
"10/23/2024","Broker","Service - Other","4"
"10/23/2024","Broker","Service - No Shows","24"
"10/23/2024","Broker","Service - Late Pickup","10"
"10/23/2024","Broker","Driver","51"
"10/23/2024","Primary","Service - Ride Time","11"
"10/23/2024","Primary","Service - Other","1"
"10/23/2024","Primary","Service - No Shows","19"
"10/23/2024","Primary","Service - Late Pickup","10"
"10/23/2024","Primary","Driver","8"
"10/22/2024","Primary","Service - Late Pickup","10"
"10/22/2024","Other/Unidentified Provider","Service - No Shows","1"
"10/22/2024","Other/Unidentified Provider","Driver","6"
"10/22/2024","Non-Transportation","Travel Services (Same Day)","7"
"10/22/2024","Non-Transportation","Travel Planning (Res)","9"
"10/22/2024","Non-Transportation","Scheduling","6"
"10/22/2024","Non-Transportation","Policy","14"
"10/22/2024","Non-Transportation","IT/Technology","3"
"10/22/2024","Non-Transportation","Eligibility","6"
"10/22/2024","Non-Transportation","Customer","6"
"10/22/2024","Supplemental","Vehicles","1"
"10/22/2024","Supplemental","Service - Ride Time","1"
"10/22/2024","Supplemental","Service - No Shows","5"
"10/22/2024","Supplemental","Service - Late Pickup","1"
"10/22/2024","Primary","Driver","12"
"10/22/2024","Supplemental","Driver","4"
"10/22/2024","Broker","Vehicles","6"
"10/22/2024","Broker","Service - Ride Time","21"
"10/22/2024","Broker","Service - Other","5"
"10/22/2024","Broker","Service - No Shows","31"
"10/22/2024","Broker","Service - Late Pickup","9"
"10/22/2024","Broker","Driver","50"
"10/22/2024","Primary","Vehicles","1"
"10/22/2024","Primary","Service - Ride Time","9"
"10/22/2024","Primary","Service - No Shows","12"
"10/21/2024","Supplemental","Service - Ride Time","3"
"10/21/2024","Other/Unidentified Provider","Service - Other","2"
"10/21/2024","Other/Unidentified Provider","Driver","3"
"10/21/2024","Non-Transportation","Travel Services (Same Day)","16"
"10/21/2024","Non-Transportation","Travel Planning (Res)","10"
"10/21/2024","Non-Transportation","Scheduling","7"
"10/21/2024","Non-Transportation","Policy","19"
"10/21/2024","Non-Transportation","IT/Technology","9"
"10/21/2024","Non-Transportation","Eligibility","2"
"10/21/2024","Non-Transportation","Customer Relations","3"
"10/21/2024","Non-Transportation","Customer","12"
"10/21/2024","E-Hail","Driver","1"
"10/21/2024","Supplemental","Service - Other","1"
"10/21/2024","Supplemental","Service - No Shows","2"
"10/21/2024","Supplemental","Service - Late Pickup","1"
"10/21/2024","Supplemental","Driver","5"
"10/21/2024","Broker","Vehicles","4"
"10/21/2024","Broker","Service - Ride Time","22"
"10/21/2024","Broker","Service - Other","6"
"10/21/2024","Broker","Service - No Shows","32"
"10/21/2024","Broker","Service - Late Pickup","11"
"10/21/2024","Broker","Driver","48"
"10/21/2024","Primary","Vehicles","2"
"10/21/2024","Primary","Service - Ride Time","9"
"10/21/2024","Primary","Service - Other","2"
"10/21/2024","Primary","Service - No Shows","18"
"10/21/2024","Primary","Service - Late Pickup","2"
"10/21/2024","Primary","Driver","20"
"10/20/2024","Broker","Driver","3"
"10/20/2024","Non-Transportation","Travel Services (Same Day)","1"
"10/20/2024","Non-Transportation","Travel Planning (Res)","1"
"10/20/2024","Non-Transportation","Policy","3"
"10/20/2024","Non-Transportation","Eligibility","1"
"10/20/2024","Non-Transportation","Customer","1"
"10/20/2024","Supplemental","Service - Ride Time","1"
"10/20/2024","Broker","Service - No Shows","3"
"10/19/2024","Non-Transportation","Policy","4"
"10/19/2024","Broker","Vehicles","1"
"10/19/2024","Broker","Service - No Shows","1"
"10/19/2024","Broker","Driver","1"
"10/19/2024","Primary","Service - Ride Time","1"
"10/19/2024","Primary","Service - Late Pickup","1"
"10/19/2024","Primary","Driver","1"
"10/18/2024","Broker","Service - No Shows","23"
"10/18/2024","Broker","Service - Late Pickup","3"
"10/18/2024","Broker","Driver","41"
"10/18/2024","Primary","Vehicles","1"
"10/18/2024","Primary","Service - Ride Time","10"
"10/18/2024","Primary","Service - Other","3"
"10/18/2024","Primary","Service - No Shows","13"
"10/18/2024","Primary","Driver","9"
"10/18/2024","Primary","Service - Late Pickup","7"
"10/18/2024","Other/Unidentified Provider","Driver","2"
"10/18/2024","Non-Transportation","Travel Services (Same Day)","6"
"10/18/2024","Non-Transportation","Travel Planning (Res)","5"
"10/18/2024","Non-Transportation","Scheduling","2"
"10/18/2024","Non-Transportation","Policy","12"
"10/18/2024","Non-Transportation","IT/Technology","2"
"10/18/2024","Non-Transportation","Eligibility","2"
"10/18/2024","Non-Transportation","Customer","8"
"10/18/2024","Supplemental","Service - Ride Time","2"
"10/18/2024","Supplemental","Service - No Shows","3"
"10/18/2024","Supplemental","Service - Late Pickup","2"
"10/18/2024","Supplemental","Driver","3"
"10/18/2024","Broker","Service - Ride Time","9"
"10/18/2024","Broker","Service - Other","3"
"10/17/2024","Broker","Service - Late Pickup","8"
"10/17/2024","Other/Unidentified Provider","Service - Other","1"
"10/17/2024","Other/Unidentified Provider","Driver","2"
"10/17/2024","Non-Transportation","Travel Services (Same Day)","14"
"10/17/2024","Non-Transportation","Travel Planning (Res)","10"
"10/17/2024","Non-Transportation","Scheduling","5"
"10/17/2024","Non-Transportation","Policy","10"
"10/17/2024","Non-Transportation","IT/Technology","7"
"10/17/2024","Non-Transportation","Eligibility","3"
"10/17/2024","Non-Transportation","Customer","9"
"10/17/2024","Supplemental","Service - Ride Time","1"
"10/17/2024","Supplemental","Service - No Shows","4"
"10/17/2024","Supplemental","Service - Late Pickup","1"
"10/17/2024","Supplemental","Driver","1"
"10/17/2024","Broker","Vehicles","3"
"10/17/2024","Broker","Service - Ride Time","17"
"10/17/2024","Broker","Service - Other","7"
"10/17/2024","Broker","Service - No Shows","23"
"10/17/2024","Broker","Driver","48"
"10/17/2024","Primary","Vehicles","1"
"10/17/2024","Primary","Service - Ride Time","7"
"10/17/2024","Primary","Service - No Shows","15"
"10/17/2024","Primary","Service - Late Pickup","8"
"10/17/2024","Primary","Driver","10"
"10/16/2024","Primary","Service - No Shows","14"
"10/16/2024","Other/Unidentified Provider","Vehicles","1"
"10/16/2024","Other/Unidentified Provider","Service - No Shows","2"
"10/16/2024","Other/Unidentified Provider","Driver","4"
"10/16/2024","Non-Transportation","Travel Services (Same Day)","4"
"10/16/2024","Non-Transportation","Travel Planning (Res)","8"
"10/16/2024","Non-Transportation","Scheduling","7"
"10/16/2024","Non-Transportation","Policy","17"
"10/16/2024","Non-Transportation","IT/Technology","14"
"10/16/2024","Non-Transportation","Eligibility","4"
"10/16/2024","Non-Transportation","Customer Relations","2"
"10/16/2024","Non-Transportation","Customer","11"
"10/16/2024","Primary","Driver","10"
"10/16/2024","E-Hail","Service - Late Pickup","1"
"10/16/2024","Supplemental","Service - Ride Time","1"
"10/16/2024","Supplemental","Service - Other","1"
"10/16/2024","Supplemental","Service - No Shows","1"
"10/16/2024","Supplemental","Service - Late Pickup","2"
"10/16/2024","Supplemental","Driver","6"
"10/16/2024","Broker","Vehicles","2"
"10/16/2024","Broker","Service - Ride Time","27"
"10/16/2024","Broker","Service - Other","6"
"10/16/2024","Primary","Service - Late Pickup","11"
"10/16/2024","Broker","Service - No Shows","37"
"10/16/2024","Broker","Service - Late Pickup","17"
"10/16/2024","Broker","Driver","57"
"10/16/2024","Primary","Service - Ride Time","13"
"10/16/2024","Primary","Service - Other","1"
"10/15/2024","Non-Transportation","Scheduling","5"
"10/15/2024","Other/Unidentified Provider","Service - Other","1"
"10/15/2024","Other/Unidentified Provider","Service - No Shows","3"
"10/15/2024","Other/Unidentified Provider","Driver","4"
"10/15/2024","Non-Transportation","Travel Services (Same Day)","7"
"10/15/2024","Non-Transportation","Travel Planning (Res)","10"
"10/15/2024","Non-Transportation","Policy","20"
"10/15/2024","Non-Transportation","IT/Technology","9"
"10/15/2024","Non-Transportation","Eligibility","3"
"10/15/2024","Non-Transportation","Customer","9"
"10/15/2024","Supplemental","Service - Ride Time","2"
"10/15/2024","Supplemental","Service - No Shows","5"
"10/15/2024","Supplemental","Service - Late Pickup","1"
"10/15/2024","Supplemental","Driver","4"
"10/15/2024","Broker","Service - Ride Time","17"
"10/15/2024","Broker","Service - Other","4"
"10/15/2024","Broker","Service - No Shows","32"
"10/15/2024","Broker","Service - Late Pickup","11"
"10/15/2024","Broker","Driver","52"
"10/15/2024","Primary","Vehicles","1"
"10/15/2024","Primary","Service - Ride Time","15"
"10/15/2024","Primary","Service - No Shows","13"
"10/15/2024","Primary","Service - Late Pickup","8"
"10/15/2024","Primary","Driver","6"
"10/14/2024","E-Hail","Service - No Shows","1"
"10/14/2024","Other/Unidentified Provider","Service - No Shows","2"
"10/14/2024","Other/Unidentified Provider","Driver","2"
"10/14/2024","Non-Transportation","Travel Services (Same Day)","1"
"10/14/2024","Non-Transportation","Travel Planning (Res)","6"
"10/14/2024","Non-Transportation","Scheduling","1"
"10/14/2024","Non-Transportation","Policy","10"
"10/14/2024","Non-Transportation","IT/Technology","10"
"10/14/2024","Non-Transportation","Eligibility","3"
"10/14/2024","Non-Transportation","Customer","4"
"10/14/2024","Supplemental","Service - Ride Time","2"
"10/14/2024","Supplemental","Service - No Shows","6"
"10/14/2024","Supplemental","Driver","5"
"10/14/2024","Broker","Service - Ride Time","8"
"10/14/2024","Broker","Service - Other","5"
"10/14/2024","Broker","Service - No Shows","20"
"10/14/2024","Broker","Service - Late Pickup","2"
"10/14/2024","Broker","Driver","36"
"10/14/2024","Primary","Service - Ride Time","8"
"10/14/2024","Primary","Service - No Shows","9"
"10/14/2024","Primary","Service - Late Pickup","2"
"10/14/2024","Primary","Driver","20"
"10/13/2024","Primary","Service - No Shows","1"
"10/13/2024","Primary","Service - Late Pickup","1"
"10/13/2024","Non-Transportation","Policy","2"
"10/13/2024","Non-Transportation","IT/Technology","1"
"10/13/2024","Broker","Service - Ride Time","1"
"10/13/2024","Broker","Service - Other","3"
"10/13/2024","Broker","Service - No Shows","2"
"10/13/2024","Broker","Driver","3"
"10/13/2024","Non-Transportation","Travel Services (Same Day)","1"
"10/13/2024","Primary","Service - Ride Time","1"
"10/12/2024","Broker","Service - No Shows","1"
"10/12/2024","Primary","Driver","2"
"10/12/2024","Non-Transportation","Travel Services (Same Day)","1"
"10/12/2024","Non-Transportation","Travel Planning (Res)","1"
"10/12/2024","Non-Transportation","Policy","2"
"10/12/2024","Non-Transportation","IT/Technology","1"
"10/12/2024","Non-Transportation","Eligibility","1"
"10/12/2024","Non-Transportation","Customer","1"
"10/12/2024","Broker","Vehicles","1"
"10/12/2024","Primary","Service - No Shows","1"
"10/11/2024","Broker","Vehicles","1"
"10/11/2024","Other/Unidentified Provider","Service - Ride Time","2"
"10/11/2024","Other/Unidentified Provider","Driver","2"
"10/11/2024","Non-Transportation","Travel Services (Same Day)","7"
"10/11/2024","Non-Transportation","Travel Planning (Res)","3"
"10/11/2024","Non-Transportation","Scheduling","2"
"10/11/2024","Non-Transportation","Policy","9"
"10/11/2024","Non-Transportation","IT/Technology","2"
"10/11/2024","Non-Transportation","Customer Relations","1"
"10/11/2024","Non-Transportation","Customer","9"
"10/11/2024","Supplemental","Service - No Shows","5"
"10/11/2024","Supplemental","Service - Late Pickup","2"
"10/11/2024","Supplemental","Driver","3"
"10/11/2024","Broker","Service - Ride Time","12"
"10/11/2024","Broker","Service - Other","4"
"10/11/2024","Broker","Service - No Shows","29"
"10/11/2024","Broker","Service - Late Pickup","14"
"10/11/2024","Broker","Driver","53"
"10/11/2024","Primary","Vehicles","1"
"10/11/2024","Primary","Service - Ride Time","10"
"10/11/2024","Primary","Service - No Shows","12"
"10/11/2024","Primary","Service - Late Pickup","11"
"10/11/2024","Primary","Driver","13"
"10/10/2024","Primary","Service - Late Pickup","15"
"10/10/2024","Other/Unidentified Provider","Driver","1"
"10/10/2024","Non-Transportation","Travel Services (Same Day)","5"
"10/10/2024","Non-Transportation","Travel Planning (Res)","10"
"10/10/2024","Non-Transportation","Scheduling","8"
"10/10/2024","Non-Transportation","Policy","15"
"10/10/2024","Non-Transportation","IT/Technology","1"
"10/10/2024","Non-Transportation","Eligibility","5"
"10/10/2024","Non-Transportation","Customer Relations","2"
"10/10/2024","Non-Transportation","Customer","9"
"10/10/2024","E-Hail","Driver","1"
"10/10/2024","Supplemental","Vehicles","1"
"10/10/2024","Supplemental","Service - Ride Time","2"
"10/10/2024","Supplemental","Service - No Shows","2"
"10/10/2024","Primary","Driver","13"
"10/10/2024","Supplemental","Driver","1"
"10/10/2024","Broker","Vehicles","1"
"10/10/2024","Broker","Service - Ride Time","18"
"10/10/2024","Broker","Service - Other","3"
"10/10/2024","Broker","Service - No Shows","21"
"10/10/2024","Broker","Service - Late Pickup","11"
"10/10/2024","Broker","Driver","43"
"10/10/2024","Primary","Service - Ride Time","10"
"10/10/2024","Primary","Service - No Shows","18"
"10/09/2024","Non-Transportation","Customer","18"
"10/09/2024","Other/Unidentified Provider","Service - Ride Time","1"
"10/09/2024","Other/Unidentified Provider","Service - Late Pickup","1"
"10/09/2024","Other/Unidentified Provider","Driver","2"
"10/09/2024","Non-Transportation","Travel Services (Same Day)","12"
"10/09/2024","Non-Transportation","Travel Planning (Res)","4"
"10/09/2024","Non-Transportation","Scheduling","5"
"10/09/2024","Non-Transportation","Policy","7"
"10/09/2024","Non-Transportation","IT/Technology","6"
"10/09/2024","Non-Transportation","Eligibility","2"
"10/09/2024","Non-Transportation","Customer Relations","2"
"10/09/2024","Supplemental","Service - No Shows","4"
"10/09/2024","Supplemental","Service - Late Pickup","1"
"10/09/2024","Supplemental","Driver","3"
"10/09/2024","Broker","Vehicles","2"
"10/09/2024","Broker","Service - Ride Time","24"
"10/09/2024","Broker","Service - Other","4"
"10/09/2024","Broker","Service - No Shows","23"
"10/09/2024","Broker","Service - Late Pickup","9"
"10/09/2024","Broker","Driver","50"
"10/09/2024","Primary","Service - Ride Time","7"
"10/09/2024","Primary","Service - No Shows","19"
"10/09/2024","Primary","Service - Late Pickup","15"
"10/09/2024","Primary","Driver","10"
"10/08/2024","Primary","Driver","9"
"10/08/2024","Other/Unidentified Provider","Service - No Shows","1"
"10/08/2024","Other/Unidentified Provider","Service - Late Pickup","2"
"10/08/2024","Other/Unidentified Provider","Driver","2"
"10/08/2024","Non-Transportation","Travel Services (Same Day)","12"
"10/08/2024","Non-Transportation","Travel Planning (Res)","13"
"10/08/2024","Non-Transportation","Scheduling","6"
"10/08/2024","Non-Transportation","Policy","23"
"10/08/2024","Non-Transportation","IT/Technology","8"
"10/08/2024","Non-Transportation","Eligibility","5"
"10/08/2024","Non-Transportation","Customer","9"
"10/08/2024","E-Hail","Service - Late Pickup","1"
"10/08/2024","Supplemental","Vehicles","1"
"10/08/2024","Supplemental","Service - Ride Time","1"
"10/08/2024","Supplemental","Service - No Shows","3"
"10/08/2024","Supplemental","Service - Late Pickup","1"
"10/08/2024","Supplemental","Driver","2"
"10/08/2024","Broker","Vehicles","3"
"10/08/2024","Broker","Service - Ride Time","18"
"10/08/2024","Broker","Service - Other","7"
"10/08/2024","Broker","Service - No Shows","30"
"10/08/2024","Broker","Service - Late Pickup","16"
"10/08/2024","Broker","Driver","34"
"10/08/2024","Primary","Vehicles","1"
"10/08/2024","Primary","Service - Ride Time","11"
"10/08/2024","Primary","Service - Other","1"
"10/08/2024","Primary","Service - No Shows","15"
"10/08/2024","Primary","Service - Late Pickup","18"
"10/07/2024","Non-Transportation","Travel Planning (Res)","6"
"10/07/2024","Other/Unidentified Provider","Service - Other","2"
"10/07/2024","Other/Unidentified Provider","Service - No Shows","1"
"10/07/2024","Other/Unidentified Provider","Driver","2"
"10/07/2024","Non-Transportation","Travel Services (Same Day)","10"
"10/07/2024","Non-Transportation","Scheduling","1"
"10/07/2024","Non-Transportation","Policy","20"
"10/07/2024","Non-Transportation","IT/Technology","2"
"10/07/2024","Non-Transportation","Eligibility","4"
"10/07/2024","Non-Transportation","Customer","8"
"10/07/2024","Supplemental","Service - No Shows","3"
"10/07/2024","Supplemental","Service - Late Pickup","2"
"10/07/2024","Supplemental","Driver","3"
"10/07/2024","Broker","Vehicles","3"
"10/07/2024","Broker","Service - Ride Time","17"
"10/07/2024","Broker","Service - Other","3"
"10/07/2024","Broker","Service - No Shows","33"
"10/07/2024","Broker","Service - Late Pickup","8"
"10/07/2024","Broker","Driver","41"
"10/07/2024","Primary","Service - Ride Time","9"
"10/07/2024","Primary","Service - No Shows","18"
"10/07/2024","Primary","Service - Late Pickup","5"
"10/07/2024","Primary","Driver","11"
"10/06/2024","Broker","Service - Ride Time","1"
"10/06/2024","Broker","Service - Other","1"
"10/06/2024","Broker","Service - No Shows","1"
"10/06/2024","Broker","Driver","3"
"10/06/2024","Primary","Service - Ride Time","1"
"10/06/2024","Primary","Service - No Shows","1"
"10/06/2024","Non-Transportation","Travel Services (Same Day)","1"
"10/06/2024","Non-Transportation","Travel Planning (Res)","1"
"10/06/2024","Non-Transportation","Policy","2"
"10/05/2024","Broker","Service - Late Pickup","2"
"10/05/2024","Primary","Service - Ride Time","2"
"10/05/2024","Primary","Service - Late Pickup","1"
"10/05/2024","Primary","Driver","1"
"10/05/2024","Non-Transportation","Travel Services (Same Day)","2"
"10/05/2024","Non-Transportation","Policy","1"
"10/05/2024","Broker","Service - No Shows","1"
"10/04/2024","Broker","Service - Ride Time","8"
"10/04/2024","Broker","Service - Other","5"
"10/04/2024","Broker","Service - No Shows","8"
"10/04/2024","Broker","Driver","35"
"10/04/2024","Broker","Service - Late Pickup","4"
"10/04/2024","Other/Unidentified Provider","Driver","2"
"10/04/2024","Primary","Service - Ride Time","5"
"10/04/2024","Primary","Service - No Shows","10"
"10/04/2024","Non-Transportation","Travel Services (Same Day)","5"
"10/04/2024","Non-Transportation","Travel Planning (Res)","4"
"10/04/2024","Non-Transportation","Scheduling","2"
"10/04/2024","Non-Transportation","Policy","9"
"10/04/2024","Primary","Driver","7"
"10/04/2024","Non-Transportation","IT/Technology","9"
"10/04/2024","Non-Transportation","Customer Relations","1"
"10/04/2024","Non-Transportation","Customer","13"
"10/04/2024","Supplemental","Service - Other","1"
"10/04/2024","Supplemental","Service - No Shows","6"
"10/04/2024","Supplemental","Driver","5"
"10/04/2024","Broker","Vehicles","2"
"10/03/2024","Supplemental","Service - Ride Time","1"
"10/03/2024","Other/Unidentified Provider","Service - Ride Time","1"
"10/03/2024","Other/Unidentified Provider","Driver","3"
"10/03/2024","Non-Transportation","Travel Services (Same Day)","2"
"10/03/2024","Non-Transportation","Travel Planning (Res)","4"
"10/03/2024","Non-Transportation","Scheduling","1"
"10/03/2024","Non-Transportation","Policy","14"
"10/03/2024","Non-Transportation","IT/Technology","3"
"10/03/2024","Non-Transportation","Eligibility","3"
"10/03/2024","Non-Transportation","Customer","3"
"10/03/2024","Supplemental","Service - No Shows","3"
"10/03/2024","Supplemental","Driver","2"
"10/03/2024","Broker","Vehicles","2"
"10/03/2024","Broker","Service - Ride Time","15"
"10/03/2024","Broker","Service - Other","7"
"10/03/2024","Broker","Service - No Shows","17"
"10/03/2024","Broker","Service - Late Pickup","8"
"10/03/2024","Broker","Driver","47"
"10/03/2024","Primary","Service - Ride Time","3"
"10/03/2024","Primary","Service - Other","2"
"10/03/2024","Primary","Service - No Shows","13"
"10/03/2024","Primary","Service - Late Pickup","8"
"10/03/2024","Primary","Driver","12"
"10/02/2024","Primary","Driver","14"
"10/02/2024","Other/Unidentified Provider","Service - Other","1"
"10/02/2024","Other/Unidentified Provider","Service - No Shows","2"
"10/02/2024","Other/Unidentified Provider","Driver","4"
"10/02/2024","Non-Transportation","Travel Services (Same Day)","8"
"10/02/2024","Non-Transportation","Travel Planning (Res)","10"
"10/02/2024","Non-Transportation","Scheduling","1"
"10/02/2024","Non-Transportation","Policy","16"
"10/02/2024","Non-Transportation","IT/Technology","3"
"10/02/2024","Non-Transportation","Eligibility","2"
"10/02/2024","Non-Transportation","Customer","15"
"10/02/2024","Supplemental","Service - Ride Time","2"
"10/02/2024","Supplemental","Service - Other","1"
"10/02/2024","Supplemental","Service - No Shows","5"
"10/02/2024","Supplemental","Service - Late Pickup","4"
"10/02/2024","Supplemental","Driver","1"
"10/02/2024","Broker","Vehicles","2"
"10/02/2024","Broker","Service - Ride Time","11"
"10/02/2024","Broker","Service - Other","3"
"10/02/2024","Broker","Service - No Shows","29"
"10/02/2024","Broker","Service - Late Pickup","13"
"10/02/2024","Broker","Driver","38"
"10/02/2024","Primary","Service - Ride Time","3"
"10/02/2024","Primary","Service - No Shows","18"
"10/02/2024","Primary","Service - Late Pickup","6"
"10/01/2024","Non-Transportation","Policy","16"
"10/01/2024","Other/Unidentified Provider","Service - Ride Time","1"
"10/01/2024","Other/Unidentified Provider","Service - No Shows","1"
"10/01/2024","Other/Unidentified Provider","Service - Late Pickup","1"
"10/01/2024","Non-Transportation","Travel Services (Same Day)","3"
"10/01/2024","Non-Transportation","Travel Planning (Res)","5"
"10/01/2024","Non-Transportation","Scheduling","2"
"10/01/2024","Non-Transportation","IT/Technology","8"
"10/01/2024","Non-Transportation","Eligibility","2"
"10/01/2024","Non-Transportation","Customer","11"
"10/01/2024","Supplemental","Service - Ride Time","1"
"10/01/2024","Supplemental","Service - No Shows","4"
"10/01/2024","Supplemental","Service - Late Pickup","1"
"10/01/2024","Supplemental","Driver","5"
"10/01/2024","Broker","Service - Ride Time","12"
"10/01/2024","Broker","Service - Other","4"
"10/01/2024","Broker","Service - No Shows","29"
"10/01/2024","Broker","Service - Late Pickup","12"
"10/01/2024","Broker","Driver","48"
"10/01/2024","Primary","Service - Ride Time","7"
"10/01/2024","Primary","Service - No Shows","20"
"10/01/2024","Primary","Service - Late Pickup","5"
"10/01/2024","Primary","Driver","5"
"09/30/2024","Primary","Service - Late Pickup","13"
"09/30/2024","Primary","Driver","11"
"09/30/2024","Non-Transportation","Travel Services (Same Day)","10"
"09/30/2024","Non-Transportation","Travel Planning (Res)","7"
"09/30/2024","Non-Transportation","Scheduling","1"
"09/30/2024","Non-Transportation","Policy","19"
"09/30/2024","Non-Transportation","IT/Technology","8"
"09/30/2024","Non-Transportation","Eligibility","2"
"09/30/2024","Non-Transportation","Customer Relations","1"
"09/30/2024","Non-Transportation","Customer","12"
"09/30/2024","Supplemental","Service - Ride Time","1"
"09/30/2024","Supplemental","Service - No Shows","1"
"09/30/2024","Supplemental","Service - Late Pickup","1"
"09/30/2024","Supplemental","Driver","5"
"09/30/2024","Broker","Vehicles","2"
"09/30/2024","Broker","Service - Ride Time","16"
"09/30/2024","Broker","Service - Other","2"
"09/30/2024","Broker","Service - No Shows","33"
"09/30/2024","Broker","Service - Late Pickup","12"
"09/30/2024","Broker","Driver","68"
"09/30/2024","Primary","Service - Ride Time","6"
"09/30/2024","Other/Unidentified Provider","Driver","1"
"09/30/2024","Primary","Service - No Shows","15"
"09/29/2024","Primary","Service - Ride Time","1"
"09/29/2024","Primary","Driver","1"
"09/29/2024","Other/Unidentified Provider","Service - No Shows","1"
"09/29/2024","Non-Transportation","Travel Services (Same Day)","1"
"09/29/2024","Non-Transportation","Policy","2"
"09/29/2024","Broker","Service - Other","1"
"09/29/2024","Broker","Driver","1"
"09/29/2024","Primary","Service - No Shows","1"
"09/28/2024","Broker","Service - No Shows","1"
"09/28/2024","Primary","Service - No Shows","1"
"09/28/2024","Other/Unidentified Provider","Driver","1"
"09/28/2024","Non-Transportation","IT/Technology","1"
"09/28/2024","Non-Transportation","Customer","1"
"09/28/2024","Broker","Service - Late Pickup","1"
"09/27/2024","E-Hail","Service - No Shows","1"
"09/27/2024","Non-Transportation","Travel Services (Same Day)","5"
"09/27/2024","Non-Transportation","Travel Planning (Res)","6"
"09/27/2024","Non-Transportation","Scheduling","3"
"09/27/2024","Non-Transportation","Policy","9"
"09/27/2024","Non-Transportation","IT/Technology","9"
"09/27/2024","Non-Transportation","Eligibility","2"
"09/27/2024","Non-Transportation","Customer Relations","1"
"09/27/2024","Non-Transportation","Customer","15"
"09/27/2024","Supplemental","Service - Ride Time","2"
"09/27/2024","Supplemental","Service - Other","1"
"09/27/2024","Supplemental","Service - No Shows","2"
"09/27/2024","Supplemental","Service - Late Pickup","1"
"09/27/2024","Supplemental","Driver","3"
"09/27/2024","Broker","Vehicles","1"
"09/27/2024","Broker","Service - Ride Time","21"
"09/27/2024","Broker","Service - Other","6"
"09/27/2024","Broker","Service - No Shows","30"
"09/27/2024","Broker","Service - Late Pickup","12"
"09/27/2024","Broker","Driver","33"
"09/27/2024","Primary","Service - Ride Time","5"
"09/27/2024","Primary","Service - No Shows","14"
"09/27/2024","Primary","Service - Late Pickup","8"
"09/27/2024","Primary","Driver","6"
"09/26/2024","Primary","Driver","14"
"09/26/2024","Other/Unidentified Provider","Driver","3"
"09/26/2024","Non-Transportation","Travel Services (Same Day)","4"
"09/26/2024","Non-Transportation","Travel Planning (Res)","11"
"09/26/2024","Non-Transportation","Scheduling","3"
"09/26/2024","Non-Transportation","Policy","17"
"09/26/2024","Non-Transportation","IT/Technology","5"
"09/26/2024","Non-Transportation","Eligibility","2"
"09/26/2024","Non-Transportation","Customer Relations","3"
"09/26/2024","Non-Transportation","Customer","14"
"09/26/2024","E-Hail","Driver","1"
"09/26/2024","Supplemental","Service - Ride Time","1"
"09/26/2024","Supplemental","Service - No Shows","4"
"09/26/2024","Supplemental","Service - Late Pickup","1"
"09/26/2024","Supplemental","Driver","2"
"09/26/2024","Broker","Vehicles","1"
"09/26/2024","Broker","Service - Ride Time","22"
"09/26/2024","Broker","Service - Other","5"
"09/26/2024","Broker","Service - No Shows","21"
"09/26/2024","Broker","Service - Late Pickup","15"
"09/26/2024","Broker","Driver","33"
"09/26/2024","Primary","Vehicles","3"
"09/26/2024","Primary","Service - Ride Time","12"
"09/26/2024","Primary","Service - No Shows","14"
"09/26/2024","Primary","Service - Late Pickup","19"
"09/25/2024","Primary","Service - Ride Time","8"
"09/25/2024","Other/Unidentified Provider","Service - Ride Time","1"
"09/25/2024","Other/Unidentified Provider","Service - Other","1"
"09/25/2024","Other/Unidentified Provider","Service - Late Pickup","1"
"09/25/2024","Other/Unidentified Provider","Driver","3"
"09/25/2024","Non-Transportation","Travel Services (Same Day)","10"
"09/25/2024","Non-Transportation","Travel Planning (Res)","8"
"09/25/2024","Non-Transportation","Scheduling","2"
"09/25/2024","Non-Transportation","Policy","15"
"09/25/2024","Non-Transportation","IT/Technology","9"
"09/25/2024","Non-Transportation","Eligibility","2"
"09/25/2024","Non-Transportation","Customer","6"
"09/25/2024","Supplemental","Service - Ride Time","2"
"09/25/2024","Supplemental","Service - No Shows","5"
"09/25/2024","Supplemental","Service - Late Pickup","1"
"09/25/2024","Supplemental","Driver","3"
"09/25/2024","Broker","Vehicles","2"
"09/25/2024","Broker","Service - Ride Time","17"
"09/25/2024","Broker","Service - Other","9"
"09/25/2024","Broker","Service - No Shows","32"
"09/25/2024","Broker","Service - Late Pickup","10"
"09/25/2024","Broker","Driver","51"
"09/25/2024","Primary","Vehicles","2"
"09/25/2024","Primary","Service - Other","2"
"09/25/2024","Primary","Service - No Shows","18"
"09/25/2024","Primary","Service - Late Pickup","9"
"09/25/2024","Primary","Driver","5"
"09/24/2024","Primary","Service - No Shows","12"
"09/24/2024","Other/Unidentified Provider","Service - Ride Time","1"
"09/24/2024","Other/Unidentified Provider","Service - Other","2"
"09/24/2024","Other/Unidentified Provider","Service - Late Pickup","1"
"09/24/2024","Other/Unidentified Provider","Driver","3"
"09/24/2024","Non-Transportation","Travel Services (Same Day)","10"
"09/24/2024","Non-Transportation","Travel Planning (Res)","6"
"09/24/2024","Non-Transportation","Scheduling","2"
"09/24/2024","Non-Transportation","Policy","11"
"09/24/2024","Non-Transportation","IT/Technology","7"
"09/24/2024","Non-Transportation","Eligibility","5"
"09/24/2024","Non-Transportation","Customer Relations","1"
"09/24/2024","Primary","Driver","7"
"09/24/2024","Non-Transportation","Customer","13"
"09/24/2024","E-Hail","Driver","1"
"09/24/2024","Supplemental","Service - Other","1"
"09/24/2024","Supplemental","Service - No Shows","3"
"09/24/2024","Supplemental","Driver","2"
"09/24/2024","Broker","Vehicles","1"
"09/24/2024","Broker","Service - Ride Time","14"
"09/24/2024","Broker","Service - Other","7"
"09/24/2024","Broker","Service - No Shows","31"
"09/24/2024","Broker","Service - Late Pickup","11"
"09/24/2024","Primary","Service - Late Pickup","8"
"09/24/2024","Broker","Driver","55"
"09/24/2024","Primary","Service - Ride Time","8"
"09/24/2024","Primary","Service - Other","2"
"09/23/2024","Primary","Vehicles","1"
"09/23/2024","Other/Unidentified Provider","Service - Other","1"
"09/23/2024","Other/Unidentified Provider","Service - No Shows","1"
"09/23/2024","Other/Unidentified Provider","Driver","1"
"09/23/2024","Non-Transportation","Travel Services (Same Day)","11"
"09/23/2024","Non-Transportation","Travel Planning (Res)","7"
"09/23/2024","Non-Transportation","Scheduling","4"
"09/23/2024","Non-Transportation","Policy","19"
"09/23/2024","Non-Transportation","IT/Technology","8"
"09/23/2024","Non-Transportation","Eligibility","5"
"09/23/2024","Non-Transportation","Customer","3"
"09/23/2024","E-Hail","Service - No Shows","1"
"09/23/2024","E-Hail","Driver","1"
"09/23/2024","Supplemental","Service - Ride Time","3"
"09/23/2024","Supplemental","Service - No Shows","12"
"09/23/2024","Supplemental","Service - Late Pickup","1"
"09/23/2024","Supplemental","Driver","4"
"09/23/2024","Broker","Vehicles","7"
"09/23/2024","Broker","Service - Ride Time","15"
"09/23/2024","Broker","Service - Other","7"
"09/23/2024","Broker","Service - No Shows","36"
"09/23/2024","Broker","Service - Late Pickup","11"
"09/23/2024","Broker","Driver","48"
"09/23/2024","Primary","Service - Ride Time","14"
"09/23/2024","Primary","Service - Other","2"
"09/23/2024","Primary","Service - No Shows","25"
"09/23/2024","Primary","Service - Late Pickup","14"
"09/23/2024","Primary","Driver","8"
"09/22/2024","Primary","Driver","1"
"09/22/2024","Non-Transportation","Scheduling","1"
"09/22/2024","Non-Transportation","Policy","1"
"09/22/2024","Broker","Service - Ride Time","1"
"09/22/2024","Broker","Driver","1"
"09/22/2024","Primary","Service - Ride Time","1"
"09/21/2024","Broker","Driver","4"
"09/21/2024","Broker","Service - Ride Time","3"
"09/21/2024","Primary","Driver","2"
"09/21/2024","Non-Transportation","Travel Services (Same Day)","1"
"09/21/2024","Non-Transportation","Travel Planning (Res)","1"
"09/21/2024","Non-Transportation","Policy","2"
"09/21/2024","Non-Transportation","IT/Technology","2"
"09/20/2024","Supplemental","Service - No Shows","3"
"09/20/2024","Supplemental","Service - Late Pickup","1"
"09/20/2024","Broker","Vehicles","2"
"09/20/2024","Broker","Service - Ride Time","15"
"09/20/2024","Broker","Service - Other","3"
"09/20/2024","Broker","Service - No Shows","14"
"09/20/2024","Broker","Service - Late Pickup","3"
"09/20/2024","Broker","Driver","38"
"09/20/2024","Primary","Vehicles","1"
"09/20/2024","Primary","Service - Ride Time","8"
"09/20/2024","Primary","Service - No Shows","12"
"09/20/2024","Primary","Driver","11"
"09/20/2024","Primary","Service - Late Pickup","11"
"09/20/2024","Other/Unidentified Provider","Service - No Shows","1"
"09/20/2024","Other/Unidentified Provider","Service - Late Pickup","1"
"09/20/2024","Other/Unidentified Provider","Driver","2"
"09/20/2024","Non-Transportation","Travel Services (Same Day)","4"
"09/20/2024","Non-Transportation","Travel Planning (Res)","6"
"09/20/2024","Non-Transportation","Scheduling","3"
"09/20/2024","Non-Transportation","Policy","8"
"09/20/2024","Non-Transportation","IT/Technology","4"
"09/20/2024","Non-Transportation","Eligibility","2"
"09/20/2024","Non-Transportation","Customer","12"
"09/20/2024","Supplemental","Service - Ride Time","2"
"09/20/2024","Supplemental","Service - Other","1"
"09/19/2024","Supplemental","Driver","3"
"09/19/2024","Non-Transportation","Travel Services (Same Day)","5"
"09/19/2024","Non-Transportation","Travel Planning (Res)","5"
"09/19/2024","Non-Transportation","Scheduling","2"
"09/19/2024","Non-Transportation","Policy","7"
"09/19/2024","Non-Transportation","IT/Technology","3"
"09/19/2024","Non-Transportation","Eligibility","2"
"09/19/2024","Non-Transportation","Customer","5"
"09/19/2024","E-Hail","Service - No Shows","1"
"09/19/2024","Supplemental","Vehicles","1"
"09/19/2024","Supplemental","Service - Ride Time","1"
"09/19/2024","Supplemental","Service - Other","1"
"09/19/2024","Supplemental","Service - No Shows","4"
"09/19/2024","Supplemental","Service - Late Pickup","1"
"09/19/2024","Broker","Vehicles","1"
"09/19/2024","Broker","Service - Ride Time","8"
"09/19/2024","Broker","Service - Other","8"
"09/19/2024","Broker","Service - No Shows","33"
"09/19/2024","Broker","Service - Late Pickup","15"
"09/19/2024","Broker","Driver","32"
"09/19/2024","Primary","Service - Ride Time","12"
"09/19/2024","Primary","Service - Other","2"
"09/19/2024","Primary","Service - No Shows","10"
"09/19/2024","Primary","Service - Late Pickup","8"
"09/19/2024","Primary","Driver","11"
"09/18/2024","Primary","Service - Late Pickup","6"
"09/18/2024","Non-Transportation","Travel Services (Same Day)","9"
"09/18/2024","Non-Transportation","Travel Planning (Res)","5"
"09/18/2024","Non-Transportation","Scheduling","3"
"09/18/2024","Non-Transportation","Policy","12"
"09/18/2024","Non-Transportation","IT/Technology","4"
"09/18/2024","Non-Transportation","Eligibility","3"
"09/18/2024","Non-Transportation","Customer Relations","1"
"09/18/2024","Non-Transportation","Customer","6"
"09/18/2024","E-Hail","Service - No Shows","1"
"09/18/2024","Supplemental","Service - Ride Time","1"
"09/18/2024","Primary","Driver","4"
"09/18/2024","Supplemental","Service - Other","1"
"09/18/2024","Supplemental","Service - No Shows","6"
"09/18/2024","Broker","Vehicles","3"
"09/18/2024","Broker","Service - Ride Time","15"
"09/18/2024","Broker","Service - Other","4"
"09/18/2024","Broker","Service - No Shows","22"
"09/18/2024","Broker","Service - Late Pickup","7"
"09/18/2024","Broker","Driver","51"
"09/18/2024","Primary","Service - Ride Time","11"
"09/18/2024","Primary","Service - No Shows","18"
"09/17/2024","Broker","Vehicles","3"
"09/17/2024","Other/Unidentified Provider","Service - Other","1"
"09/17/2024","Other/Unidentified Provider","Service - No Shows","1"
"09/17/2024","Other/Unidentified Provider","Driver","3"
"09/17/2024","Non-Transportation","Travel Services (Same Day)","6"
"09/17/2024","Non-Transportation","Travel Planning (Res)","10"
"09/17/2024","Non-Transportation","Scheduling","2"
"09/17/2024","Non-Transportation","Policy","13"
"09/17/2024","Non-Transportation","IT/Technology","7"
"09/17/2024","Non-Transportation","Eligibility","1"
"09/17/2024","Non-Transportation","Customer Relations","5"
"09/17/2024","Non-Transportation","Customer","5"
"09/17/2024","Supplemental","Vehicles","1"
"09/17/2024","Supplemental","Service - Ride Time","2"
"09/17/2024","Supplemental","Service - Other","2"
"09/17/2024","Supplemental","Service - No Shows","4"
"09/17/2024","Supplemental","Service - Late Pickup","1"
"09/17/2024","Supplemental","Driver","1"
"09/17/2024","Broker","Service - Ride Time","18"
"09/17/2024","Broker","Service - Other","7"
"09/17/2024","Broker","Service - No Shows","36"
"09/17/2024","Broker","Service - Late Pickup","9"
"09/17/2024","Broker","Driver","51"
"09/17/2024","Primary","Service - Ride Time","6"
"09/17/2024","Primary","Service - No Shows","20"
"09/17/2024","Primary","Service - Late Pickup","12"
"09/17/2024","Primary","Driver","9"
"09/16/2024","Non-Transportation","Customer","10"
"09/16/2024","Other/Unidentified Provider","Service - No Shows","2"
"09/16/2024","Other/Unidentified Provider","Service - Late Pickup","1"
"09/16/2024","Other/Unidentified Provider","Driver","4"
"09/16/2024","Non-Transportation","Travel Services (Same Day)","10"
"09/16/2024","Non-Transportation","Travel Planning (Res)","7"
"09/16/2024","Non-Transportation","Scheduling","5"
"09/16/2024","Non-Transportation","Policy","14"
"09/16/2024","Non-Transportation","IT/Technology","6"
"09/16/2024","Non-Transportation","Eligibility","2"
"09/16/2024","E-Hail","Vehicles","1"
"09/16/2024","Supplemental","Service - Ride Time","2"
"09/16/2024","Supplemental","Service - No Shows","11"
"09/16/2024","Supplemental","Driver","2"
"09/16/2024","Broker","Service - Ride Time","18"
"09/16/2024","Broker","Service - Other","8"
"09/16/2024","Broker","Service - No Shows","35"
"09/16/2024","Broker","Service - Late Pickup","16"
"09/16/2024","Broker","Driver","54"
"09/16/2024","Primary","Vehicles","3"
"09/16/2024","Primary","Service - Ride Time","11"
"09/16/2024","Primary","Service - Other","1"
"09/16/2024","Primary","Service - No Shows","22"
"09/16/2024","Primary","Service - Late Pickup","7"
"09/16/2024","Primary","Driver","15"
"09/15/2024","Primary","Service - No Shows","1"
"09/15/2024","Primary","Service - Late Pickup","2"
"09/15/2024","Non-Transportation","Travel Planning (Res)","2"
"09/15/2024","Non-Transportation","Travel Services (Same Day)","3"
"09/15/2024","Non-Transportation","Scheduling","1"
"09/15/2024","Non-Transportation","Policy","1"
"09/15/2024","Supplemental","Service - Late Pickup","1"
"09/15/2024","Broker","Service - Ride Time","1"
"09/15/2024","Broker","Service - Other","1"
"09/15/2024","Broker","Service - No Shows","1"
"09/15/2024","Broker","Driver","2"
"09/14/2024","Broker","Service - Late Pickup","1"
"09/14/2024","Primary","Service - No Shows","1"
"09/14/2024","Other/Unidentified Provider",,"1"
"09/14/2024","Non-Transportation","Policy","2"
"09/14/2024","Broker","Service - Other","3"
"09/14/2024","Broker","Service - No Shows","2"
"09/14/2024","Broker","Driver","6"
"09/13/2024","Supplemental","Driver","1"
"09/13/2024","Other/Unidentified Provider","Service - No Shows","1"
"09/13/2024","Other/Unidentified Provider","Service - Late Pickup","1"
"09/13/2024","Other/Unidentified Provider","Driver","1"
"09/13/2024","Non-Transportation","Travel Services (Same Day)","5"
"09/13/2024","Non-Transportation","Travel Planning (Res)","7"
"09/13/2024","Non-Transportation","Scheduling","3"
"09/13/2024","Non-Transportation","Policy","12"
"09/13/2024","Non-Transportation","IT/Technology","2"
"09/13/2024","Non-Transportation","Eligibility","3"
"09/13/2024","Non-Transportation","Customer Relations","1"
"09/13/2024","Non-Transportation","Customer","5"
"09/13/2024","E-Hail","Service - No Shows","1"
"09/13/2024","Supplemental","Service - Ride Time","2"
"09/13/2024","Supplemental","Service - No Shows","4"
"09/13/2024","Broker","Vehicles","3"
"09/13/2024","Broker","Service - Ride Time","19"
"09/13/2024","Broker","Service - Other","4"
"09/13/2024","Broker","Service - No Shows","36"
"09/13/2024","Broker","Service - Late Pickup","3"
"09/13/2024","Broker","Driver","43"
"09/13/2024","Primary","Service - Ride Time","9"
"09/13/2024","Primary","Service - Other","1"
"09/13/2024","Primary","Service - No Shows","18"
"09/13/2024","Primary","Service - Late Pickup","8"
"09/13/2024","Primary","Driver","12"
"09/12/2024","Primary","Service - Ride Time","9"
"09/12/2024","Other/Unidentified Provider","Service - No Shows","1"
"09/12/2024","Other/Unidentified Provider","Driver","3"
"09/12/2024","Non-Transportation","Travel Services (Same Day)","2"
"09/12/2024","Non-Transportation","Travel Planning (Res)","11"
"09/12/2024","Non-Transportation","Scheduling","2"
"09/12/2024","Non-Transportation","Policy","22"
"09/12/2024","Non-Transportation","IT/Technology","3"
"09/12/2024","Non-Transportation","Eligibility","4"
"09/12/2024","Non-Transportation","Customer Relations","1"
"09/12/2024","Non-Transportation","Customer","5"
"09/12/2024","Supplemental","Service - Ride Time","1"
"09/12/2024","Supplemental","Service - Other","1"
"09/12/2024","Supplemental","Service - No Shows","4"
"09/12/2024","Supplemental","Service - Late Pickup","2"
"09/12/2024","Primary","Service - No Shows","24"
"09/12/2024","Supplemental","Driver","4"
"09/12/2024","Broker","Vehicles","1"
"09/12/2024","Primary","Service - Late Pickup","14"
"09/12/2024","Broker","Service - Ride Time","17"
"09/12/2024","Broker","Service - Other","5"
"09/12/2024","Broker","Service - No Shows","33"
"09/12/2024","Broker","Service - Late Pickup","11"
"09/12/2024","Primary","Driver","13"
"09/12/2024","Broker","Driver","47"
"09/12/2024","Primary","Vehicles","1"
"09/11/2024","Supplemental","Driver","3"
"09/11/2024","Other/Unidentified Provider","Driver","4"
"09/11/2024","Non-Transportation","Travel Services (Same Day)","9"
"09/11/2024","Non-Transportation","Travel Planning (Res)","8"
"09/11/2024","Non-Transportation","Scheduling","6"
"09/11/2024","Non-Transportation","Policy","12"
"09/11/2024","Non-Transportation","IT/Technology","6"
"09/11/2024","Non-Transportation","Customer Relations","1"
"09/11/2024","Non-Transportation","Customer","12"
"09/11/2024","Supplemental","Service - No Shows","6"
"09/11/2024","Supplemental","Service - Late Pickup","2"
"09/11/2024","Broker","Vehicles","1"
"09/11/2024","Broker","Service - Ride Time","18"
"09/11/2024","Broker","Service - Other","7"
"09/11/2024","Broker","Service - No Shows","26"
"09/11/2024","Broker","Service - Late Pickup","14"
"09/11/2024","Broker","Driver","44"
"09/11/2024","Primary","Service - Ride Time","17"
"09/11/2024","Primary","Service - Other","1"
"09/11/2024","Primary","Service - No Shows","27"
"09/11/2024","Primary","Service - Late Pickup","13"
"09/11/2024","Primary","Driver","19"
"09/10/2024","Primary","Driver","10"
"09/10/2024","Other/Unidentified Provider","Driver","4"
"09/10/2024","Non-Transportation","Travel Services (Same Day)","13"
"09/10/2024","Non-Transportation","Travel Planning (Res)","9"
"09/10/2024","Non-Transportation","Policy","12"
"09/10/2024","Non-Transportation","IT/Technology","11"
"09/10/2024","Non-Transportation","Eligibility","6"
"09/10/2024","Non-Transportation","Customer","13"
"09/10/2024","E-Hail","Driver","1"
"09/10/2024","Supplemental","Vehicles","1"
"09/10/2024","Supplemental","Service - Ride Time","2"
"09/10/2024","Supplemental","Service - Other","1"
"09/10/2024","Supplemental","Service - No Shows","9"
"09/10/2024","Supplemental","Service - Late Pickup","1"
"09/10/2024","Supplemental","Driver","1"
"09/10/2024","Broker","Vehicles","2"
"09/10/2024","Broker","Service - Ride Time","20"
"09/10/2024","Broker","Service - Other","7"
"09/10/2024","Broker","Service - No Shows","29"
"09/10/2024","Broker","Service - Late Pickup","9"
"09/10/2024","Broker","Driver","34"
"09/10/2024","Primary","Service - Ride Time","11"
"09/10/2024","Primary","Service - Other","1"
"09/10/2024","Primary","Service - No Shows","32"
"09/10/2024","Primary","Service - Late Pickup","20"
"09/09/2024","Non-Transportation","Customer Relations","1"
"09/09/2024","Other/Unidentified Provider","Driver","3"
"09/09/2024","Non-Transportation","Travel Services (Same Day)","8"
"09/09/2024","Non-Transportation","Travel Planning (Res)","9"
"09/09/2024","Non-Transportation","Scheduling","1"
"09/09/2024","Non-Transportation","Policy","14"
"09/09/2024","Non-Transportation","IT/Technology","5"
"09/09/2024","Non-Transportation","Eligibility","1"
"09/09/2024","Non-Transportation","Customer","8"
"09/09/2024","E-Hail","Driver","1"
"09/09/2024","Supplemental","Service - Ride Time","2"
"09/09/2024","Supplemental","Service - No Shows","4"
"09/09/2024","Supplemental","Service - Late Pickup","2"
"09/09/2024","Broker","Vehicles","3"
"09/09/2024","Broker","Service - Ride Time","17"
"09/09/2024","Broker","Service - Other","8"
"09/09/2024","Broker","Service - No Shows","30"
"09/09/2024","Broker","Service - Late Pickup","11"
"09/09/2024","Broker","Driver","49"
"09/09/2024","Primary","Vehicles","1"
"09/09/2024","Primary","Service - Ride Time","7"
"09/09/2024","Primary","Service - Other","1"
"09/09/2024","Primary","Service - No Shows","29"
"09/09/2024","Primary","Service - Late Pickup","12"
"09/09/2024","Primary","Driver","10"
"09/08/2024","Primary","Driver","1"
"09/08/2024","Non-Transportation","Travel Services (Same Day)","1"
"09/08/2024","Non-Transportation","Policy","2"
"09/08/2024","Non-Transportation","IT/Technology","1"
"09/08/2024","Supplemental","Service - Late Pickup","1"
"09/08/2024","Supplemental","Driver","2"
"09/08/2024","Broker","Driver","1"
"09/07/2024","Non-Transportation","Travel Planning (Res)","1"
"09/07/2024","Non-Transportation","Policy","1"
"09/07/2024","Non-Transportation","IT/Technology","1"
"09/07/2024","Supplemental","Service - No Shows","1"
"09/07/2024","Broker","Service - No Shows","3"
"09/07/2024","Broker","Driver","1"
"09/07/2024","Primary","Driver","2"
"09/06/2024","Supplemental","Driver","1"
"09/06/2024","Broker","Service - Ride Time","13"
"09/06/2024","Broker","Service - Other","5"
"09/06/2024","Broker","Service - No Shows","18"
"09/06/2024","Broker","Service - Late Pickup","6"
"09/06/2024","Broker","Driver","41"
"09/06/2024","Primary","Service - Ride Time","4"
"09/06/2024","Primary","Service - Late Pickup","8"
"09/06/2024","Primary","Service - No Shows","23"
"09/06/2024","Other/Unidentified Provider","Driver","2"
"09/06/2024","Non-Transportation","Travel Services (Same Day)","8"
"09/06/2024","Non-Transportation","Travel Planning (Res)","10"
"09/06/2024","Non-Transportation","Scheduling","2"
"09/06/2024","Primary","Driver","14"
"09/06/2024","Non-Transportation","Policy","14"
"09/06/2024","Non-Transportation","IT/Technology","7"
"09/06/2024","Non-Transportation","Eligibility","5"
"09/06/2024","Non-Transportation","Customer","11"
"09/06/2024","Supplemental","Service - Ride Time","1"
"09/06/2024","Supplemental","Service - Other","1"
"09/06/2024","Supplemental","Service - No Shows","3"
"09/06/2024","Supplemental","Service - Late Pickup","1"
"09/05/2024","Non-Transportation","Customer Relations","2"
"09/05/2024","Other/Unidentified Provider","Service - Other","1"
"09/05/2024","Other/Unidentified Provider","Driver","2"
"09/05/2024","Non-Transportation","Travel Services (Same Day)","9"
"09/05/2024","Non-Transportation","Travel Planning (Res)","7"
"09/05/2024","Non-Transportation","Scheduling","6"
"09/05/2024","Non-Transportation","Policy","10"
"09/05/2024","Non-Transportation","IT/Technology","5"
"09/05/2024","Non-Transportation","Eligibility","4"
"09/05/2024","Non-Transportation","Customer","10"
"09/05/2024","Supplemental","Service - No Shows","3"
"09/05/2024","Supplemental","Service - Late Pickup","4"
"09/05/2024","Supplemental","Driver","4"
"09/05/2024","Broker","Vehicles","4"
"09/05/2024","Broker","Service - Ride Time","12"
"09/05/2024","Broker","Service - Other","3"
"09/05/2024","Broker","Service - No Shows","26"
"09/05/2024","Broker","Service - Late Pickup","11"
"09/05/2024","Broker","Driver","43"
"09/05/2024","Primary","Vehicles","2"
"09/05/2024","Primary","Service - Ride Time","7"
"09/05/2024","Primary","Service - No Shows","13"
"09/05/2024","Primary","Service - Late Pickup","9"
"09/05/2024","Primary","Driver","8"
"09/04/2024","Primary","Driver","10"
"09/04/2024","Other/Unidentified Provider","Service - No Shows","2"
"09/04/2024","Non-Transportation","Travel Services (Same Day)","4"
"09/04/2024","Non-Transportation","Travel Planning (Res)","6"
"09/04/2024","Non-Transportation","Scheduling","1"
"09/04/2024","Non-Transportation","Policy","17"
"09/04/2024","Non-Transportation","IT/Technology","7"
"09/04/2024","Non-Transportation","Eligibility","1"
"09/04/2024","Non-Transportation","Customer","5"
"09/04/2024","E-Hail","Driver","1"
"09/04/2024","Supplemental","Service - No Shows","1"
"09/04/2024","Supplemental","Driver","2"
"09/04/2024","Broker","Vehicles","2"
"09/04/2024","Broker","Service - Ride Time","9"
"09/04/2024","Broker","Service - Other","5"
"09/04/2024","Broker","Service - No Shows","25"
"09/04/2024","Broker","Service - Late Pickup","9"
"09/04/2024","Broker","Driver","40"
"09/04/2024","Primary","Vehicles","2"
"09/04/2024","Primary","Service - Ride Time","7"
"09/04/2024","Primary","Service - Other","1"
"09/04/2024","Primary","Service - No Shows","12"
"09/04/2024","Primary","Service - Late Pickup","4"
"09/03/2024","Non-Transportation","Policy","11"
"09/03/2024","Other/Unidentified Provider","Service - Other","1"
"09/03/2024","Other/Unidentified Provider","Service - No Shows","2"
"09/03/2024","Other/Unidentified Provider","Driver","2"
"09/03/2024","Non-Transportation","Travel Services (Same Day)","7"
"09/03/2024","Non-Transportation","Travel Planning (Res)","4"
"09/03/2024","Non-Transportation","Scheduling","2"
"09/03/2024","Non-Transportation","IT/Technology","6"
"09/03/2024","Non-Transportation","Eligibility","3"
"09/03/2024","Non-Transportation","Customer","9"
"09/03/2024","Supplemental","Service - No Shows","3"
"09/03/2024","Supplemental","Service - Late Pickup","1"
"09/03/2024","Supplemental","Driver","3"
"09/03/2024","Broker","Vehicles","1"
"09/03/2024","Broker","Service - Ride Time","12"
"09/03/2024","Broker","Service - Other","5"
"09/03/2024","Broker","Service - No Shows","38"
"09/03/2024","Broker","Service - Late Pickup","9"
"09/03/2024","Broker","Driver","54"
"09/03/2024","Primary","Service - Ride Time","8"
"09/03/2024","Primary","Service - Other","1"
"09/03/2024","Primary","Service - No Shows","10"
"09/03/2024","Primary","Service - Late Pickup","5"
"09/03/2024","Primary","Driver","5"
"09/02/2024","Non-Transportation","Travel Services (Same Day)","1"
"09/02/2024","Supplemental","Service - No Shows","1"
"09/02/2024","Broker","Service - No Shows","1"
"09/02/2024","Broker","Driver","3"
"09/01/2024","Broker","Driver","2"
"08/31/2024","Non-Transportation","IT/Technology","1"
"08/31/2024","Broker","Service - No Shows","2"
"08/31/2024","Supplemental","Service - Other","1"
"08/31/2024","Broker","Service - Late Pickup","1"
"08/31/2024","Broker","Driver","3"
"08/31/2024","Non-Transportation","Travel Planning (Res)","1"
"08/31/2024","Non-Transportation","Policy","2"
"08/30/2024","Supplemental","Service - No Shows","1"
"08/30/2024","Supplemental","Driver","1"
"08/30/2024","Broker","Vehicles","1"
"08/30/2024","Broker","Service - Ride Time","9"
"08/30/2024","Broker","Service - Other","1"
"08/30/2024","Broker","Service - No Shows","14"
"08/30/2024","Broker","Service - Late Pickup","2"
"08/30/2024","Broker","Driver","37"
"08/30/2024","Primary","Vehicles","1"
"08/30/2024","Primary","Service - No Shows","6"
"08/30/2024","Primary","Service - Ride Time","4"
"08/30/2024","Other/Unidentified Provider","Driver","2"
"08/30/2024","Non-Transportation","Travel Services (Same Day)","9"
"08/30/2024","Non-Transportation","Travel Planning (Res)","5"
"08/30/2024","Non-Transportation","Scheduling","1"
"08/30/2024","Primary","Service - Late Pickup","2"
"08/30/2024","Non-Transportation","Policy","8"
"08/30/2024","Non-Transportation","IT/Technology","2"
"08/30/2024","Primary","Driver","7"
"08/30/2024","Non-Transportation","Eligibility","3"
"08/30/2024","Non-Transportation","Customer Relations","1"
"08/30/2024","Non-Transportation","Customer","4"
"08/29/2024","Primary","Service - Ride Time","5"
"08/29/2024","Other/Unidentified Provider","Service - No Shows","1"
"08/29/2024","Other/Unidentified Provider","Driver","3"
"08/29/2024","Non-Transportation","Travel Services (Same Day)","4"
"08/29/2024","Non-Transportation","Travel Planning (Res)","10"
"08/29/2024","Non-Transportation","Scheduling","1"
"08/29/2024","Non-Transportation","Policy","16"
"08/29/2024","Non-Transportation","IT/Technology","3"
"08/29/2024","Non-Transportation","Eligibility","3"
"08/29/2024","Non-Transportation","Customer","8"
"08/29/2024","E-Hail","Driver","1"
"08/29/2024","Supplemental","Service - Ride Time","2"
"08/29/2024","Supplemental","Service - No Shows","2"
"08/29/2024","Supplemental","Driver","6"
"08/29/2024","Broker","Vehicles","4"
"08/29/2024","Broker","Service - Ride Time","5"
"08/29/2024","Broker","Service - Other","2"
"08/29/2024","Broker","Service - No Shows","21"
"08/29/2024","Broker","Service - Late Pickup","3"
"08/29/2024","Broker","Driver","33"
"08/29/2024","Primary","Vehicles","1"
"08/29/2024","Primary","Service - No Shows","8"
"08/29/2024","Primary","Service - Late Pickup","1"
"08/29/2024","Primary","Driver","6"
"08/28/2024","Primary","Driver","13"
"08/28/2024","Other/Unidentified Provider","Driver","2"
"08/28/2024","Non-Transportation","Travel Services (Same Day)","7"
"08/28/2024","Non-Transportation","Travel Planning (Res)","4"
"08/28/2024","Non-Transportation","Scheduling","1"
"08/28/2024","Non-Transportation","Policy","11"
"08/28/2024","Non-Transportation","Other","1"
"08/28/2024","Non-Transportation","IT/Technology","1"
"08/28/2024","Non-Transportation","Eligibility","4"
"08/28/2024","Non-Transportation","Customer","10"
"08/28/2024","Supplemental","Service - Ride Time","2"
"08/28/2024","Supplemental","Service - Other","1"
"08/28/2024","Supplemental","Service - No Shows","2"
"08/28/2024","Supplemental","Service - Late Pickup","2"
"08/28/2024","Supplemental","Driver","6"
"08/28/2024","Broker","Vehicles","5"
"08/28/2024","Broker","Service - Ride Time","10"
"08/28/2024","Broker","Service - Other","2"
"08/28/2024","Broker","Service - No Shows","15"
"08/28/2024","Broker","Service - Late Pickup","6"
"08/28/2024","Broker","Driver","47"
"08/28/2024","Primary","Vehicles","3"
"08/28/2024","Primary","Service - Ride Time","7"
"08/28/2024","Primary","Service - Other","1"
"08/28/2024","Primary","Service - No Shows","11"
"08/28/2024","Primary","Service - Late Pickup","2"
"08/27/2024","Non-Transportation","IT/Technology","8"
"08/27/2024","Other/Unidentified Provider","Service - No Shows","1"
"08/27/2024","Other/Unidentified Provider","Driver","2"
"08/27/2024","Non-Transportation","Travel Services (Same Day)","5"
"08/27/2024","Non-Transportation","Travel Planning (Res)","8"
"08/27/2024","Non-Transportation","Scheduling","1"
"08/27/2024","Non-Transportation","Policy","8"
"08/27/2024","Non-Transportation","Eligibility","2"
"08/27/2024","Non-Transportation","Customer","6"
"08/27/2024","Supplemental","Service - No Shows","2"
"08/27/2024","Supplemental","Driver","1"
"08/27/2024","Broker","Vehicles","2"
"08/27/2024","Broker","Service - Ride Time","11"
"08/27/2024","Broker","Service - Other","8"
"08/27/2024","Broker","Service - No Shows","28"
"08/27/2024","Broker","Service - Late Pickup","7"
"08/27/2024","Broker","Driver","32"
"08/27/2024","Primary","Vehicles","1"
"08/27/2024","Primary","Service - Ride Time","11"
"08/27/2024","Primary","Service - Other","1"
"08/27/2024","Primary","Service - No Shows","12"
"08/27/2024","Primary","Service - Late Pickup","4"
"08/27/2024","Primary","Driver","7"
"08/26/2024","Primary","Service - Late Pickup","2"
"08/26/2024","Primary","Driver","11"
"08/26/2024","Other/Unidentified Provider","Service - No Shows","1"
"08/26/2024","Non-Transportation","Travel Services (Same Day)","8"
"08/26/2024","Non-Transportation","Travel Planning (Res)","9"
"08/26/2024","Non-Transportation","Scheduling","3"
"08/26/2024","Non-Transportation","Policy","25"
"08/26/2024","Non-Transportation","IT/Technology","5"
"08/26/2024","Non-Transportation","Eligibility","3"
"08/26/2024","Non-Transportation","Customer","7"
"08/26/2024","Supplemental","Service - Ride Time","1"
"08/26/2024","Supplemental","Service - No Shows","2"
"08/26/2024","Supplemental","Driver","5"
"08/26/2024","Broker","Vehicles","1"
"08/26/2024","Broker","Service - Ride Time","6"
"08/26/2024","Broker","Service - Other","1"
"08/26/2024","Broker","Service - No Shows","29"
"08/26/2024","Broker","Service - Late Pickup","6"
"08/26/2024","Broker","Driver","39"
"08/26/2024","Primary","Vehicles","1"
"08/26/2024","Primary","Service - Ride Time","3"
"08/26/2024","Primary","Service - No Shows","18"
"08/26/2024","Other/Unidentified Provider","Vehicles","1"
"08/25/2024","Primary","Service - Ride Time","2"
"08/25/2024","Primary","Driver","2"
"08/25/2024","Non-Transportation","Travel Services (Same Day)","2"
"08/25/2024","Non-Transportation","Travel Planning (Res)","1"
"08/25/2024","Non-Transportation","Policy","2"
"08/25/2024","Broker","Service - Other","1"
"08/25/2024","Broker","Service - No Shows","2"
"08/25/2024","Broker","Driver","2"
"08/25/2024","Primary","Service - No Shows","1"
"08/24/2024","Broker","Driver","3"
"08/24/2024","Primary","Driver","1"
"08/24/2024","Non-Transportation","Scheduling","1"
"08/24/2024","Non-Transportation","Policy","4"
"08/24/2024","Non-Transportation","IT/Technology","1"
"08/24/2024","Primary","Service - Ride Time","1"
"08/23/2024","Broker","Driver","29"
"08/23/2024","Other/Unidentified Provider","Driver","1"
"08/23/2024","Non-Transportation","Travel Services (Same Day)","4"
"08/23/2024","Non-Transportation","Travel Planning (Res)","11"
"08/23/2024","Non-Transportation","Scheduling","2"
"08/23/2024","Non-Transportation","Policy","12"
"08/23/2024","Non-Transportation","IT/Technology","3"
"08/23/2024","Non-Transportation","Eligibility","2"
"08/23/2024","Non-Transportation","Customer","4"
"08/23/2024","Supplemental","Service - No Shows","1"
"08/23/2024","Supplemental","Service - Late Pickup","1"
"08/23/2024","Supplemental","Driver","2"
"08/23/2024","Broker","Vehicles","2"
"08/23/2024","Broker","Service - Ride Time","10"
"08/23/2024","Broker","Service - Other","2"
"08/23/2024","Broker","Service - No Shows","11"
"08/23/2024","Broker","Service - Late Pickup","5"
"08/23/2024","Primary","Service - Ride Time","5"
"08/23/2024","Primary","Service - No Shows","14"
"08/23/2024","Primary","Service - Late Pickup","1"
"08/23/2024","Primary","Driver","8"
"08/22/2024","Non-Transportation","Travel Planning (Res)","6"
"08/22/2024","Non-Transportation","Policy","6"
"08/22/2024","Non-Transportation","IT/Technology","2"
"08/22/2024","Non-Transportation","Eligibility","2"
"08/22/2024","Non-Transportation","Customer","9"
"08/22/2024","Supplemental","Service - No Shows","2"
"08/22/2024","Supplemental","Service - Late Pickup","1"
"08/22/2024","Supplemental","Driver","1"
"08/22/2024","Broker","Vehicles","2"
"08/22/2024","Broker","Service - Ride Time","11"
"08/22/2024","Broker","Service - Other","6"
"08/22/2024","Broker","Service - No Shows","22"
"08/22/2024","Broker","Service - Late Pickup","4"
"08/22/2024","Broker","Driver","30"
"08/22/2024","Primary","Service - Ride Time","2"
"08/22/2024","Primary","Service - No Shows","13"
"08/22/2024","Primary","Service - Late Pickup","2"
"08/22/2024","Primary","Driver","5"
"08/22/2024","Other/Unidentified Provider","Driver","1"
"08/22/2024","Non-Transportation","Travel Services (Same Day)","1"
"08/21/2024","Primary","Service - Ride Time","6"
"08/21/2024","Primary","Service - No Shows","12"
"08/21/2024","Primary","Driver","11"
"08/21/2024","Primary","Service - Late Pickup","2"
"08/21/2024","Other/Unidentified Provider","Vehicles","1"
"08/21/2024","Other/Unidentified Provider","Service - No Shows","1"
"08/21/2024","Other/Unidentified Provider","Driver","1"
"08/21/2024","Non-Transportation","Travel Services (Same Day)","6"
"08/21/2024","Non-Transportation","Travel Planning (Res)","5"
"08/21/2024","Non-Transportation","Scheduling","1"
"08/21/2024","Non-Transportation","Policy","17"
"08/21/2024","Non-Transportation","IT/Technology","5"
"08/21/2024","Non-Transportation","Eligibility","5"
"08/21/2024","Non-Transportation","Customer","6"
"08/21/2024","Supplemental","Service - No Shows","1"
"08/21/2024","Supplemental","Driver","2"
"08/21/2024","Broker","Vehicles","1"
"08/21/2024","Broker","Service - Ride Time","10"
"08/21/2024","Broker","Service - Other","3"
"08/21/2024","Broker","Service - No Shows","18"
"08/21/2024","Broker","Service - Late Pickup","11"
"08/21/2024","Broker","Driver","41"
"08/21/2024","Primary","Vehicles","1"
"08/20/2024","Broker","Service - Late Pickup","4"
"08/20/2024","Other/Unidentified Provider","Driver","1"
"08/20/2024","Non-Transportation","Travel Services (Same Day)","5"
"08/20/2024","Non-Transportation","Travel Planning (Res)","4"
"08/20/2024","Non-Transportation","Scheduling","2"
"08/20/2024","Non-Transportation","Policy","14"
"08/20/2024","Non-Transportation","IT/Technology","4"
"08/20/2024","Non-Transportation","Eligibility","2"
"08/20/2024","Non-Transportation","Customer Relations","2"
"08/20/2024","Non-Transportation","Customer","12"
"08/20/2024","E-Hail","Driver","1"
"08/20/2024","Supplemental","Vehicles","1"
"08/20/2024","Supplemental","Service - Ride Time","1"
"08/20/2024","Supplemental","Service - No Shows","3"
"08/20/2024","Supplemental","Service - Late Pickup","1"
"08/20/2024","Broker","Vehicles","4"
"08/20/2024","Broker","Service - Ride Time","9"
"08/20/2024","Broker","Service - Other","4"
"08/20/2024","Broker","Service - No Shows","23"
"08/20/2024","Broker","Driver","36"
"08/20/2024","Primary","Vehicles","2"
"08/20/2024","Primary","Service - Ride Time","3"
"08/20/2024","Primary","Service - Other","1"
"08/20/2024","Primary","Service - No Shows","21"
"08/20/2024","Primary","Service - Late Pickup","2"
"08/20/2024","Primary","Driver","15"
"08/19/2024","Primary","Service - Late Pickup","3"
"08/19/2024","Other/Unidentified Provider","Service - Other","1"
"08/19/2024","Other/Unidentified Provider","Service - No Shows","1"
"08/19/2024","Other/Unidentified Provider","Service - Late Pickup","1"
"08/19/2024","Other/Unidentified Provider","Driver","5"
"08/19/2024","Non-Transportation","Travel Services (Same Day)","5"
"08/19/2024","Non-Transportation","Travel Planning (Res)","5"
"08/19/2024","Non-Transportation","Scheduling","1"
"08/19/2024","Non-Transportation","Policy","12"
"08/19/2024","Non-Transportation","IT/Technology","1"
"08/19/2024","Non-Transportation","Eligibility","4"
"08/19/2024","Non-Transportation","Customer","13"
"08/19/2024","Supplemental","Service - Ride Time","1"
"08/19/2024","Supplemental","Service - Other","1"
"08/19/2024","Primary","Driver","16"
"08/19/2024","Primary","Vehicles","2"
"08/19/2024","Primary","Service - Ride Time","8"
"08/19/2024","Primary","Service - Other","1"
"08/19/2024","Primary","Service - No Shows","10"
"08/19/2024","Supplemental","Service - No Shows","5"
"08/19/2024","Supplemental","Driver","2"
"08/19/2024","Broker","Vehicles","1"
"08/19/2024","Broker","Service - Ride Time","9"
"08/19/2024","Broker","Service - Other","1"
"08/19/2024","Broker","Service - No Shows","32"
"08/19/2024","Broker","Service - Late Pickup","4"
"08/19/2024","Broker","Driver","40"
"08/18/2024","Broker","Driver","1"
"08/18/2024","Broker","Service - No Shows","1"
"08/18/2024","Other/Unidentified Provider",,"1"
"08/18/2024","Broker","Service - Ride Time","1"
"08/18/2024","Supplemental","Vehicles","1"
"08/17/2024","Primary","Service - No Shows","1"
"08/17/2024","Non-Transportation","Travel Services (Same Day)","1"
"08/17/2024","Non-Transportation","Policy","3"
"08/17/2024","Broker","Service - No Shows","1"
"08/17/2024","Broker","Driver","2"
"08/17/2024","Primary","Service - Ride Time","1"
"08/17/2024","Primary","Service - Late Pickup","1"
"08/17/2024","Primary","Driver","1"
"08/16/2024","Primary","Driver","8"
"08/16/2024","Other/Unidentified Provider","Driver","1"
"08/16/2024","Non-Transportation","Travel Services (Same Day)","3"
"08/16/2024","Non-Transportation","Travel Planning (Res)","3"
"08/16/2024","Non-Transportation","Scheduling","3"
"08/16/2024","Non-Transportation","Policy","9"
"08/16/2024","Non-Transportation","IT/Technology","3"
"08/16/2024","Non-Transportation","Eligibility","5"
"08/16/2024","Non-Transportation","Customer","5"
"08/16/2024","E-Hail","Driver","1"
"08/16/2024","Supplemental","Service - No Shows","2"
"08/16/2024","Supplemental","Service - Late Pickup","2"
"08/16/2024","Broker","Vehicles","1"
"08/16/2024","Broker","Service - Ride Time","12"
"08/16/2024","Broker","Service - Other","3"
"08/16/2024","Broker","Service - No Shows","22"
"08/16/2024","Broker","Service - Late Pickup","5"
"08/16/2024","Broker","Driver","42"
"08/16/2024","Primary","Service - Ride Time","1"
"08/16/2024","Primary","Service - No Shows","11"
"08/16/2024","Primary","Service - Late Pickup","4"
"08/15/2024","Other/Unidentified Provider","Driver","1"
"08/15/2024","Other/Unidentified Provider","Service - No Shows","3"
"08/15/2024","Other/Unidentified Provider","Service - Late Pickup","1"
"08/15/2024","Non-Transportation","Travel Services (Same Day)","1"
"08/15/2024","Non-Transportation","Travel Planning (Res)","8"
"08/15/2024","Non-Transportation","Scheduling","3"
"08/15/2024","Non-Transportation","Policy","10"
"08/15/2024","Non-Transportation","IT/Technology","3"
"08/15/2024","Non-Transportation","Eligibility","2"
"08/15/2024","Non-Transportation","Customer Relations","1"
"08/15/2024","Non-Transportation","Customer","6"
"08/15/2024","Supplemental","Service - Ride Time","1"
"08/15/2024","Supplemental","Service - Other","1"
"08/15/2024","Supplemental","Service - No Shows","3"
"08/15/2024","Supplemental","Driver","7"
"08/15/2024","Broker","Vehicles","4"
"08/15/2024","Broker","Service - Ride Time","13"
"08/15/2024","Broker","Service - Other","5"
"08/15/2024","Broker","Service - No Shows","17"
"08/15/2024","Broker","Service - Late Pickup","6"
"08/15/2024","Broker","Driver","26"
"08/15/2024","Primary","Vehicles","2"
"08/15/2024","Primary","Service - Ride Time","5"
"08/15/2024","Primary","Service - Other","4"
"08/15/2024","Primary","Service - No Shows","12"
"08/15/2024","Primary","Service - Late Pickup","7"
"08/15/2024","Primary","Driver","18"
"08/14/2024","Primary","Service - Late Pickup","4"
"08/14/2024","Primary","Driver","9"
"08/14/2024","Other/Unidentified Provider","Driver","3"
"08/14/2024","Non-Transportation","Travel Services (Same Day)","4"
"08/14/2024","Non-Transportation","Travel Planning (Res)","7"
"08/14/2024","Non-Transportation","Scheduling","6"
"08/14/2024","Non-Transportation","Policy","11"
"08/14/2024","Non-Transportation","IT/Technology","7"
"08/14/2024","Non-Transportation","Eligibility","1"
"08/14/2024","Non-Transportation","Customer Relations","2"
"08/14/2024","Non-Transportation","Customer","8"
"08/14/2024","Supplemental","Service - Ride Time","2"
"08/14/2024","Supplemental","Service - No Shows","3"
"08/14/2024","Supplemental","Service - Late Pickup","2"
"08/14/2024","Supplemental","Driver","3"
"08/14/2024","Broker","Vehicles","2"
"08/14/2024","Broker","Service - Ride Time","11"
"08/14/2024","Broker","Service - Other","1"
"08/14/2024","Broker","Service - No Shows","20"
"08/14/2024","Broker","Service - Late Pickup","4"
"08/14/2024","Broker","Driver","40"
"08/14/2024","Primary","Vehicles","1"
"08/14/2024","Primary","Service - Ride Time","3"
"08/14/2024","Primary","Service - No Shows","13"
"08/14/2024","Other/Unidentified Provider","Service - Late Pickup","1"
"08/13/2024","Primary","Service - No Shows","15"
"08/13/2024","Primary","Driver","13"
"08/13/2024","Other/Unidentified Provider","Driver","2"
"08/13/2024","Non-Transportation","Travel Services (Same Day)","6"
"08/13/2024","Non-Transportation","Travel Planning (Res)","8"
"08/13/2024","Non-Transportation","Scheduling","3"
"08/13/2024","Non-Transportation","Policy","13"
"08/13/2024","Non-Transportation","IT/Technology","3"
"08/13/2024","Non-Transportation","Eligibility","2"
"08/13/2024","Non-Transportation","Customer Relations","1"
"08/13/2024","Non-Transportation","Customer","5"
"08/13/2024","Supplemental","Service - Ride Time","3"
"08/13/2024","Supplemental","Service - No Shows","2"
"08/13/2024","Supplemental","Service - Late Pickup","2"
"08/13/2024","Supplemental","Driver","3"
"08/13/2024","Broker","Service - Ride Time","14"
"08/13/2024","Broker","Service - No Shows","17"
"08/13/2024","Broker","Service - Late Pickup","2"
"08/13/2024","Broker","Driver","37"
"08/13/2024","Primary","Vehicles","2"
"08/13/2024","Primary","Service - Ride Time","4"
"08/13/2024","Primary","Service - Other","1"
"08/13/2024","Primary","Service - Late Pickup","9"
"08/12/2024","Non-Transportation","Travel Services (Same Day)","15"
"08/12/2024","Other/Unidentified Provider","Service - Late Pickup","1"
"08/12/2024","Other/Unidentified Provider","Driver","1"
"08/12/2024","Non-Transportation","Travel Planning (Res)","7"
"08/12/2024","Non-Transportation","Scheduling","2"
"08/12/2024","Non-Transportation","Policy","12"
"08/12/2024","Non-Transportation","IT/Technology","4"
"08/12/2024","Non-Transportation","Eligibility","2"
"08/12/2024","Non-Transportation","Customer","10"
"08/12/2024","Supplemental","Service - Ride Time","1"
"08/12/2024","Supplemental","Service - No Shows","6"
"08/12/2024","Supplemental","Service - Late Pickup","2"
"08/12/2024","Supplemental","Driver","7"
"08/12/2024","Broker","Vehicles","3"
"08/12/2024","Broker","Service - Ride Time","13"
"08/12/2024","Broker","Service - Other","4"
"08/12/2024","Broker","Service - No Shows","28"
"08/12/2024","Broker","Service - Late Pickup","8"
"08/12/2024","Broker","Driver","53"
"08/12/2024","Primary","Vehicles","2"
"08/12/2024","Primary","Service - Ride Time","8"
"08/12/2024","Primary","Service - No Shows","20"
"08/12/2024","Primary","Service - Late Pickup","7"
"08/12/2024","Primary","Driver","13"
"08/11/2024","Primary","Vehicles","1"
"08/11/2024","Non-Transportation","Travel Planning (Res)","1"
"08/11/2024","Non-Transportation","Scheduling","1"
"08/11/2024","Non-Transportation","Policy","1"
"08/11/2024","Broker","Service - Ride Time","1"
"08/11/2024","Broker","Service - Late Pickup","1"
"08/11/2024","Broker","Driver","1"
"08/10/2024","Supplemental","Driver","1"
"08/10/2024","Non-Transportation","Policy","1"
"08/10/2024","Primary","Driver","2"
"08/09/2024","Supplemental","Service - Late Pickup","1"
"08/09/2024","Supplemental","Driver","1"
"08/09/2024","Broker","Service - Ride Time","15"
"08/09/2024","Broker","Service - Other","4"
"08/09/2024","Broker","Service - No Shows","15"
"08/09/2024","Broker","Service - Late Pickup","7"
"08/09/2024","Broker","Driver","35"
"08/09/2024","Primary","Service - Ride Time","2"
"08/09/2024","Primary","Service - No Shows","12"
"08/09/2024","Primary","Driver","13"
"08/09/2024","Primary","Service - Late Pickup","3"
"08/09/2024","Other/Unidentified Provider","Vehicles","1"
"08/09/2024","Other/Unidentified Provider","Service - Other","1"
"08/09/2024","Non-Transportation","Travel Services (Same Day)","8"
"08/09/2024","Non-Transportation","Travel Planning (Res)","3"
"08/09/2024","Non-Transportation","Policy","12"
"08/09/2024","Non-Transportation","IT/Technology","4"
"08/09/2024","Non-Transportation","Customer","6"
"08/09/2024","Supplemental","Service - Ride Time","1"
"08/09/2024","Supplemental","Service - No Shows","2"
"08/08/2024","Broker","Service - Late Pickup","8"
"08/08/2024","Other/Unidentified Provider","Service - Other","2"
"08/08/2024","Other/Unidentified Provider","Service - No Shows","2"
"08/08/2024","Other/Unidentified Provider","Service - Late Pickup","1"
"08/08/2024","Other/Unidentified Provider","Driver","3"
"08/08/2024","Non-Transportation","Travel Services (Same Day)","4"
"08/08/2024","Non-Transportation","Travel Planning (Res)","5"
"08/08/2024","Non-Transportation","Scheduling","1"
"08/08/2024","Non-Transportation","Policy","7"
"08/08/2024","Non-Transportation","IT/Technology","3"
"08/08/2024","Non-Transportation","Eligibility","3"
"08/08/2024","Non-Transportation","Customer","7"
"08/08/2024","Supplemental","Service - Ride Time","5"
"08/08/2024","Supplemental","Service - No Shows","2"
"08/08/2024","Supplemental","Service - Late Pickup","1"
"08/08/2024","Broker","Service - Ride Time","6"
"08/08/2024","Broker","Service - Other","3"
"08/08/2024","Broker","Service - No Shows","18"
"08/08/2024","Broker","Driver","42"
"08/08/2024","Primary","Service - Ride Time","1"
"08/08/2024","Primary","Service - Other","1"
"08/08/2024","Primary","Service - No Shows","15"
"08/08/2024","Primary","Service - Late Pickup","4"
"08/08/2024","Primary","Driver","13"
"08/07/2024","Primary","Service - No Shows","11"
"08/07/2024","Other/Unidentified Provider","Service - No Shows","3"
"08/07/2024","Non-Transportation","Travel Services (Same Day)","10"
"08/07/2024","Primary","Driver","10"
"08/07/2024","Non-Transportation","Travel Planning (Res)","6"
"08/07/2024","Non-Transportation","Scheduling","1"
"08/07/2024","Non-Transportation","Policy","7"
"08/07/2024","Non-Transportation","IT/Technology","3"
"08/07/2024","Non-Transportation","Eligibility","3"
"08/07/2024","Non-Transportation","Customer Relations","2"
"08/07/2024","Non-Transportation","Customer","7"
"08/07/2024","Supplemental","Service - Ride Time","2"
"08/07/2024","Supplemental","Service - No Shows","5"
"08/07/2024","Supplemental","Driver","1"
"08/07/2024","Broker","Vehicles","1"
"08/07/2024","Broker","Service - Ride Time","7"
"08/07/2024","Broker","Service - Other","5"
"08/07/2024","Broker","Service - No Shows","19"
"08/07/2024","Primary","Service - Late Pickup","4"
"08/07/2024","Broker","Service - Late Pickup","9"
"08/07/2024","Broker","Driver","40"
"08/07/2024","Primary","Vehicles","1"
"08/07/2024","Primary","Service - Ride Time","5"
"08/07/2024","Primary","Service - Other","3"
"08/06/2024","Broker","Service - Late Pickup","7"
"08/06/2024","Other/Unidentified Provider","Driver","5"
"08/06/2024","Non-Transportation","Travel Services (Same Day)","7"
"08/06/2024","Non-Transportation","Travel Planning (Res)","11"
"08/06/2024","Non-Transportation","Scheduling","1"
"08/06/2024","Non-Transportation","Policy","11"
"08/06/2024","Non-Transportation","IT/Technology","2"
"08/06/2024","Non-Transportation","Eligibility","4"
"08/06/2024","Non-Transportation","Customer","7"
"08/06/2024","Supplemental","Vehicles","1"
"08/06/2024","Supplemental","Service - Ride Time","1"
"08/06/2024","Supplemental","Service - No Shows","2"
"08/06/2024","Supplemental","Service - Late Pickup","1"
"08/06/2024","Supplemental","Driver","1"
"08/06/2024","Broker","Vehicles","4"
"08/06/2024","Broker","Service - Ride Time","7"
"08/06/2024","Broker","Service - Other","5"
"08/06/2024","Broker","Service - No Shows","20"
"08/06/2024","Broker","Driver","37"
"08/06/2024","Primary","Vehicles","2"
"08/06/2024","Primary","Service - Ride Time","11"
"08/06/2024","Primary","Service - Other","1"
"08/06/2024","Primary","Service - No Shows","13"
"08/06/2024","Primary","Service - Late Pickup","4"
"08/06/2024","Primary","Driver","14"
"08/05/2024","Primary","Driver","8"
"08/05/2024","Non-Transportation","Travel Services (Same Day)","9"
"08/05/2024","Non-Transportation","Travel Planning (Res)","9"
"08/05/2024","Non-Transportation","Scheduling","1"
"08/05/2024","Non-Transportation","Policy","13"
"08/05/2024","Non-Transportation","IT/Technology","2"
"08/05/2024","Non-Transportation","Eligibility","3"
"08/05/2024","Non-Transportation","Customer Relations","1"
"08/05/2024","Non-Transportation","Customer","7"
"08/05/2024","Supplemental","Service - Ride Time","1"
"08/05/2024","Supplemental","Service - No Shows","4"
"08/05/2024","Broker","Vehicles","4"
"08/05/2024","Broker","Service - Ride Time","10"
"08/05/2024","Broker","Service - Other","2"
"08/05/2024","Broker","Service - No Shows","33"
"08/05/2024","Broker","Service - Late Pickup","6"
"08/05/2024","Broker","Driver","51"
"08/05/2024","Primary","Vehicles","1"
"08/05/2024","Primary","Service - Ride Time","5"
"08/05/2024","Primary","Service - Other","1"
"08/05/2024","Primary","Service - No Shows","14"
"08/05/2024","Primary","Service - Late Pickup","9"
"08/04/2024","Broker","Service - Ride Time","1"
"08/04/2024","Non-Transportation","Policy","1"
"08/04/2024","Non-Transportation","IT/Technology","1"
"08/04/2024","Primary","Service - No Shows","1"
"08/03/2024","Broker","Driver","3"
"08/03/2024","Non-Transportation","Policy","3"
"08/03/2024","Supplemental","Service - No Shows","2"
"08/03/2024","Broker","Service - Ride Time","1"
"08/03/2024","Primary","Service - No Shows","1"
"08/02/2024","Broker","Driver","41"
"08/02/2024","Other/Unidentified Provider","Driver","1"
"08/02/2024","Non-Transportation","Travel Services (Same Day)","6"
"08/02/2024","Non-Transportation","Travel Planning (Res)","4"
"08/02/2024","Non-Transportation","Scheduling","1"
"08/02/2024","Non-Transportation","Policy","10"
"08/02/2024","Non-Transportation","IT/Technology","4"
"08/02/2024","Non-Transportation","Eligibility","2"
"08/02/2024","Non-Transportation","Customer","8"
"08/02/2024","Supplemental","Service - No Shows","3"
"08/02/2024","Supplemental","Service - Late Pickup","1"
"08/02/2024","Supplemental","Driver","2"
"08/02/2024","Broker","Vehicles","3"
"08/02/2024","Broker","Service - Ride Time","12"
"08/02/2024","Broker","Service - Other","4"
"08/02/2024","Broker","Service - No Shows","31"
"08/02/2024","Broker","Service - Late Pickup","6"
"08/02/2024","Primary","Vehicles","2"
"08/02/2024","Primary","Service - Ride Time","5"
"08/02/2024","Primary","Service - Other","2"
"08/02/2024","Primary","Service - No Shows","10"
"08/02/2024","Primary","Service - Late Pickup","2"
"08/02/2024","Primary","Driver","10"
"08/01/2024","Primary","Service - Late Pickup","3"
"08/01/2024","Other/Unidentified Provider","Vehicles","1"
"08/01/2024","Other/Unidentified Provider","Driver","3"
"08/01/2024","Non-Transportation","Travel Services (Same Day)","5"
"08/01/2024","Non-Transportation","Travel Planning (Res)","4"
"08/01/2024","Non-Transportation","Scheduling","3"
"08/01/2024","Non-Transportation","Policy","9"
"08/01/2024","Non-Transportation","IT/Technology","6"
"08/01/2024","Non-Transportation","Eligibility","1"
"08/01/2024","Non-Transportation","Customer","5"
"08/01/2024","Supplemental","Vehicles","1"
"08/01/2024","Supplemental","Service - Ride Time","2"
"08/01/2024","Supplemental","Service - No Shows","3"
"08/01/2024","Supplemental","Driver","1"
"08/01/2024","Broker","Vehicles","3"
"08/01/2024","Broker","Service - Ride Time","7"
"08/01/2024","Broker","Service - Other","5"
"08/01/2024","Broker","Service - No Shows","22"
"08/01/2024","Broker","Service - Late Pickup","11"
"08/01/2024","Primary","Driver","10"
"08/01/2024","Broker","Driver","35"
"08/01/2024","Primary","Vehicles","2"
"08/01/2024","Primary","Service - Ride Time","6"
"08/01/2024","Primary","Service - Other","2"
"08/01/2024","Primary","Service - No Shows","8"
"07/31/2024","Primary","Driver","5"
"07/31/2024","Other/Unidentified Provider","Service - Late Pickup","1"
"07/31/2024","Other/Unidentified Provider","Driver","4"
"07/31/2024","Non-Transportation","Travel Services (Same Day)","9"
"07/31/2024","Non-Transportation","Travel Planning (Res)","5"
"07/31/2024","Non-Transportation","Policy","13"
"07/31/2024","Non-Transportation","IT/Technology","5"
"07/31/2024","Non-Transportation","Eligibility","1"
"07/31/2024","Non-Transportation","Customer Relations","1"
"07/31/2024","Non-Transportation","Customer","4"
"07/31/2024","Supplemental","Vehicles","1"
"07/31/2024","Supplemental","Service - Ride Time","4"
"07/31/2024","Supplemental","Service - No Shows","6"
"07/31/2024","Supplemental","Driver","2"
"07/31/2024","Broker","Vehicles","1"
"07/31/2024","Broker","Service - Ride Time","14"
"07/31/2024","Broker","Service - Other","6"
"07/31/2024","Broker","Service - No Shows","16"
"07/31/2024","Broker","Service - Late Pickup","7"
"07/31/2024","Broker","Driver","35"
"07/31/2024","Primary","Vehicles","1"
"07/31/2024","Primary","Service - Ride Time","3"
"07/31/2024","Primary","Service - Other","1"
"07/31/2024","Primary","Service - No Shows","12"
"07/31/2024","Primary","Service - Late Pickup","3"
"07/30/2024","Non-Transportation","Travel Services (Same Day)","4"
"07/30/2024","Non-Transportation","Travel Planning (Res)","8"
"07/30/2024","Non-Transportation","Scheduling","3"
"07/30/2024","Non-Transportation","Policy","13"
"07/30/2024","Non-Transportation","IT/Technology","5"
"07/30/2024","Non-Transportation","Eligibility","3"
"07/30/2024","Non-Transportation","Customer Relations","1"
"07/30/2024","Non-Transportation","Customer","8"
"07/30/2024","Supplemental","Service - Ride Time","2"
"07/30/2024","Supplemental","Service - No Shows","1"
"07/30/2024","Supplemental","Service - Late Pickup","1"
"07/30/2024","Supplemental","Driver","1"
"07/30/2024","Broker","Vehicles","3"
"07/30/2024","Broker","Service - Ride Time","7"
"07/30/2024","Broker","Service - Other","7"
"07/30/2024","Broker","Service - No Shows","20"
"07/30/2024","Broker","Service - Late Pickup","5"
"07/30/2024","Broker","Driver","43"
"07/30/2024","Primary","Vehicles","3"
"07/30/2024","Primary","Service - Ride Time","5"
"07/30/2024","Primary","Service - No Shows","14"
"07/30/2024","Primary","Service - Late Pickup","4"
"07/30/2024","Primary","Driver","13"
"07/30/2024","Other/Unidentified Provider","Driver","5"
"07/29/2024","Primary","Service - No Shows","21"
"07/29/2024","Primary","Driver","6"
"07/29/2024","Primary","Service - Late Pickup","5"
"07/29/2024","Other/Unidentified Provider","Service - Other","1"
"07/29/2024","Other/Unidentified Provider","Service - No Shows","2"
"07/29/2024","Other/Unidentified Provider","Driver","4"
"07/29/2024","Non-Transportation","Travel Services (Same Day)","12"
"07/29/2024","Non-Transportation","Travel Planning (Res)","13"
"07/29/2024","Non-Transportation","Scheduling","1"
"07/29/2024","Non-Transportation","Policy","13"
"07/29/2024","Non-Transportation","IT/Technology","8"
"07/29/2024","Non-Transportation","Eligibility","1"
"07/29/2024","Non-Transportation","Customer Relations","2"
"07/29/2024","Non-Transportation","Customer","6"
"07/29/2024","Supplemental","Service - Ride Time","1"
"07/29/2024","Supplemental","Service - No Shows","2"
"07/29/2024","Supplemental","Service - Late Pickup","1"
"07/29/2024","Supplemental","Driver","2"
"07/29/2024","Broker","Vehicles","5"
"07/29/2024","Broker","Service - Ride Time","8"
"07/29/2024","Broker","Service - Other","3"
"07/29/2024","Broker","Service - No Shows","35"
"07/29/2024","Broker","Service - Late Pickup","8"
"07/29/2024","Broker","Driver","47"
"07/29/2024","Primary","Vehicles","4"
"07/29/2024","Primary","Service - Ride Time","4"
"07/28/2024","Non-Transportation","IT/Technology","1"
"07/28/2024","Non-Transportation","Travel Planning (Res)","1"
"07/28/2024","Broker","Service - No Shows","1"
"07/28/2024","Broker","Service - Late Pickup","1"
"07/28/2024","Broker","Driver","1"
"07/27/2024","Broker","Driver","1"
"07/27/2024","Non-Transportation","Policy","2"
"07/27/2024","Non-Transportation","IT/Technology","1"
"07/27/2024","Non-Transportation","Customer","1"
"07/27/2024","Broker","Service - Ride Time","1"
"07/27/2024","Broker","Service - No Shows","1"
"07/26/2024","Non-Transportation","IT/Technology","6"
"07/26/2024","Other/Unidentified Provider","Driver","5"
"07/26/2024","Non-Transportation","Travel Services (Same Day)","6"
"07/26/2024","Non-Transportation","Travel Planning (Res)","13"
"07/26/2024","Non-Transportation","Scheduling","3"
"07/26/2024","Non-Transportation","Policy","6"
"07/26/2024","Non-Transportation","Eligibility","1"
"07/26/2024","Non-Transportation","Customer Relations","2"
"07/26/2024","Non-Transportation","Customer","4"
"07/26/2024","Supplemental","Service - Ride Time","2"
"07/26/2024","Supplemental","Service - No Shows","2"
"07/26/2024","Supplemental","Service - Late Pickup","2"
"07/26/2024","Supplemental","Driver","2"
"07/26/2024","Broker","Vehicles","5"
"07/26/2024","Broker","Service - Ride Time","13"
"07/26/2024","Broker","Service - Other","4"
"07/26/2024","Broker","Service - No Shows","17"
"07/26/2024","Broker","Service - Late Pickup","6"
"07/26/2024","Broker","Driver","28"
"07/26/2024","Primary","Service - Ride Time","4"
"07/26/2024","Primary","Service - Other","1"
"07/26/2024","Primary","Service - No Shows","5"
"07/26/2024","Primary","Service - Late Pickup","3"
"07/26/2024","Primary","Driver","12"
"07/25/2024","Broker","Driver","37"
"07/25/2024","Other/Unidentified Provider","Driver","5"
"07/25/2024","Primary","Service - Ride Time","5"
"07/25/2024","Non-Transportation","Travel Services (Same Day)","7"
"07/25/2024","Non-Transportation","Travel Planning (Res)","4"
"07/25/2024","Non-Transportation","Policy","10"
"07/25/2024","Non-Transportation","IT/Technology","2"
"07/25/2024","Non-Transportation","Customer Relations","1"
"07/25/2024","Non-Transportation","Customer","7"
"07/25/2024","Supplemental","Vehicles","1"
"07/25/2024","Supplemental","Service - Ride Time","1"
"07/25/2024","Supplemental","Service - No Shows","1"
"07/25/2024","Supplemental","Driver","1"
"07/25/2024","Broker","Vehicles","3"
"07/25/2024","Primary","Driver","6"
"07/25/2024","Broker","Service - Ride Time","9"
"07/25/2024","Broker","Service - Other","2"
"07/25/2024","Broker","Service - No Shows","18"
"07/25/2024","Primary","Service - No Shows","9"
"07/25/2024","Broker","Service - Late Pickup","6"
"07/24/2024","Supplemental","Service - Ride Time","1"
"07/24/2024","Other/Unidentified Provider","Service - No Shows","1"
"07/24/2024","Other/Unidentified Provider","Driver","2"
"07/24/2024","Non-Transportation","Travel Services (Same Day)","9"
"07/24/2024","Non-Transportation","Travel Planning (Res)","9"
"07/24/2024","Non-Transportation","Policy","10"
"07/24/2024","Non-Transportation","IT/Technology","5"
"07/24/2024","Non-Transportation","Eligibility","1"
"07/24/2024","Non-Transportation","Customer Relations","3"
"07/24/2024","Non-Transportation","Customer","7"
"07/24/2024","Supplemental","Service - Other","1"
"07/24/2024","Supplemental","Service - No Shows","2"
"07/24/2024","Supplemental","Driver","1"
"07/24/2024","Broker","Vehicles","3"
"07/24/2024","Broker","Service - Ride Time","15"
"07/24/2024","Broker","Service - Other","4"
"07/24/2024","Broker","Service - No Shows","20"
"07/24/2024","Broker","Service - Late Pickup","3"
"07/24/2024","Broker","Driver","38"
"07/24/2024","Primary","Service - Ride Time","4"
"07/24/2024","Primary","Service - Other","1"
"07/24/2024","Primary","Service - No Shows","14"
"07/24/2024","Primary","Service - Late Pickup","1"
"07/24/2024","Primary","Driver","6"
"07/23/2024","Primary","Driver","14"
"07/23/2024","Other/Unidentified Provider","Service - Other","1"
"07/23/2024","Other/Unidentified Provider","Driver","1"
"07/23/2024","Non-Transportation","Travel Services (Same Day)","10"
"07/23/2024","Non-Transportation","Travel Planning (Res)","9"
"07/23/2024","Non-Transportation","Policy","21"
"07/23/2024","Non-Transportation","IT/Technology","1"
"07/23/2024","Non-Transportation","Eligibility","2"
"07/23/2024","Non-Transportation","Customer","5"
"07/23/2024","Supplemental","Service - No Shows","6"
"07/23/2024","Supplemental","Service - Late Pickup","1"
"07/23/2024","Supplemental","Driver","1"
"07/23/2024","Broker","Vehicles","3"
"07/23/2024","Broker","Service - Ride Time","8"
"07/23/2024","Broker","Service - Other","8"
"07/23/2024","Broker","Service - No Shows","23"
"07/23/2024","Broker","Service - Late Pickup","8"
"07/23/2024","Broker","Driver","41"
"07/23/2024","Primary","Service - Ride Time","9"
"07/23/2024","Primary","Service - No Shows","12"
"07/23/2024","Primary","Service - Late Pickup","4"
"07/22/2024","Non-Transportation","Customer","8"
"07/22/2024","Other/Unidentified Provider","Driver","1"
"07/22/2024","Non-Transportation","Travel Services (Same Day)","6"
"07/22/2024","Non-Transportation","Travel Planning (Res)","14"
"07/22/2024","Non-Transportation","Scheduling","4"
"07/22/2024","Non-Transportation","Policy","18"
"07/22/2024","Non-Transportation","IT/Technology","6"
"07/22/2024","Non-Transportation","Eligibility","1"
"07/22/2024","Non-Transportation","Customer Relations","1"
"07/22/2024","Supplemental","Service - Late Pickup","1"
"07/22/2024","Supplemental","Driver","1"
"07/22/2024","Broker","Vehicles","4"
"07/22/2024","Broker","Service - Ride Time","7"
"07/22/2024","Broker","Service - Other","8"
"07/22/2024","Broker","Service - No Shows","28"
"07/22/2024","Broker","Service - Late Pickup","7"
"07/22/2024","Broker","Driver","47"
"07/22/2024","Primary","Service - Ride Time","1"
"07/22/2024","Primary","Service - Other","1"
"07/22/2024","Primary","Service - No Shows","16"
"07/22/2024","Primary","Service - Late Pickup","6"
"07/22/2024","Primary","Driver","12"
"07/21/2024","Broker","Service - Ride Time","1"
"07/21/2024","Non-Transportation","Travel Services (Same Day)","1"
"07/21/2024","Non-Transportation","IT/Technology","1"
"07/21/2024","Non-Transportation","Customer","1"
"07/21/2024","Broker","Vehicles","1"
"07/20/2024","Non-Transportation","Travel Services (Same Day)","1"
"07/20/2024","Non-Transportation","Travel Planning (Res)","1"
"07/20/2024","Non-Transportation","Scheduling","1"
"07/20/2024","Non-Transportation","IT/Technology","1"
"07/20/2024","Non-Transportation","Policy","1"
"07/20/2024","Broker","Service - Other","1"
"07/20/2024","Broker","Service - No Shows","1"
"07/20/2024","Broker","Driver","2"
"07/20/2024","Primary","Service - No Shows","1"
"07/19/2024","Broker","Vehicles","1"
"07/19/2024","Broker","Service - Ride Time","8"
"07/19/2024","Broker","Service - Other","2"
"07/19/2024","Broker","Service - No Shows","18"
"07/19/2024","Broker","Service - Late Pickup","3"
"07/19/2024","Broker","Driver","22"
"07/19/2024","Primary","Vehicles","1"
"07/19/2024","Primary","Service - Ride Time","1"
"07/19/2024","Primary","Service - Other","1"
"07/19/2024","Primary","Service - Late Pickup","1"
"07/19/2024","Primary","Service - No Shows","11"
"07/19/2024","Other/Unidentified Provider","Driver","1"
"07/19/2024","Non-Transportation","Travel Services (Same Day)","1"
"07/19/2024","Non-Transportation","Travel Planning (Res)","7"
"07/19/2024","Non-Transportation","Scheduling","2"
"07/19/2024","Non-Transportation","Policy","10"
"07/19/2024","Non-Transportation","IT/Technology","2"
"07/19/2024","Non-Transportation","Eligibility","2"
"07/19/2024","Non-Transportation","Customer","9"
"07/19/2024","Supplemental","Vehicles","1"
"07/19/2024","Supplemental","Service - Ride Time","2"
"07/19/2024","Primary","Driver","5"
"07/19/2024","Supplemental","Service - No Shows","2"
"07/19/2024","Supplemental","Service - Late Pickup","1"
"07/18/2024","Broker","Service - No Shows","21"
"07/18/2024","Other/Unidentified Provider","Service - No Shows","1"
"07/18/2024","Other/Unidentified Provider","Driver","5"
"07/18/2024","Other/Unidentified Provider",,"1"
"07/18/2024","Non-Transportation","Travel Services (Same Day)","1"
"07/18/2024","Non-Transportation","Travel Planning (Res)","1"
"07/18/2024","Non-Transportation","Scheduling","4"
"07/18/2024","Non-Transportation","Policy","8"
"07/18/2024","Non-Transportation","IT/Technology","4"
"07/18/2024","Non-Transportation","Eligibility","4"
"07/18/2024","Non-Transportation","Customer","7"
"07/18/2024","Supplemental","Vehicles","1"
"07/18/2024","Supplemental","Service - Ride Time","1"
"07/18/2024","Supplemental","Service - Late Pickup","1"
"07/18/2024","Broker","Vehicles","2"
"07/18/2024","Broker","Service - Ride Time","12"
"07/18/2024","Broker","Service - Other","3"
"07/18/2024","Broker","Service - Late Pickup","8"
"07/18/2024","Broker","Driver","50"
"07/18/2024","Primary","Vehicles","1"
"07/18/2024","Primary","Service - Ride Time","5"
"07/18/2024","Primary","Service - Other","1"
"07/18/2024","Primary","Service - No Shows","10"
"07/18/2024","Primary","Service - Late Pickup","1"
"07/18/2024","Primary","Driver","11"
"07/17/2024","Primary","Driver","9"
"07/17/2024","Other/Unidentified Provider","Vehicles","1"
"07/17/2024","Other/Unidentified Provider","Driver","1"
"07/17/2024","Non-Transportation","Travel Services (Same Day)","8"
"07/17/2024","Non-Transportation","Travel Planning (Res)","4"
"07/17/2024","Non-Transportation","Scheduling","2"
"07/17/2024","Non-Transportation","Policy","6"
"07/17/2024","Non-Transportation","IT/Technology","3"
"07/17/2024","Non-Transportation","Eligibility","1"
"07/17/2024","Non-Transportation","Customer","8"
"07/17/2024","Supplemental","Service - Late Pickup","1"
"07/17/2024","Supplemental","Driver","1"
"07/17/2024","Broker","Vehicles","3"
"07/17/2024","Broker","Service - Ride Time","9"
"07/17/2024","Broker","Service - Other","3"
"07/17/2024","Broker","Service - No Shows","23"
"07/17/2024","Broker","Service - Late Pickup","10"
"07/17/2024","Broker","Driver","40"
"07/17/2024","Primary","Vehicles","4"
"07/17/2024","Primary","Service - Ride Time","5"
"07/17/2024","Primary","Service - No Shows","14"
"07/17/2024","Primary","Service - Late Pickup","5"
"07/16/2024","Supplemental","Service - No Shows","3"
"07/16/2024","Other/Unidentified Provider","Service - Ride Time","1"
"07/16/2024","Other/Unidentified Provider","Service - No Shows","1"
"07/16/2024","Other/Unidentified Provider","Driver","2"
"07/16/2024","Non-Transportation","Travel Services (Same Day)","3"
"07/16/2024","Non-Transportation","Travel Planning (Res)","7"
"07/16/2024","Non-Transportation","Scheduling","3"
"07/16/2024","Non-Transportation","Policy","7"
"07/16/2024","Non-Transportation","IT/Technology","4"
"07/16/2024","Non-Transportation","Eligibility","5"
"07/16/2024","Non-Transportation","Customer","4"
"07/16/2024","Supplemental","Service - Ride Time","1"
"07/16/2024","Supplemental","Service - Late Pickup","1"
"07/16/2024","Supplemental","Driver","1"
"07/16/2024","Broker","Vehicles","2"
"07/16/2024","Broker","Service - Ride Time","15"
"07/16/2024","Broker","Service - Other","6"
"07/16/2024","Broker","Service - No Shows","16"
"07/16/2024","Broker","Service - Late Pickup","6"
"07/16/2024","Broker","Driver","34"
"07/16/2024","Primary","Vehicles","10"
"07/16/2024","Primary","Service - Ride Time","8"
"07/16/2024","Primary","Service - Other","1"
"07/16/2024","Primary","Service - No Shows","12"
"07/16/2024","Primary","Service - Late Pickup","5"
"07/16/2024","Primary","Driver","11"
"07/15/2024","Non-Transportation","Customer","11"
"07/15/2024","Other/Unidentified Provider","Service - Other","2"
"07/15/2024","Other/Unidentified Provider","Service - No Shows","1"
"07/15/2024","Non-Transportation","Travel Services (Same Day)","4"
"07/15/2024","Non-Transportation","Travel Planning (Res)","9"
"07/15/2024","Non-Transportation","Scheduling","9"
"07/15/2024","Non-Transportation","Policy","14"
"07/15/2024","Non-Transportation","IT/Technology","3"
"07/15/2024","Non-Transportation","Eligibility","1"
"07/15/2024","Non-Transportation","Customer Relations","1"
"07/15/2024","Supplemental","Service - No Shows","6"
"07/15/2024","Supplemental","Service - Late Pickup","1"
"07/15/2024","Supplemental","Driver","4"
"07/15/2024","Broker","Vehicles","3"
"07/15/2024","Broker","Service - Ride Time","11"
"07/15/2024","Broker","Service - Other","5"
"07/15/2024","Broker","Service - No Shows","31"
"07/15/2024","Broker","Service - Late Pickup","11"
"07/15/2024","Broker","Driver","63"
"07/15/2024","Primary","Vehicles","1"
"07/15/2024","Primary","Service - Ride Time","6"
"07/15/2024","Primary","Service - Other","2"
"07/15/2024","Primary","Service - No Shows","22"
"07/15/2024","Primary","Service - Late Pickup","5"
"07/15/2024","Primary","Driver","17"
"07/15/2024","Supplemental","Service - Ride Time","1"
"07/15/2024","Supplemental","Service - Other","1"
"07/14/2024","Supplemental","Driver","2"
"07/14/2024","Broker","Vehicles","1"
"07/14/2024","Broker","Driver","1"
"07/14/2024","Non-Transportation","Travel Services (Same Day)","1"
"07/14/2024","Primary","Service - No Shows","2"
"07/14/2024","Primary","Driver","2"
"07/14/2024","Non-Transportation","Travel Planning (Res)","1"
"07/14/2024","Non-Transportation","Policy","3"
"07/13/2024","Other/Unidentified Provider","Driver","1"
"07/13/2024","Supplemental","Vehicles","1"
"07/13/2024","Supplemental","Service - No Shows","1"
"07/13/2024","Broker","Service - No Shows","1"
"07/13/2024","Primary","Service - No Shows","1"
"07/13/2024","Primary","Driver","1"
"07/13/2024","Broker","Driver","1"
"07/12/2024","Broker","Driver","44"
"07/12/2024","Other/Unidentified Provider","Service - No Shows","1"
"07/12/2024","Non-Transportation","Travel Services (Same Day)","4"
"07/12/2024","Non-Transportation","Travel Planning (Res)","2"
"07/12/2024","Non-Transportation","Scheduling","3"
"07/12/2024","Non-Transportation","Policy","8"
"07/12/2024","Non-Transportation","IT/Technology","3"
"07/12/2024","Non-Transportation","Eligibility","1"
"07/12/2024","Non-Transportation","Customer Relations","2"
"07/12/2024","Non-Transportation","Customer","9"
"07/12/2024","Supplemental","Vehicles","1"
"07/12/2024","Supplemental","Service - No Shows","3"
"07/12/2024","Supplemental","Driver","1"
"07/12/2024","Broker","Vehicles","3"
"07/12/2024","Broker","Service - Ride Time","13"
"07/12/2024","Broker","Service - Other","7"
"07/12/2024","Broker","Service - No Shows","16"
"07/12/2024","Broker","Service - Late Pickup","6"
"07/12/2024","Primary","Vehicles","2"
"07/12/2024","Primary","Service - Ride Time","3"
"07/12/2024","Primary","Service - No Shows","11"
"07/12/2024","Primary","Service - Late Pickup","3"
"07/12/2024","Primary","Driver","5"
"07/11/2024","Supplemental","Service - Other","1"
"07/11/2024","Other/Unidentified Provider","Driver","5"
"07/11/2024","Other/Unidentified Provider",,"1"
"07/11/2024","Non-Transportation","Travel Services (Same Day)","5"
"07/11/2024","Non-Transportation","Travel Planning (Res)","10"
"07/11/2024","Non-Transportation","Policy","15"
"07/11/2024","Non-Transportation","IT/Technology","6"
"07/11/2024","Non-Transportation","Eligibility","2"
"07/11/2024","Non-Transportation","Customer","9"
"07/11/2024","Supplemental","Vehicles","4"
"07/11/2024","Supplemental","Driver","1"
"07/11/2024","Broker","Vehicles","5"
"07/11/2024","Broker","Service - Ride Time","11"
"07/11/2024","Broker","Service - Other","3"
"07/11/2024","Broker","Service - No Shows","25"
"07/11/2024","Broker","Service - Late Pickup","5"
"07/11/2024","Broker","Driver","45"
"07/11/2024","Primary","Vehicles","3"
"07/11/2024","Primary","Service - Ride Time","4"
"07/11/2024","Primary","Service - No Shows","16"
"07/11/2024","Primary","Service - Late Pickup","2"
"07/11/2024","Primary","Driver","11"
"07/10/2024","Primary","Service - Late Pickup","3"
"07/10/2024","Other/Unidentified Provider","Driver","4"
"07/10/2024","Non-Transportation","Travel Services (Same Day)","2"
"07/10/2024","Non-Transportation","Travel Planning (Res)","12"
"07/10/2024","Non-Transportation","Policy","17"
"07/10/2024","Non-Transportation","IT/Technology","10"
"07/10/2024","Non-Transportation","Eligibility","1"
"07/10/2024","Non-Transportation","Customer Relations","3"
"07/10/2024","Non-Transportation","Customer","16"
"07/10/2024","Supplemental","Vehicles","1"
"07/10/2024","Supplemental","Service - No Shows","3"
"07/10/2024","Primary","Driver","9"
"07/10/2024","Supplemental","Service - Late Pickup","3"
"07/10/2024","Supplemental","Driver","2"
"07/10/2024","Broker","Vehicles","1"
"07/10/2024","Broker","Service - Ride Time","10"
"07/10/2024","Broker","Service - Other","4"
"07/10/2024","Broker","Service - No Shows","19"
"07/10/2024","Broker","Service - Late Pickup","3"
"07/10/2024","Broker","Driver","49"
"07/10/2024","Primary","Vehicles","5"
"07/10/2024","Primary","Service - Ride Time","4"
"07/10/2024","Primary","Service - No Shows","13"
"07/09/2024","Broker","Service - Other","6"
"07/09/2024","Other/Unidentified Provider","Service - Ride Time","1"
"07/09/2024","Other/Unidentified Provider","Service - No Shows","1"
"07/09/2024","Other/Unidentified Provider","Service - Late Pickup","1"
"07/09/2024","Other/Unidentified Provider","Driver","3"
"07/09/2024","Non-Transportation","Travel Services (Same Day)","3"
"07/09/2024","Non-Transportation","Travel Planning (Res)","9"
"07/09/2024","Non-Transportation","Scheduling","2"
"07/09/2024","Non-Transportation","Policy","16"
"07/09/2024","Non-Transportation","IT/Technology","1"
"07/09/2024","Non-Transportation","Eligibility","5"
"07/09/2024","Non-Transportation","Customer","8"
"07/09/2024","Supplemental","Vehicles","1"
"07/09/2024","Supplemental","Service - No Shows","3"
"07/09/2024","Supplemental","Driver","1"
"07/09/2024","Broker","Vehicles","4"
"07/09/2024","Broker","Service - Ride Time","2"
"07/09/2024","Broker","Service - No Shows","15"
"07/09/2024","Broker","Service - Late Pickup","7"
"07/09/2024","Broker","Driver","51"
"07/09/2024","Primary","Vehicles","2"
"07/09/2024","Primary","Service - Ride Time","4"
"07/09/2024","Primary","Service - Other","1"
"07/09/2024","Primary","Service - No Shows","17"
"07/09/2024","Primary","Service - Late Pickup","5"
"07/09/2024","Primary","Driver","11"
"07/08/2024","Primary","Service - Late Pickup","6"
"07/08/2024","Primary","Driver","19"
"07/08/2024","Other/Unidentified Provider","Driver","3"
"07/08/2024","Non-Transportation","Travel Services (Same Day)","10"
"07/08/2024","Non-Transportation","Travel Planning (Res)","8"
"07/08/2024","Non-Transportation","Scheduling","2"
"07/08/2024","Non-Transportation","Policy","20"
"07/08/2024","Non-Transportation","IT/Technology","5"
"07/08/2024","Non-Transportation","Eligibility","5"
"07/08/2024","Non-Transportation","Customer","12"
"07/08/2024","E-Hail","Service - Late Pickup","1"
"07/08/2024","Supplemental","Vehicles","1"
"07/08/2024","Supplemental","Service - No Shows","3"
"07/08/2024","Supplemental","Service - Late Pickup","1"
"07/08/2024","Supplemental","Driver","5"
"07/08/2024","Broker","Vehicles","3"
"07/08/2024","Broker","Service - Ride Time","3"
"07/08/2024","Broker","Service - Other","2"
"07/08/2024","Broker","Service - No Shows","27"
"07/08/2024","Broker","Service - Late Pickup","4"
"07/08/2024","Other/Unidentified Provider","Service - No Shows","2"
"07/08/2024","Broker","Driver","41"
"07/08/2024","Primary","Vehicles","2"
"07/08/2024","Primary","Service - Ride Time","4"
"07/08/2024","Primary","Service - No Shows","17"
"07/07/2024","Non-Transportation","Policy","1"
"07/07/2024","Broker","Driver","4"
"07/07/2024","Non-Transportation","Travel Planning (Res)","1"
"07/07/2024","Broker","Service - Ride Time","1"
"07/06/2024","Broker","Driver","4"
"07/06/2024","Non-Transportation","Policy","1"
"07/06/2024","Supplemental","Service - No Shows","1"
"07/06/2024","Supplemental","Driver","1"
"07/06/2024","Broker","Service - Late Pickup","1"
"07/06/2024","Primary","Service - No Shows","1"
"07/06/2024","Primary","Driver","2"
"07/05/2024","Primary","Driver","8"
"07/05/2024","Other/Unidentified Provider","Service - Ride Time","1"
"07/05/2024","Other/Unidentified Provider","Service - Other","1"
"07/05/2024","Other/Unidentified Provider","Service - No Shows","1"
"07/05/2024","Other/Unidentified Provider","Driver","1"
"07/05/2024","Non-Transportation","Travel Services (Same Day)","8"
"07/05/2024","Non-Transportation","Travel Planning (Res)","3"
"07/05/2024","Non-Transportation","Scheduling","1"
"07/05/2024","Non-Transportation","Policy","9"
"07/05/2024","Non-Transportation","IT/Technology","7"
"07/05/2024","Non-Transportation","Customer Relations","1"
"07/05/2024","Non-Transportation","Customer","10"
"07/05/2024","Supplemental","Service - Other","1"
"07/05/2024","Supplemental","Service - No Shows","2"
"07/05/2024","Broker","Vehicles","1"
"07/05/2024","Broker","Service - Ride Time","2"
"07/05/2024","Broker","Service - Other","1"
"07/05/2024","Broker","Service - No Shows","16"
"07/05/2024","Broker","Service - Late Pickup","4"
"07/05/2024","Broker","Driver","31"
"07/05/2024","Primary","Service - Ride Time","2"
"07/05/2024","Primary","Service - No Shows","11"
"07/05/2024","Primary","Service - Late Pickup","1"
"07/04/2024","Primary","Service - No Shows","1"
"07/04/2024","Non-Transportation","Travel Planning (Res)","1"
"07/04/2024","Non-Transportation","IT/Technology","1"
"07/04/2024","Supplemental","Driver","1"
"07/04/2024","Broker","Service - Late Pickup","1"
"07/04/2024","Primary","Service - Late Pickup","1"
"07/03/2024","Non-Transportation","Customer","19"
"07/03/2024","Other/Unidentified Provider","Service - No Shows","2"
"07/03/2024","Other/Unidentified Provider","Service - Late Pickup","1"
"07/03/2024","Other/Unidentified Provider","Driver","1"
"07/03/2024","Non-Transportation","Travel Services (Same Day)","4"
"07/03/2024","Non-Transportation","Travel Planning (Res)","2"
"07/03/2024","Non-Transportation","Scheduling","1"
"07/03/2024","Non-Transportation","Policy","10"
"07/03/2024","Non-Transportation","IT/Technology","4"
"07/03/2024","Non-Transportation","Customer Relations","1"
"07/03/2024","Supplemental","Service - No Shows","2"
"07/03/2024","Supplemental","Driver","2"
"07/03/2024","Broker","Vehicles","3"
"07/03/2024","Broker","Service - Ride Time","9"
"07/03/2024","Broker","Service - Other","4"
"07/03/2024","Broker","Service - No Shows","18"
"07/03/2024","Broker","Service - Late Pickup","2"
"07/03/2024","Broker","Driver","33"
"07/03/2024","Primary","Vehicles","1"
"07/03/2024","Primary","Service - Ride Time","5"
"07/03/2024","Primary","Service - Other","2"
"07/03/2024","Primary","Service - No Shows","8"
"07/03/2024","Primary","Service - Late Pickup","9"
"07/03/2024","Primary","Driver","10"
"07/02/2024","Primary","Driver","12"
"07/02/2024","Other/Unidentified Provider","Service - Ride Time","1"
"07/02/2024","Other/Unidentified Provider","Service - No Shows","1"
"07/02/2024","Other/Unidentified Provider","Driver","3"
"07/02/2024","Non-Transportation","Travel Services (Same Day)","4"
"07/02/2024","Non-Transportation","Travel Planning (Res)","3"
"07/02/2024","Non-Transportation","Scheduling","1"
"07/02/2024","Non-Transportation","Policy","10"
"07/02/2024","Non-Transportation","IT/Technology","7"
"07/02/2024","Non-Transportation","Eligibility","2"
"07/02/2024","Non-Transportation","Customer","14"
"07/02/2024","Supplemental","Service - No Shows","5"
"07/02/2024","Supplemental","Driver","2"
"07/02/2024","Broker","Vehicles","1"
"07/02/2024","Broker","Service - Ride Time","11"
"07/02/2024","Broker","Service - Other","2"
"07/02/2024","Broker","Service - No Shows","19"
"07/02/2024","Broker","Service - Late Pickup","7"
"07/02/2024","Broker","Driver","43"
"07/02/2024","Primary","Service - Ride Time","6"
"07/02/2024","Primary","Service - Other","2"
"07/02/2024","Primary","Service - No Shows","17"
"07/02/2024","Primary","Service - Late Pickup","5"
"07/01/2024","Non-Transportation","Customer","21"
"07/01/2024","Other/Unidentified Provider","Service - No Shows","1"
"07/01/2024","Non-Transportation","Travel Services (Same Day)","8"
"07/01/2024","Non-Transportation","Travel Planning (Res)","7"
"07/01/2024","Non-Transportation","Scheduling","2"
"07/01/2024","Non-Transportation","Policy","12"
"07/01/2024","Non-Transportation","IT/Technology","1"
"07/01/2024","Non-Transportation","Customer Relations","1"
"07/01/2024","Broker","Driver","50"
"07/01/2024","Primary","Service - Ride Time","1"
"07/01/2024","Primary","Service - No Shows","8"
"07/01/2024","Primary","Service - Late Pickup","7"
"07/01/2024","Primary","Driver","8"
"07/01/2024","Supplemental","Vehicles","2"
"07/01/2024","Supplemental","Service - Ride Time","1"
"07/01/2024","Supplemental","Service - Other","1"
"07/01/2024","Supplemental","Service - Late Pickup","1"
"07/01/2024","Supplemental","Driver","2"
"07/01/2024","Broker","Service - Ride Time","9"
"07/01/2024","Broker","Service - Other","5"
"07/01/2024","Broker","Service - No Shows","23"
"07/01/2024","Broker","Service - Late Pickup","6"
"06/30/2024","Other/Unidentified Provider","Driver","1"
"06/30/2024","Non-Transportation","Policy","3"
"06/30/2024","Primary","Driver","1"
"06/30/2024","Broker","Driver","3"
"06/30/2024","Non-Transportation","Customer","1"
"06/29/2024","Non-Transportation","Policy","3"
"06/29/2024","Non-Transportation","Travel Services (Same Day)","1"
"06/29/2024","Non-Transportation","IT/Technology","1"
"06/29/2024","Broker","Service - Other","1"
"06/29/2024","Broker","Service - No Shows","1"
"06/29/2024","Broker","Service - Late Pickup","1"
"06/29/2024","Broker","Driver","3"
"06/28/2024","Primary","Driver","7"
"06/28/2024","Other/Unidentified Provider","Driver","1"
"06/28/2024","Non-Transportation","Travel Services (Same Day)","4"
"06/28/2024","Non-Transportation","Travel Planning (Res)","4"
"06/28/2024","Non-Transportation","Scheduling","4"
"06/28/2024","Non-Transportation","Policy","6"
"06/28/2024","Non-Transportation","IT/Technology","5"
"06/28/2024","Non-Transportation","Customer Relations","3"
"06/28/2024","Non-Transportation","Customer","3"
"06/28/2024","Supplemental","Service - Ride Time","1"
"06/28/2024","Supplemental","Service - No Shows","1"
"06/28/2024","Supplemental","Service - Late Pickup","2"
"06/28/2024","Supplemental","Driver","1"
"06/28/2024","Broker","Vehicles","3"
"06/28/2024","Broker","Service - Ride Time","8"
"06/28/2024","Broker","Service - Other","6"
"06/28/2024","Broker","Service - No Shows","21"
"06/28/2024","Broker","Service - Late Pickup","4"
"06/28/2024","Broker","Driver","41"
"06/28/2024","Primary","Vehicles","1"
"06/28/2024","Primary","Service - Ride Time","8"
"06/28/2024","Primary","Service - No Shows","6"
"06/28/2024","Primary","Service - Late Pickup","7"
"06/27/2024","Primary","Service - No Shows","11"
"06/27/2024","Other/Unidentified Provider","Service - No Shows","1"
"06/27/2024","Other/Unidentified Provider","Driver","3"
"06/27/2024","Non-Transportation","Travel Services (Same Day)","5"
"06/27/2024","Non-Transportation","Travel Planning (Res)","9"
"06/27/2024","Non-Transportation","Scheduling","3"
"06/27/2024","Non-Transportation","Policy","10"
"06/27/2024","Non-Transportation","IT/Technology","16"
"06/27/2024","Non-Transportation","Eligibility","2"
"06/27/2024","Non-Transportation","Customer","8"
"06/27/2024","E-Hail","Driver","1"
"06/27/2024","Supplemental","Vehicles","1"
"06/27/2024","Supplemental","Service - No Shows","2"
"06/27/2024","Supplemental","Service - Late Pickup","1"
"06/27/2024","Broker","Vehicles","3"
"06/27/2024","Broker","Service - Ride Time","10"
"06/27/2024","Broker","Service - Other","5"
"06/27/2024","Broker","Service - No Shows","26"
"06/27/2024","Broker","Service - Late Pickup","9"
"06/27/2024","Broker","Driver","33"
"06/27/2024","Primary","Vehicles","1"
"06/27/2024","Primary","Service - Ride Time","2"
"06/27/2024","Primary","Service - Other","2"
"06/27/2024","Primary","Service - Late Pickup","4"
"06/27/2024","Primary","Driver","14"
"06/26/2024","Primary","Service - Late Pickup","13"
"06/26/2024","Other/Unidentified Provider","Driver","1"
"06/26/2024","Non-Transportation","Travel Services (Same Day)","3"
"06/26/2024","Non-Transportation","Travel Planning (Res)","7"
"06/26/2024","Non-Transportation","Scheduling","2"
"06/26/2024","Non-Transportation","Policy","14"
"06/26/2024","Non-Transportation","IT/Technology","6"
"06/26/2024","Non-Transportation","Eligibility","2"
"06/26/2024","Non-Transportation","Customer","4"
"06/26/2024","E-Hail","Service - Late Pickup","1"
"06/26/2024","E-Hail","Driver","1"
"06/26/2024","Supplemental","Vehicles","3"
"06/26/2024","Supplemental","Service - Ride Time","2"
"06/26/2024","Supplemental","Service - No Shows","2"
"06/26/2024","Supplemental","Service - Late Pickup","1"
"06/26/2024","Supplemental","Driver","3"
"06/26/2024","Broker","Vehicles","3"
"06/26/2024","Broker","Service - Ride Time","11"
"06/26/2024","Broker","Service - Other","7"
"06/26/2024","Broker","Service - No Shows","33"
"06/26/2024","Broker","Service - Late Pickup","5"
"06/26/2024","Broker","Driver","41"
"06/26/2024","Primary","Vehicles","2"
"06/26/2024","Primary","Service - Ride Time","5"
"06/26/2024","Primary","Driver","12"
"06/26/2024","Primary","Service - No Shows","19"
"06/25/2024","Other/Unidentified Provider","Service - No Shows","4"
"06/25/2024","Other/Unidentified Provider","Driver","4"
"06/25/2024","Non-Transportation","Travel Services (Same Day)","6"
"06/25/2024","Non-Transportation","Travel Planning (Res)","5"
"06/25/2024","Non-Transportation","Scheduling","1"
"06/25/2024","Non-Transportation","Policy","5"
"06/25/2024","Non-Transportation","IT/Technology","2"
"06/25/2024","Non-Transportation","Eligibility","2"
"06/25/2024","Non-Transportation","Customer","10"
"06/25/2024","Supplemental","Vehicles","1"
"06/25/2024","Supplemental","Service - Ride Time","1"
"06/25/2024","Supplemental","Service - Other","2"
"06/25/2024","Supplemental","Service - No Shows","3"
"06/25/2024","Supplemental","Service - Late Pickup","1"
"06/25/2024","Supplemental","Driver","1"
"06/25/2024","Broker","Vehicles","3"
"06/25/2024","Broker","Service - Ride Time","12"
"06/25/2024","Broker","Service - Other","5"
"06/25/2024","Broker","Service - No Shows","28"
"06/25/2024","Broker","Service - Late Pickup","9"
"06/25/2024","Broker","Driver","25"
"06/25/2024","Primary","Vehicles","2"
"06/25/2024","Primary","Service - Ride Time","9"
"06/25/2024","Primary","Service - No Shows","23"
"06/25/2024","Primary","Service - Late Pickup","15"
"06/25/2024","Primary","Driver","12"
"06/24/2024","Primary","Driver","8"
"06/24/2024","Other/Unidentified Provider","Service - Other","1"
"06/24/2024","Other/Unidentified Provider","Service - No Shows","1"
"06/24/2024","Other/Unidentified Provider","Driver","1"
"06/24/2024","Non-Transportation","Travel Services (Same Day)","6"
"06/24/2024","Non-Transportation","Travel Planning (Res)","5"
"06/24/2024","Non-Transportation","Policy","16"
"06/24/2024","Non-Transportation","IT/Technology","4"
"06/24/2024","Non-Transportation","Eligibility","1"
"06/24/2024","Non-Transportation","Customer","7"
"06/24/2024","E-Hail","Driver","1"
"06/24/2024","Supplemental","Service - Late Pickup","1"
"06/24/2024","Supplemental","Driver","2"
"06/24/2024","Broker","Vehicles","6"
"06/24/2024","Broker","Service - Ride Time","12"
"06/24/2024","Broker","Service - Other","6"
"06/24/2024","Broker","Service - No Shows","31"
"06/24/2024","Broker","Service - Late Pickup","4"
"06/24/2024","Broker","Driver","41"
"06/24/2024","Primary","Vehicles","6"
"06/24/2024","Primary","Service - Ride Time","4"
"06/24/2024","Primary","Service - Other","2"
"06/24/2024","Primary","Service - No Shows","20"
"06/24/2024","Primary","Service - Late Pickup","7"
"06/23/2024","Primary","Service - Ride Time","1"
"06/23/2024","Non-Transportation","Policy","1"
"06/23/2024","Broker","Service - No Shows","1"
"06/23/2024","Broker","Driver","2"
"06/23/2024","Primary","Driver","1"
"06/22/2024","Primary","Service - Ride Time","1"
"06/22/2024","Non-Transportation","Travel Services (Same Day)","1"
"06/22/2024","Non-Transportation","IT/Technology","1"
"06/22/2024","Non-Transportation","Customer","1"
"06/22/2024","Broker","Service - No Shows","2"
"06/22/2024","Broker","Driver","2"
"06/22/2024","Primary","Service - No Shows","1"
"06/21/2024","Primary","Service - No Shows","23"
"06/21/2024","Other/Unidentified Provider","Service - No Shows","2"
"06/21/2024","Other/Unidentified Provider","Driver","1"
"06/21/2024","Non-Transportation","Travel Services (Same Day)","4"
"06/21/2024","Non-Transportation","Travel Planning (Res)","12"
"06/21/2024","Non-Transportation","Scheduling","4"
"06/21/2024","Non-Transportation","Policy","5"
"06/21/2024","Non-Transportation","IT/Technology","4"
"06/21/2024","Non-Transportation","Eligibility","3"
"06/21/2024","Non-Transportation","Customer","2"
"06/21/2024","E-Hail","Service - Late Pickup","2"
"06/21/2024","Supplemental","Vehicles","2"
"06/21/2024","Supplemental","Service - Ride Time","3"
"06/21/2024","Supplemental","Service - Other","1"
"06/21/2024","Supplemental","Service - No Shows","1"
"06/21/2024","Supplemental","Driver","1"
"06/21/2024","Broker","Vehicles","6"
"06/21/2024","Broker","Service - Ride Time","7"
"06/21/2024","Broker","Service - Other","1"
"06/21/2024","Broker","Service - No Shows","23"
"06/21/2024","Broker","Service - Late Pickup","5"
"06/21/2024","Broker","Driver","44"
"06/21/2024","Primary","Vehicles","1"
"06/21/2024","Primary","Service - Ride Time","3"
"06/21/2024","Primary","Service - Other","1"
"06/21/2024","Primary","Service - Late Pickup","8"
"06/21/2024","Primary","Driver","19"
"06/20/2024","Primary","Service - Late Pickup","11"
"06/20/2024","Primary","Driver","8"
"06/20/2024","Other/Unidentified Provider","Service - Late Pickup","1"
"06/20/2024","Other/Unidentified Provider","Driver","3"
"06/20/2024","Non-Transportation","Travel Services (Same Day)","7"
"06/20/2024","Non-Transportation","Travel Planning (Res)","4"
"06/20/2024","Non-Transportation","Scheduling","3"
"06/20/2024","Non-Transportation","Policy","13"
"06/20/2024","Non-Transportation","IT/Technology","6"
"06/20/2024","Non-Transportation","Eligibility","5"
"06/20/2024","Other/Unidentified Provider","Service - No Shows","3"
"06/20/2024","Non-Transportation","Customer Relations","1"
"06/20/2024","Non-Transportation","Customer","9"
"06/20/2024","Supplemental","Vehicles","2"
"06/20/2024","Supplemental","Service - Ride Time","1"
"06/20/2024","Supplemental","Service - Other","1"
"06/20/2024","Supplemental","Service - No Shows","3"
"06/20/2024","Supplemental","Service - Late Pickup","1"
"06/20/2024","Supplemental","Driver","3"
"06/20/2024","Broker","Vehicles","1"
"06/20/2024","Broker","Service - Ride Time","10"
"06/20/2024","Broker","Service - Other","5"
"06/20/2024","Broker","Service - No Shows","28"
"06/20/2024","Broker","Service - Late Pickup","12"
"06/20/2024","Broker","Driver","45"
"06/20/2024","Primary","Vehicles","5"
"06/20/2024","Primary","Service - Ride Time","6"
"06/20/2024","Primary","Service - No Shows","21"
"06/19/2024","Broker","Service - Ride Time","1"
"06/19/2024","Primary","Driver","1"
"06/19/2024","Other/Unidentified Provider","Driver","2"
"06/19/2024","Non-Transportation","Travel Planning (Res)","1"
"06/19/2024","Non-Transportation","Policy","2"
"06/19/2024","Primary","Vehicles","1"
"06/19/2024","Broker","Driver","4"
"06/18/2024","Broker","Service - Other","9"
"06/18/2024","Other/Unidentified Provider","Service - Ride Time","1"
"06/18/2024","Other/Unidentified Provider","Service - No Shows","2"
"06/18/2024","Other/Unidentified Provider","Driver","5"
"06/18/2024","Non-Transportation","Travel Services (Same Day)","4"
"06/18/2024","Non-Transportation","Travel Planning (Res)","9"
"06/18/2024","Non-Transportation","Scheduling","3"
"06/18/2024","Non-Transportation","Policy","5"
"06/18/2024","Non-Transportation","IT/Technology","2"
"06/18/2024","Non-Transportation","Customer","15"
"06/18/2024","Supplemental","Vehicles","4"
"06/18/2024","Supplemental","Service - No Shows","2"
"06/18/2024","Supplemental","Driver","3"
"06/18/2024","Broker","Vehicles","3"
"06/18/2024","Broker","Service - Ride Time","15"
"06/18/2024","Broker","Service - No Shows","21"
"06/18/2024","Broker","Service - Late Pickup","11"
"06/18/2024","Broker","Driver","46"
"06/18/2024","Primary","Vehicles","1"
"06/18/2024","Primary","Service - Ride Time","5"
"06/18/2024","Primary","Service - Other","4"
"06/18/2024","Primary","Service - No Shows","22"
"06/18/2024","Primary","Service - Late Pickup","9"
"06/18/2024","Primary","Driver","13"
"06/17/2024","Primary","Driver","7"
"06/17/2024","Other/Unidentified Provider","Service - No Shows","3"
"06/17/2024","Other/Unidentified Provider","Driver","1"
"06/17/2024","Non-Transportation","Travel Services (Same Day)","15"
"06/17/2024","Non-Transportation","Travel Planning (Res)","11"
"06/17/2024","Non-Transportation","Scheduling","5"
"06/17/2024","Non-Transportation","Policy","9"
"06/17/2024","Non-Transportation","IT/Technology","5"
"06/17/2024","Non-Transportation","Eligibility","3"
"06/17/2024","Non-Transportation","Customer","9"
"06/17/2024","Supplemental","Service - Ride Time","2"
"06/17/2024","Supplemental","Service - No Shows","3"
"06/17/2024","Supplemental","Driver","4"
"06/17/2024","Broker","Service - Ride Time","8"
"06/17/2024","Broker","Service - Other","6"
"06/17/2024","Broker","Service - No Shows","52"
"06/17/2024","Broker","Service - Late Pickup","9"
"06/17/2024","Broker","Driver","42"
"06/17/2024","Primary","Vehicles","1"
"06/17/2024","Primary","Service - Ride Time","7"
"06/17/2024","Primary","Service - Other","1"
"06/17/2024","Primary","Service - No Shows","21"
"06/17/2024","Primary","Service - Late Pickup","9"
"06/16/2024","Primary","Service - Late Pickup","1"
"06/16/2024","Non-Transportation","Travel Planning (Res)","1"
"06/16/2024","Non-Transportation","IT/Technology","1"
"06/16/2024","Non-Transportation","Customer","1"
"06/16/2024","Broker","Service - No Shows","1"
"06/16/2024","Primary","Driver","1"
"06/15/2024","Broker","Driver","1"
"06/15/2024","Non-Transportation","Travel Planning (Res)","2"
"06/15/2024","Non-Transportation","IT/Technology","1"
"06/15/2024","Broker","Service - No Shows","1"
"06/15/2024","Broker","Service - Late Pickup","1"
"06/15/2024","Primary","Service - No Shows","1"
"06/14/2024","Broker","Service - Ride Time","10"
"06/14/2024","Other/Unidentified Provider","Service - Ride Time","1"
"06/14/2024","Other/Unidentified Provider","Driver","1"
"06/14/2024","Non-Transportation","Travel Services (Same Day)","6"
"06/14/2024","Non-Transportation","Travel Planning (Res)","7"
"06/14/2024","Non-Transportation","Scheduling","2"
"06/14/2024","Non-Transportation","Policy","11"
"06/14/2024","Non-Transportation","IT/Technology","1"
"06/14/2024","Non-Transportation","Customer","9"
"06/14/2024","E-Hail","Driver","1"
"06/14/2024","Supplemental","Vehicles","2"
"06/14/2024","Supplemental","Service - Ride Time","1"
"06/14/2024","Supplemental","Service - Other","1"
"06/14/2024","Supplemental","Service - No Shows","2"
"06/14/2024","Supplemental","Driver","1"
"06/14/2024","Broker","Vehicles","4"
"06/14/2024","Broker","Service - Other","5"
"06/14/2024","Broker","Service - No Shows","22"
"06/14/2024","Broker","Service - Late Pickup","2"
"06/14/2024","Broker","Driver","28"
"06/14/2024","Primary","Vehicles","3"
"06/14/2024","Primary","Service - Ride Time","3"
"06/14/2024","Primary","Service - No Shows","14"
"06/14/2024","Primary","Service - Late Pickup","1"
"06/14/2024","Primary","Driver","10"
"06/13/2024","Primary","Service - Late Pickup","12"
"06/13/2024","Other/Unidentified Provider","Service - Ride Time","1"
"06/13/2024","Non-Transportation","Travel Services (Same Day)","7"
"06/13/2024","Non-Transportation","Travel Planning (Res)","1"
"06/13/2024","Non-Transportation","Scheduling","3"
"06/13/2024","Non-Transportation","Policy","13"
"06/13/2024","Non-Transportation","IT/Technology","1"
"06/13/2024","Non-Transportation","Eligibility","1"
"06/13/2024","Non-Transportation","Customer Relations","1"
"06/13/2024","Non-Transportation","Customer","4"
"06/13/2024","Supplemental","Vehicles","1"
"06/13/2024","Supplemental","Service - No Shows","3"
"06/13/2024","Supplemental","Service - Late Pickup","2"
"06/13/2024","Supplemental","Driver","4"
"06/13/2024","Primary","Driver","9"
"06/13/2024","Broker","Vehicles","4"
"06/13/2024","Broker","Service - Ride Time","14"
"06/13/2024","Broker","Service - Other","6"
"06/13/2024","Broker","Service - No Shows","19"
"06/13/2024","Broker","Driver","39"
"06/13/2024","Primary","Vehicles","2"
"06/13/2024","Primary","Service - Ride Time","4"
"06/13/2024","Primary","Service - No Shows","22"
"06/12/2024","Primary","Vehicles","3"
"06/12/2024","Other/Unidentified Provider","Service - No Shows","2"
"06/12/2024","Other/Unidentified Provider","Driver","1"
"06/12/2024","Non-Transportation","Travel Services (Same Day)","2"
"06/12/2024","Non-Transportation","Travel Planning (Res)","3"
"06/12/2024","Non-Transportation","Scheduling","3"
"06/12/2024","Non-Transportation","Policy","10"
"06/12/2024","Non-Transportation","IT/Technology","6"
"06/12/2024","Non-Transportation","Customer","10"
"06/12/2024","Supplemental","Vehicles","1"
"06/12/2024","Supplemental","Service - No Shows","2"
"06/12/2024","Supplemental","Service - Late Pickup","2"
"06/12/2024","Supplemental","Driver","3"
"06/12/2024","Broker","Vehicles","2"
"06/12/2024","Broker","Service - Ride Time","8"
"06/12/2024","Broker","Service - Other","3"
"06/12/2024","Broker","Service - No Shows","16"
"06/12/2024","Broker","Service - Late Pickup","5"
"06/12/2024","Broker","Driver","30"
"06/12/2024","Primary","Service - Ride Time","11"
"06/12/2024","Primary","Service - No Shows","13"
"06/12/2024","Primary","Service - Late Pickup","7"
"06/12/2024","Primary","Driver","15"
"06/11/2024","Supplemental","Service - Ride Time","3"
"06/11/2024","Other/Unidentified Provider","Driver","2"
"06/11/2024","Non-Transportation","Travel Services (Same Day)","5"
"06/11/2024","Non-Transportation","Travel Planning (Res)","6"
"06/11/2024","Non-Transportation","Scheduling","2"
"06/11/2024","Non-Transportation","Policy","8"
"06/11/2024","Non-Transportation","IT/Technology","6"
"06/11/2024","Non-Transportation","Eligibility","2"
"06/11/2024","Non-Transportation","Customer Relations","1"
"06/11/2024","Non-Transportation","Customer","6"
"06/11/2024","Supplemental","Service - No Shows","3"
"06/11/2024","Supplemental","Driver","3"
"06/11/2024","Broker","Service - Ride Time","8"
"06/11/2024","Broker","Service - Other","7"
"06/11/2024","Broker","Service - No Shows","25"
"06/11/2024","Broker","Service - Late Pickup","10"
"06/11/2024","Broker","Driver","45"
"06/11/2024","Primary","Service - Ride Time","5"
"06/11/2024","Primary","Service - Other","1"
"06/11/2024","Primary","Service - No Shows","15"
"06/11/2024","Primary","Service - Late Pickup","9"
"06/11/2024","Primary","Driver","15"
"06/10/2024","Primary","Service - Late Pickup","12"
"06/10/2024","Other/Unidentified Provider","Driver","2"
"06/10/2024","Non-Transportation","Travel Services (Same Day)","12"
"06/10/2024","Non-Transportation","Travel Planning (Res)","5"
"06/10/2024","Non-Transportation","Policy","16"
"06/10/2024","Non-Transportation","Other","1"
"06/10/2024","Non-Transportation","IT/Technology","2"
"06/10/2024","Non-Transportation","Eligibility","2"
"06/10/2024","Non-Transportation","Customer","8"
"06/10/2024","Supplemental","Service - Ride Time","3"
"06/10/2024","Primary","Driver","9"
"06/10/2024","Supplemental","Service - No Shows","4"
"06/10/2024","Supplemental","Driver","2"
"06/10/2024","Broker","Vehicles","1"
"06/10/2024","Broker","Service - Ride Time","9"
"06/10/2024","Broker","Service - Other","5"
"06/10/2024","Broker","Service - No Shows","26"
"06/10/2024","Broker","Service - Late Pickup","6"
"06/10/2024","Broker","Driver","46"
"06/10/2024","Primary","Service - Ride Time","10"
"06/10/2024","Primary","Service - Other","2"
"06/10/2024","Primary","Service - No Shows","29"
"06/09/2024","Primary","Driver","1"
"06/09/2024","Non-Transportation","Policy","1"
"06/09/2024","Non-Transportation","IT/Technology","1"
"06/09/2024","Broker","Service - Late Pickup","2"
"06/09/2024","Broker","Driver","1"
"06/08/2024","Primary","Vehicles","1"
"06/08/2024","Non-Transportation","Customer","1"
"06/08/2024","Broker","Driver","1"
"06/07/2024","Non-Transportation","Travel Services (Same Day)","5"
"06/07/2024","Non-Transportation","Travel Planning (Res)","6"
"06/07/2024","Non-Transportation","Scheduling","2"
"06/07/2024","Non-Transportation","Policy","8"
"06/07/2024","Non-Transportation","IT/Technology","10"
"06/07/2024","Non-Transportation","Customer","6"
"06/07/2024","Supplemental","Service - Ride Time","1"
"06/07/2024","Other/Unidentified Provider","Vehicles","1"
"06/07/2024","Other/Unidentified Provider","Driver","3"
"06/07/2024","Supplemental","Service - Other","1"
"06/07/2024","Supplemental","Service - No Shows","3"
"06/07/2024","Supplemental","Service - Late Pickup","2"
"06/07/2024","Supplemental","Driver","2"
"06/07/2024","Broker","Service - Ride Time","9"
"06/07/2024","Broker","Service - Other","3"
"06/07/2024","Broker","Service - No Shows","15"
"06/07/2024","Broker","Service - Late Pickup","8"
"06/07/2024","Broker","Driver","34"
"06/07/2024","Primary","Vehicles","1"
"06/07/2024","Primary","Service - Ride Time","5"
"06/07/2024","Primary","Service - No Shows","15"
"06/07/2024","Primary","Service - Late Pickup","9"
"06/07/2024","Primary","Driver","9"
"06/06/2024","Primary","Service - Ride Time","11"
"06/06/2024","Other/Unidentified Provider","Driver","1"
"06/06/2024","Non-Transportation","Travel Services (Same Day)","4"
"06/06/2024","Non-Transportation","Travel Planning (Res)","4"
"06/06/2024","Non-Transportation","Scheduling","1"
"06/06/2024","Non-Transportation","Policy","10"
"06/06/2024","Non-Transportation","IT/Technology","1"
"06/06/2024","Non-Transportation","Eligibility","2"
"06/06/2024","Non-Transportation","Customer","5"
"06/06/2024","Primary","Service - No Shows","18"
"06/06/2024","E-Hail","Driver","1"
"06/06/2024","Supplemental","Service - No Shows","2"
"06/06/2024","Supplemental","Service - Late Pickup","1"
"06/06/2024","Supplemental","Driver","1"
"06/06/2024","Broker","Vehicles","3"
"06/06/2024","Primary","Driver","10"
"06/06/2024","Broker","Service - Ride Time","13"
"06/06/2024","Broker","Service - Other","11"
"06/06/2024","Broker","Service - No Shows","17"
"06/06/2024","Broker","Service - Late Pickup","6"
"06/06/2024","Primary","Service - Late Pickup","3"
"06/06/2024","Broker","Driver","50"
"06/06/2024","Primary","Vehicles","2"
"06/05/2024","Broker","Service - Other","9"
"06/05/2024","Other/Unidentified Provider","Service - Other","1"
"06/05/2024","Other/Unidentified Provider","Service - No Shows","1"
"06/05/2024","Non-Transportation","Travel Services (Same Day)","2"
"06/05/2024","Non-Transportation","Travel Planning (Res)","4"
"06/05/2024","Non-Transportation","Policy","11"
"06/05/2024","Non-Transportation","IT/Technology","6"
"06/05/2024","Non-Transportation","Customer Relations","1"
"06/05/2024","Non-Transportation","Customer","6"
"06/05/2024","Supplemental","Service - Ride Time","4"
"06/05/2024","Supplemental","Service - No Shows","4"
"06/05/2024","Supplemental","Service - Late Pickup","2"
"06/05/2024","Supplemental","Driver","1"
"06/05/2024","Broker","Vehicles","1"
"06/05/2024","Broker","Service - Ride Time","25"
"06/05/2024","Broker","Service - No Shows","20"
"06/05/2024","Broker","Service - Late Pickup","6"
"06/05/2024","Broker","Driver","51"
"06/05/2024","Primary","Service - Ride Time","12"
"06/05/2024","Primary","Service - Other","1"
"06/05/2024","Primary","Service - No Shows","29"
"06/05/2024","Primary","Service - Late Pickup","10"
"06/05/2024","Primary","Driver","7"
"06/04/2024","Primary","Driver","3"
"06/04/2024","Other/Unidentified Provider","Driver","4"
"06/04/2024","Non-Transportation","Travel Services (Same Day)","10"
"06/04/2024","Non-Transportation","Travel Planning (Res)","6"
"06/04/2024","Non-Transportation","Scheduling","2"
"06/04/2024","Non-Transportation","Policy","14"
"06/04/2024","Non-Transportation","IT/Technology","3"
"06/04/2024","Non-Transportation","Customer","7"
"06/04/2024","Supplemental","Service - Ride Time","1"
"06/04/2024","Supplemental","Service - No Shows","2"
"06/04/2024","Supplemental","Service - Late Pickup","1"
"06/04/2024","Supplemental","Driver","1"
"06/04/2024","Broker","Vehicles","1"
"06/04/2024","Broker","Service - Ride Time","14"
"06/04/2024","Broker","Service - No Shows","19"
"06/04/2024","Broker","Service - Late Pickup","10"
"06/04/2024","Broker","Driver","45"
"06/04/2024","Primary","Vehicles","2"
"06/04/2024","Primary","Service - Ride Time","7"
"06/04/2024","Primary","Service - Other","1"
"06/04/2024","Primary","Service - No Shows","26"
"06/04/2024","Primary","Service - Late Pickup","10"
"06/03/2024","Supplemental","Service - Ride Time","2"
"06/03/2024","Other/Unidentified Provider","Service - Other","1"
"06/03/2024","Other/Unidentified Provider","Service - Late Pickup","1"
"06/03/2024","Other/Unidentified Provider","Driver","4"
"06/03/2024","Non-Transportation","Travel Services (Same Day)","6"
"06/03/2024","Non-Transportation","Travel Planning (Res)","10"
"06/03/2024","Non-Transportation","Scheduling","3"
"06/03/2024","Non-Transportation","Policy","11"
"06/03/2024","Non-Transportation","IT/Technology","2"
"06/03/2024","Non-Transportation","Eligibility","4"
"06/03/2024","Non-Transportation","Customer","7"
"06/03/2024","Supplemental","Service - No Shows","7"
"06/03/2024","Supplemental","Service - Late Pickup","2"
"06/03/2024","Supplemental","Driver","4"
"06/03/2024","Broker","Vehicles","3"
"06/03/2024","Broker","Service - Ride Time","12"
"06/03/2024","Broker","Service - Other","2"
"06/03/2024","Broker","Service - No Shows","25"
"06/03/2024","Broker","Service - Late Pickup","12"
"06/03/2024","Broker","Driver","46"
"06/03/2024","Primary","Service - Ride Time","7"
"06/03/2024","Primary","Service - Other","5"
"06/03/2024","Primary","Service - No Shows","28"
"06/03/2024","Primary","Service - Late Pickup","15"
"06/03/2024","Primary","Driver","12"
"06/02/2024","Non-Transportation","Travel Services (Same Day)","1"
"06/02/2024","Broker","Driver","2"
"06/02/2024","Primary","Service - No Shows","2"
"06/02/2024","Primary","Service - Late Pickup","1"
"06/01/2024","Broker","Driver","1"
"06/01/2024","Primary","Service - Ride Time","1"
"06/01/2024","Primary","Driver","1"
"06/01/2024","Other/Unidentified Provider","Driver","1"
"06/01/2024","Non-Transportation","Travel Services (Same Day)","3"
"06/01/2024","Non-Transportation","Scheduling","1"
"06/01/2024","Broker","Service - Ride Time","1"
"06/01/2024","Supplemental","Service - Late Pickup","1"
"06/01/2024","Broker","Service - Other","1"
"06/01/2024","Broker","Service - No Shows","1"
"06/01/2024","Broker","Service - Late Pickup","1"
"05/31/2024","Supplemental","Driver","3"
"05/31/2024","Broker","Vehicles","3"
"05/31/2024","Broker","Service - Ride Time","8"
"05/31/2024","Broker","Service - Other","1"
"05/31/2024","Broker","Service - No Shows","23"
"05/31/2024","Broker","Service - Late Pickup","3"
"05/31/2024","Broker","Driver","30"
"05/31/2024","Primary","Service - Ride Time","7"
"05/31/2024","Primary","Service - Late Pickup","9"
"05/31/2024","Primary","Service - No Shows","13"
"05/31/2024","Other/Unidentified Provider","Vehicles","1"
"05/31/2024","Other/Unidentified Provider","Service - No Shows","1"
"05/31/2024","Other/Unidentified Provider","Driver","2"
"05/31/2024","Non-Transportation","Travel Services (Same Day)","5"
"05/31/2024","Non-Transportation","Travel Planning (Res)","5"
"05/31/2024","Non-Transportation","Scheduling","3"
"05/31/2024","Non-Transportation","Policy","10"
"05/31/2024","Non-Transportation","IT/Technology","4"
"05/31/2024","Non-Transportation","Eligibility","3"
"05/31/2024","Primary","Driver","11"
"05/31/2024","Non-Transportation","Customer","4"
"05/31/2024","E-Hail","Driver","1"
"05/31/2024","Supplemental","Service - No Shows","5"
"05/31/2024","Supplemental","Service - Late Pickup","1"
"05/30/2024","Primary","Service - Late Pickup","11"
"05/30/2024","Other/Unidentified Provider","Driver","2"
"05/30/2024","Non-Transportation","Travel Services (Same Day)","11"
"05/30/2024","Non-Transportation","Travel Planning (Res)","5"
"05/30/2024","Non-Transportation","Scheduling","2"
"05/30/2024","Non-Transportation","Policy","3"
"05/30/2024","Non-Transportation","IT/Technology","9"
"05/30/2024","Non-Transportation","Eligibility","4"
"05/30/2024","Non-Transportation","Customer","5"
"05/30/2024","E-Hail","Driver","1"
"05/30/2024","Supplemental","Service - No Shows","4"
"05/30/2024","Supplemental","Service - Late Pickup","1"
"05/30/2024","Broker","Vehicles","2"
"05/30/2024","Broker","Service - Ride Time","20"
"05/30/2024","Broker","Service - Other","7"
"05/30/2024","Broker","Service - No Shows","22"
"05/30/2024","Broker","Service - Late Pickup","4"
"05/30/2024","Broker","Driver","35"
"05/30/2024","Primary","Vehicles","2"
"05/30/2024","Primary","Service - Ride Time","6"
"05/30/2024","Primary","Service - No Shows","18"
"05/30/2024","Primary","Driver","11"
"05/29/2024","Primary","Driver","10"
"05/29/2024","Other/Unidentified Provider","Service - No Shows","2"
"05/29/2024","Non-Transportation","Travel Services (Same Day)","7"
"05/29/2024","Non-Transportation","Travel Planning (Res)","9"
"05/29/2024","Non-Transportation","Scheduling","1"
"05/29/2024","Non-Transportation","Policy","14"
"05/29/2024","Non-Transportation","IT/Technology","4"
"05/29/2024","Non-Transportation","Eligibility","3"
"05/29/2024","Non-Transportation","Customer Relations","1"
"05/29/2024","Non-Transportation","Customer","2"
"05/29/2024","Supplemental","Vehicles","1"
"05/29/2024","Supplemental","Service - Ride Time","1"
"05/29/2024","Supplemental","Service - No Shows","3"
"05/29/2024","Supplemental","Service - Late Pickup","1"
"05/29/2024","Supplemental","Driver","2"
"05/29/2024","Broker","Vehicles","3"
"05/29/2024","Broker","Service - Ride Time","10"
"05/29/2024","Broker","Service - Other","5"
"05/29/2024","Broker","Service - No Shows","17"
"05/29/2024","Broker","Service - Late Pickup","7"
"05/29/2024","Broker","Driver","35"
"05/29/2024","Primary","Service - Ride Time","3"
"05/29/2024","Primary","Service - No Shows","16"
"05/29/2024","Primary","Service - Late Pickup","8"
"05/28/2024","Broker","Service - No Shows","24"
"05/28/2024","Other/Unidentified Provider","Service - No Shows","1"
"05/28/2024","Other/Unidentified Provider","Service - Late Pickup","1"
"05/28/2024","Non-Transportation","Travel Services (Same Day)","2"
"05/28/2024","Non-Transportation","Travel Planning (Res)","5"
"05/28/2024","Non-Transportation","Scheduling","1"
"05/28/2024","Non-Transportation","Policy","8"
"05/28/2024","Non-Transportation","IT/Technology","4"
"05/28/2024","Non-Transportation","Customer","8"
"05/28/2024","Supplemental","Service - Ride Time","1"
"05/28/2024","Supplemental","Service - No Shows","1"
"05/28/2024","Supplemental","Driver","2"
"05/28/2024","Broker","Vehicles","2"
"05/28/2024","Broker","Service - Ride Time","10"
"05/28/2024","Broker","Service - Other","9"
"05/28/2024","Primary","Service - Ride Time","8"
"05/28/2024","Primary","Service - Other","3"
"05/28/2024","Primary","Service - No Shows","22"
"05/28/2024","Primary","Service - Late Pickup","12"
"05/28/2024","Primary","Driver","8"
"05/28/2024","Broker","Service - Late Pickup","8"
"05/28/2024","Broker","Driver","48"
"05/28/2024","Primary","Vehicles","1"
"05/27/2024","Primary","Driver","1"
"05/27/2024","Non-Transportation","Policy","1"
"05/27/2024","Broker","Service - No Shows","1"
"05/27/2024","Broker","Driver","1"
"05/27/2024","Primary","Service - Ride Time","1"
"05/26/2024","Non-Transportation","Travel Services (Same Day)","1"
"05/26/2024","Non-Transportation","Customer","1"
"05/26/2024","Supplemental","Service - Late Pickup","1"
"05/26/2024","Broker","Service - No Shows","1"
"05/26/2024","Primary","Service - Ride Time","1"
"05/25/2024","Primary","Service - Late Pickup","1"
"05/25/2024","Other/Unidentified Provider","Driver","1"
"05/25/2024","Non-Transportation","Policy","2"
"05/25/2024","Non-Transportation","IT/Technology","1"
"05/25/2024","Supplemental","Service - Late Pickup","1"
"05/25/2024","Broker","Service - No Shows","1"
"05/25/2024","Broker","Service - Late Pickup","1"
"05/25/2024","Broker","Driver","2"
"05/24/2024","Non-Transportation","Scheduling","1"
"05/24/2024","Other/Unidentified Provider","Service - No Shows","2"
"05/24/2024","Non-Transportation","Travel Services (Same Day)","2"
"05/24/2024","Non-Transportation","Travel Planning (Res)","4"
"05/24/2024","Non-Transportation","Policy","11"
"05/24/2024","Non-Transportation","IT/Technology","1"
"05/24/2024","Non-Transportation","Eligibility","1"
"05/24/2024","Non-Transportation","Customer","6"
"05/24/2024","Supplemental","Vehicles","1"
"05/24/2024","Supplemental","Service - No Shows","5"
"05/24/2024","Supplemental","Driver","4"
"05/24/2024","Broker","Vehicles","3"
"05/24/2024","Broker","Service - Ride Time","12"
"05/24/2024","Broker","Service - Other","2"
"05/24/2024","Broker","Service - No Shows","10"
"05/24/2024","Broker","Service - Late Pickup","12"
"05/24/2024","Broker","Driver","33"
"05/24/2024","Primary","Vehicles","1"
"05/24/2024","Primary","Service - Ride Time","5"
"05/24/2024","Primary","Service - No Shows","9"
"05/24/2024","Primary","Service - Late Pickup","11"
"05/24/2024","Primary","Driver","12"
"05/23/2024","Primary","Service - No Shows","11"
"05/23/2024","Other/Unidentified Provider","Driver","2"
"05/23/2024","Primary","Driver","14"
"05/23/2024","Non-Transportation","Travel Services (Same Day)","7"
"05/23/2024","Non-Transportation","Travel Planning (Res)","6"
"05/23/2024","Non-Transportation","Policy","8"
"05/23/2024","Non-Transportation","IT/Technology","3"
"05/23/2024","Non-Transportation","Eligibility","1"
"05/23/2024","Non-Transportation","Customer","3"
"05/23/2024","Supplemental","Service - Ride Time","3"
"05/23/2024","Supplemental","Service - No Shows","1"
"05/23/2024","Supplemental","Driver","1"
"05/23/2024","Broker","Vehicles","1"
"05/23/2024","Broker","Service - Ride Time","13"
"05/23/2024","Broker","Service - Other","5"
"05/23/2024","Broker","Service - No Shows","24"
"05/23/2024","Broker","Service - Late Pickup","10"
"05/23/2024","Primary","Service - Late Pickup","9"
"05/23/2024","Broker","Driver","46"
"05/23/2024","Primary","Service - Ride Time","7"
"05/22/2024","Other/Unidentified Provider","Service - No Shows","1"
"05/22/2024","Other/Unidentified Provider","Driver","2"
"05/22/2024","Non-Transportation","Travel Services (Same Day)","5"
"05/22/2024","Non-Transportation","Travel Planning (Res)","9"
"05/22/2024","Non-Transportation","Scheduling","2"
"05/22/2024","Non-Transportation","Policy","12"
"05/22/2024","Non-Transportation","IT/Technology","3"
"05/22/2024","Non-Transportation","Eligibility","2"
"05/22/2024","Non-Transportation","Customer","7"
"05/22/2024","E-Hail","Service - Late Pickup","1"
"05/22/2024","Supplemental","Vehicles","1"
"05/22/2024","Supplemental","Service - Ride Time","2"
"05/22/2024","Supplemental","Service - No Shows","1"
"05/22/2024","Supplemental","Service - Late Pickup","2"
"05/22/2024","Supplemental","Driver","2"
"05/22/2024","Broker","Vehicles","1"
"05/22/2024","Broker","Service - Ride Time","13"
"05/22/2024","Broker","Service - Other","9"
"05/22/2024","Broker","Service - No Shows","21"
"05/22/2024","Broker","Service - Late Pickup","10"
"05/22/2024","Broker","Driver","42"
"05/22/2024","Primary","Vehicles","2"
"05/22/2024","Primary","Service - Ride Time","8"
"05/22/2024","Primary","Service - Other","2"
"05/22/2024","Primary","Service - No Shows","13"
"05/22/2024","Primary","Service - Late Pickup","11"
"05/22/2024","Primary","Driver","13"
"05/21/2024","Primary","Driver","8"
"05/21/2024","Other/Unidentified Provider","Service - No Shows","1"
"05/21/2024","Other/Unidentified Provider","Driver","2"
"05/21/2024","Non-Transportation","Travel Services (Same Day)","5"
"05/21/2024","Non-Transportation","Travel Planning (Res)","4"
"05/21/2024","Non-Transportation","Policy","10"
"05/21/2024","Non-Transportation","IT/Technology","6"
"05/21/2024","Non-Transportation","Customer","9"
"05/21/2024","E-Hail","Driver","1"
"05/21/2024","Supplemental","Service - Ride Time","1"
"05/21/2024","Supplemental","Service - No Shows","4"
"05/21/2024","Supplemental","Service - Late Pickup","1"
"05/21/2024","Broker","Service - Ride Time","14"
"05/21/2024","Broker","Service - Other","2"
"05/21/2024","Broker","Service - No Shows","20"
"05/21/2024","Broker","Service - Late Pickup","8"
"05/21/2024","Broker","Driver","38"
"05/21/2024","Primary","Vehicles","1"
"05/21/2024","Primary","Service - Ride Time","4"
"05/21/2024","Primary","Service - Other","1"
"05/21/2024","Primary","Service - No Shows","15"
"05/21/2024","Primary","Service - Late Pickup","10"
"05/20/2024","E-Hail","Service - No Shows","1"
"05/20/2024","Other/Unidentified Provider","Vehicles","1"
"05/20/2024","Other/Unidentified Provider","Service - No Shows","2"
"05/20/2024","Non-Transportation","Travel Services (Same Day)","5"
"05/20/2024","Non-Transportation","Travel Planning (Res)","10"
"05/20/2024","Non-Transportation","Scheduling","5"
"05/20/2024","Non-Transportation","Policy","14"
"05/20/2024","Non-Transportation","IT/Technology","2"
"05/20/2024","Non-Transportation","Eligibility","4"
"05/20/2024","Non-Transportation","Customer Relations","1"
"05/20/2024","Non-Transportation","Customer","11"
"05/20/2024","Supplemental","Vehicles","2"
"05/20/2024","Supplemental","Service - No Shows","2"
"05/20/2024","Broker","Vehicles","3"
"05/20/2024","Broker","Service - Ride Time","16"
"05/20/2024","Broker","Service - Other","5"
"05/20/2024","Broker","Service - No Shows","21"
"05/20/2024","Broker","Service - Late Pickup","10"
"05/20/2024","Broker","Driver","45"
"05/20/2024","Primary","Vehicles","1"
"05/20/2024","Primary","Service - Ride Time","12"
"05/20/2024","Primary","Service - Other","2"
"05/20/2024","Primary","Service - No Shows","16"
"05/20/2024","Primary","Service - Late Pickup","14"
"05/20/2024","Primary","Driver","5"
"05/19/2024","Broker","Service - Late Pickup","1"
"05/19/2024","Primary","Driver","2"
"05/19/2024","Non-Transportation","Travel Planning (Res)","1"
"05/19/2024","Non-Transportation","IT/Technology","1"
"05/19/2024","Non-Transportation","Customer","1"
"05/19/2024","Supplemental","Driver","1"
"05/19/2024","Broker","Service - Other","1"
"05/18/2024","Supplemental","Service - No Shows","1"
"05/18/2024","Broker","Driver","3"
"05/18/2024","Primary","Service - No Shows","1"
"05/18/2024","Primary","Service - Late Pickup","1"
"05/18/2024","Primary","Driver","1"
"05/18/2024","Other/Unidentified Provider","Driver","1"
"05/18/2024","Non-Transportation","Travel Planning (Res)","1"
"05/18/2024","Non-Transportation","Policy","5"
"05/18/2024","Non-Transportation","IT/Technology","1"
"05/18/2024","Non-Transportation","Customer","1"
"05/17/2024","Broker","Service - No Shows","23"
"05/17/2024","Broker","Service - Late Pickup","8"
"05/17/2024","Broker","Driver","35"
"05/17/2024","Primary","Service - Ride Time","6"
"05/17/2024","Primary","Service - Other","1"
"05/17/2024","Primary","Service - Late Pickup","9"
"05/17/2024","Primary","Service - No Shows","9"
"05/17/2024","Other/Unidentified Provider","Service - Other","2"
"05/17/2024","Other/Unidentified Provider","Driver","4"
"05/17/2024","Non-Transportation","Travel Services (Same Day)","6"
"05/17/2024","Non-Transportation","Travel Planning (Res)","3"
"05/17/2024","Non-Transportation","Scheduling","5"
"05/17/2024","Non-Transportation","Policy","13"
"05/17/2024","Non-Transportation","IT/Technology","5"
"05/17/2024","Non-Transportation","Eligibility","2"
"05/17/2024","Primary","Driver","12"
"05/17/2024","Non-Transportation","Customer","3"
"05/17/2024","Supplemental","Service - Ride Time","3"
"05/17/2024","Supplemental","Service - No Shows","1"
"05/17/2024","Supplemental","Driver","3"
"05/17/2024","Broker","Vehicles","2"
"05/17/2024","Broker","Service - Ride Time","16"
"05/17/2024","Broker","Service - Other","6"
"05/16/2024","Non-Transportation","IT/Technology","4"
"05/16/2024","Other/Unidentified Provider","Service - No Shows","1"
"05/16/2024","Other/Unidentified Provider","Service - Late Pickup","1"
"05/16/2024","Other/Unidentified Provider","Driver","4"
"05/16/2024","Non-Transportation","Travel Services (Same Day)","5"
"05/16/2024","Non-Transportation","Travel Planning (Res)","9"
"05/16/2024","Non-Transportation","Scheduling","1"
"05/16/2024","Non-Transportation","Policy","11"
"05/16/2024","Non-Transportation","Eligibility","2"
"05/16/2024","Non-Transportation","Customer","6"
"05/16/2024","E-Hail","Service - Late Pickup","1"
"05/16/2024","Supplemental","Service - No Shows","3"
"05/16/2024","Supplemental","Service - Late Pickup","1"
"05/16/2024","Supplemental","Driver","1"
"05/16/2024","Broker","Vehicles","2"
"05/16/2024","Broker","Service - Ride Time","23"
"05/16/2024","Broker","Service - Other","6"
"05/16/2024","Broker","Service - No Shows","41"
"05/16/2024","Broker","Service - Late Pickup","14"
"05/16/2024","Broker","Driver","36"
"05/16/2024","Primary","Service - Ride Time","9"
"05/16/2024","Primary","Service - Other","1"
"05/16/2024","Primary","Service - No Shows","13"
"05/16/2024","Primary","Service - Late Pickup","10"
"05/16/2024","Primary","Driver","10"
"05/15/2024","Primary","Driver","8"
"05/15/2024","Other/Unidentified Provider","Driver","2"
"05/15/2024","Non-Transportation","Travel Services (Same Day)","5"
"05/15/2024","Non-Transportation","Travel Planning (Res)","5"
"05/15/2024","Non-Transportation","Scheduling","5"
"05/15/2024","Non-Transportation","Policy","10"
"05/15/2024","Non-Transportation","IT/Technology","8"
"05/15/2024","Non-Transportation","Customer","7"
"05/15/2024","E-Hail","Service - No Shows","1"
"05/15/2024","Supplemental","Service - Ride Time","1"
"05/15/2024","Supplemental","Service - Other","1"
"05/15/2024","Supplemental","Service - No Shows","1"
"05/15/2024","Supplemental","Driver","4"
"05/15/2024","Broker","Service - Ride Time","21"
"05/15/2024","Broker","Service - Other","5"
"05/15/2024","Broker","Service - No Shows","34"
"05/15/2024","Broker","Service - Late Pickup","6"
"05/15/2024","Broker","Driver","28"
"05/15/2024","Primary","Vehicles","1"
"05/15/2024","Primary","Service - Ride Time","12"
"05/15/2024","Primary","Service - No Shows","16"
"05/15/2024","Primary","Service - Late Pickup","6"
"05/14/2024","Non-Transportation","IT/Technology","3"
"05/14/2024","Other/Unidentified Provider","Service - No Shows","2"
"05/14/2024","Other/Unidentified Provider","Service - Late Pickup","1"
"05/14/2024","Other/Unidentified Provider","Driver","3"
"05/14/2024","Non-Transportation","Travel Services (Same Day)","2"
"05/14/2024","Non-Transportation","Travel Planning (Res)","2"
"05/14/2024","Non-Transportation","Scheduling","4"
"05/14/2024","Non-Transportation","Policy","11"
"05/14/2024","Non-Transportation","Eligibility","3"
"05/14/2024","Non-Transportation","Customer","12"
"05/14/2024","Supplemental","Service - No Shows","2"
"05/14/2024","Supplemental","Driver","1"
"05/14/2024","Broker","Vehicles","1"
"05/14/2024","Broker","Service - Ride Time","13"
"05/14/2024","Broker","Service - Other","10"
"05/14/2024","Broker","Service - No Shows","21"
"05/14/2024","Broker","Service - Late Pickup","17"
"05/14/2024","Broker","Driver","47"
"05/14/2024","Primary","Service - Ride Time","4"
"05/14/2024","Primary","Service - No Shows","22"
"05/14/2024","Primary","Service - Late Pickup","7"
"05/14/2024","Primary","Driver","15"
"05/13/2024","Primary","Service - Ride Time","8"
"05/13/2024","Primary","Service - No Shows","17"
"05/13/2024","Primary","Service - Late Pickup","9"
"05/13/2024","Primary","Driver","8"
"05/13/2024","Non-Transportation","Travel Planning (Res)","15"
"05/13/2024","Non-Transportation","Scheduling","1"
"05/13/2024","Non-Transportation","Policy","13"
"05/13/2024","Non-Transportation","IT/Technology","8"
"05/13/2024","Non-Transportation","Eligibility","4"
"05/13/2024","Other/Unidentified Provider","Service - Other","1"
"05/13/2024","Non-Transportation","Customer","6"
"05/13/2024","E-Hail","Driver","1"
"05/13/2024","Supplemental","Vehicles","1"
"05/13/2024","Supplemental","Service - Ride Time","2"
"05/13/2024","Supplemental","Service - No Shows","1"
"05/13/2024","Supplemental","Driver","3"
"05/13/2024","Broker","Vehicles","3"
"05/13/2024","Broker","Service - Ride Time","8"
"05/13/2024","Other/Unidentified Provider","Driver","4"
"05/13/2024","Broker","Service - Other","8"
"05/13/2024","Broker","Service - No Shows","25"
"05/13/2024","Non-Transportation","Travel Services (Same Day)","8"
"05/13/2024","Broker","Service - Late Pickup","11"
"05/13/2024","Broker","Driver","62"
"05/12/2024","Non-Transportation","Policy","1"
"05/12/2024","Broker","Service - No Shows","3"
"05/12/2024","Primary","Service - Late Pickup","1"
"05/12/2024","Primary","Driver","1"
"05/12/2024","Broker","Service - Ride Time","1"
"05/11/2024","Primary","Service - Late Pickup","1"
"05/11/2024","Broker","Service - Other","1"
"05/11/2024","Broker","Service - Ride Time","2"
"05/11/2024","Non-Transportation","Customer","1"
"05/11/2024","Broker","Service - No Shows","1"
"05/11/2024","Non-Transportation","IT/Technology","1"
"05/10/2024","Supplemental","Service - Late Pickup","1"
"05/10/2024","Other/Unidentified Provider","Driver","1"
"05/10/2024","Non-Transportation","Travel Services (Same Day)","3"
"05/10/2024","Non-Transportation","Travel Planning (Res)","6"
"05/10/2024","Non-Transportation","Policy","12"
"05/10/2024","Non-Transportation","IT/Technology","2"
"05/10/2024","Non-Transportation","Eligibility","1"
"05/10/2024","Non-Transportation","Customer","8"
"05/10/2024","Supplemental","Service - Ride Time","4"
"05/10/2024","Supplemental","Service - No Shows","2"
"05/10/2024","Supplemental","Driver","2"
"05/10/2024","Broker","Vehicles","2"
"05/10/2024","Broker","Service - Ride Time","12"
"05/10/2024","Broker","Service - Other","5"
"05/10/2024","Broker","Service - No Shows","17"
"05/10/2024","Broker","Service - Late Pickup","9"
"05/10/2024","Broker","Driver","31"
"05/10/2024","Primary","Vehicles","1"
"05/10/2024","Primary","Service - Ride Time","11"
"05/10/2024","Primary","Service - No Shows","6"
"05/10/2024","Primary","Service - Late Pickup","7"
"05/10/2024","Primary","Driver","6"
"05/09/2024","Non-Transportation","Travel Planning (Res)","8"
"05/09/2024","Non-Transportation","Policy","15"
"05/09/2024","Non-Transportation","IT/Technology","2"
"05/09/2024","Non-Transportation","Customer","6"
"05/09/2024","Supplemental","Service - Ride Time","1"
"05/09/2024","Supplemental","Service - No Shows","5"
"05/09/2024","Supplemental","Service - Late Pickup","1"
"05/09/2024","Supplemental","Driver","1"
"05/09/2024","Broker","Vehicles","3"
"05/09/2024","Broker","Service - Ride Time","18"
"05/09/2024","Broker","Service - Other","3"
"05/09/2024","Broker","Service - No Shows","28"
"05/09/2024","Broker","Service - Late Pickup","11"
"05/09/2024","Broker","Driver","36"
"05/09/2024","Primary","Vehicles","1"
"05/09/2024","Primary","Service - Ride Time","7"
"05/09/2024","Primary","Service - No Shows","14"
"05/09/2024","Primary","Service - Late Pickup","8"
"05/09/2024","Primary","Driver","10"
"05/09/2024","Other/Unidentified Provider","Driver","3"
"05/09/2024","Non-Transportation","Travel Services (Same Day)","8"
"05/08/2024","Primary","Service - Ride Time","4"
"05/08/2024","Primary","Service - No Shows","14"
"05/08/2024","Primary","Driver","8"
"05/08/2024","Primary","Service - Late Pickup","8"
"05/08/2024","Other/Unidentified Provider","Service - Late Pickup","1"
"05/08/2024","Other/Unidentified Provider","Driver","1"
"05/08/2024","Non-Transportation","Travel Services (Same Day)","6"
"05/08/2024","Non-Transportation","Travel Planning (Res)","11"
"05/08/2024","Non-Transportation","Scheduling","1"
"05/08/2024","Non-Transportation","Policy","14"
"05/08/2024","Non-Transportation","IT/Technology","4"
"05/08/2024","Non-Transportation","Eligibility","1"
"05/08/2024","Non-Transportation","Customer","9"
"05/08/2024","Supplemental","Vehicles","1"
"05/08/2024","Supplemental","Service - Ride Time","1"
"05/08/2024","Supplemental","Service - No Shows","1"
"05/08/2024","Supplemental","Driver","1"
"05/08/2024","Broker","Vehicles","2"
"05/08/2024","Broker","Service - Ride Time","17"
"05/08/2024","Broker","Service - Other","5"
"05/08/2024","Broker","Service - No Shows","23"
"05/08/2024","Broker","Service - Late Pickup","10"
"05/08/2024","Broker","Driver","44"
"05/08/2024","Primary","Vehicles","1"
"05/07/2024","Primary","Vehicles","2"
"05/07/2024","Other/Unidentified Provider","Driver","1"
"05/07/2024","Non-Transportation","Travel Services (Same Day)","8"
"05/07/2024","Non-Transportation","Travel Planning (Res)","6"
"05/07/2024","Non-Transportation","Scheduling","2"
"05/07/2024","Non-Transportation","Policy","10"
"05/07/2024","Non-Transportation","IT/Technology","10"
"05/07/2024","Non-Transportation","Eligibility","3"
"05/07/2024","Non-Transportation","Customer","6"
"05/07/2024","Supplemental","Vehicles","1"
"05/07/2024","Supplemental","Service - No Shows","6"
"05/07/2024","Supplemental","Driver","4"
"05/07/2024","Broker","Vehicles","4"
"05/07/2024","Broker","Service - Ride Time","12"
"05/07/2024","Broker","Service - Other","5"
"05/07/2024","Broker","Service - No Shows","31"
"05/07/2024","Broker","Service - Late Pickup","8"
"05/07/2024","Broker","Driver","35"
"05/07/2024","Primary","Service - Ride Time","7"
"05/07/2024","Primary","Service - No Shows","13"
"05/07/2024","Primary","Service - Late Pickup","8"
"05/07/2024","Primary","Driver","9"
"05/06/2024","Primary","Driver","11"
"05/06/2024","Non-Transportation","Travel Services (Same Day)","11"
"05/06/2024","Non-Transportation","Travel Planning (Res)","3"
"05/06/2024","Non-Transportation","Scheduling","2"
"05/06/2024","Non-Transportation","Policy","9"
"05/06/2024","Non-Transportation","IT/Technology","4"
"05/06/2024","Non-Transportation","Eligibility","2"
"05/06/2024","Non-Transportation","Customer","11"
"05/06/2024","Supplemental","Service - Ride Time","2"
"05/06/2024","Supplemental","Service - No Shows","4"
"05/06/2024","Supplemental","Driver","6"
"05/06/2024","Broker","Vehicles","1"
"05/06/2024","Broker","Service - Ride Time","17"
"05/06/2024","Broker","Service - Other","10"
"05/06/2024","Broker","Service - No Shows","32"
"05/06/2024","Broker","Service - Late Pickup","9"
"05/06/2024","Broker","Driver","46"
"05/06/2024","Primary","Service - Ride Time","8"
"05/06/2024","Primary","Service - Other","4"
"05/06/2024","Primary","Service - No Shows","12"
"05/06/2024","Primary","Service - Late Pickup","12"
"05/05/2024","Primary","Service - No Shows","1"
"05/05/2024","Supplemental","Service - Ride Time","1"
"05/05/2024","Broker","Service - Late Pickup","1"
"05/05/2024","Broker","Driver","2"
"05/05/2024","Primary","Driver","1"
"05/04/2024","Broker","Driver","4"
"05/04/2024","Other/Unidentified Provider","Service - Other","1"
"05/04/2024","Non-Transportation","Policy","1"
"05/04/2024","Non-Transportation","IT/Technology","1"
"05/04/2024","Non-Transportation","Eligibility","1"
"05/04/2024","Primary","Driver","1"
"05/04/2024","Supplemental","Service - Late Pickup","1"
"05/04/2024","Broker","Service - Ride Time","1"
"05/04/2024","Primary","Service - Ride Time","1"
"05/03/2024","Non-Transportation","Travel Services (Same Day)","4"
"05/03/2024","Other/Unidentified Provider","Service - No Shows","1"
"05/03/2024","Other/Unidentified Provider","Service - Late Pickup","1"
"05/03/2024","Other/Unidentified Provider","Driver","2"
"05/03/2024","Non-Transportation","Travel Planning (Res)","3"
"05/03/2024","Non-Transportation","Policy","5"
"05/03/2024","Non-Transportation","IT/Technology","5"
"05/03/2024","Non-Transportation","Customer","2"
"05/03/2024","Supplemental","Vehicles","1"
"05/03/2024","Supplemental","Service - Ride Time","1"
"05/03/2024","Supplemental","Service - No Shows","1"
"05/03/2024","Supplemental","Service - Late Pickup","1"
"05/03/2024","Supplemental","Driver","2"
"05/03/2024","Broker","Vehicles","1"
"05/03/2024","Broker","Service - Ride Time","15"
"05/03/2024","Broker","Service - Other","3"
"05/03/2024","Broker","Service - No Shows","21"
"05/03/2024","Broker","Service - Late Pickup","5"
"05/03/2024","Broker","Driver","36"
"05/03/2024","Primary","Service - Ride Time","5"
"05/03/2024","Primary","Service - Other","1"
"05/03/2024","Primary","Service - No Shows","12"
"05/03/2024","Primary","Service - Late Pickup","7"
"05/03/2024","Primary","Driver","14"
"05/02/2024","Supplemental","Driver","3"
"05/02/2024","Non-Transportation","Travel Services (Same Day)","6"
"05/02/2024","Non-Transportation","Travel Planning (Res)","6"
"05/02/2024","Non-Transportation","Scheduling","1"
"05/02/2024","Non-Transportation","Policy","13"
"05/02/2024","Non-Transportation","IT/Technology","5"
"05/02/2024","Non-Transportation","Eligibility","2"
"05/02/2024","Non-Transportation","Customer Relations","1"
"05/02/2024","Non-Transportation","Customer","9"
"05/02/2024","Supplemental","Service - No Shows","3"
"05/02/2024","Broker","Vehicles","1"
"05/02/2024","Broker","Service - Ride Time","13"
"05/02/2024","Broker","Service - Other","4"
"05/02/2024","Broker","Service - No Shows","22"
"05/02/2024","Broker","Service - Late Pickup","7"
"05/02/2024","Broker","Driver","39"
"05/02/2024","Primary","Vehicles","2"
"05/02/2024","Primary","Service - Ride Time","2"
"05/02/2024","Primary","Service - No Shows","11"
"05/02/2024","Primary","Service - Late Pickup","6"
"05/02/2024","Primary","Driver","9"
"05/01/2024","Primary","Service - Late Pickup","8"
"05/01/2024","Other/Unidentified Provider","Driver","2"
"05/01/2024","Non-Transportation","Travel Services (Same Day)","2"
"05/01/2024","Non-Transportation","Travel Planning (Res)","8"
"05/01/2024","Non-Transportation","Scheduling","1"
"05/01/2024","Non-Transportation","Policy","16"
"05/01/2024","Non-Transportation","IT/Technology","4"
"05/01/2024","Non-Transportation","Eligibility","5"
"05/01/2024","Non-Transportation","Customer","6"
"05/01/2024","Supplemental","Service - Ride Time","1"
"05/01/2024","Primary","Driver","9"
"05/01/2024","Supplemental","Service - No Shows","6"
"05/01/2024","Supplemental","Driver","3"
"05/01/2024","Broker","Vehicles","1"
"05/01/2024","Broker","Service - Ride Time","13"
"05/01/2024","Broker","Service - Other","5"
"05/01/2024","Broker","Service - No Shows","13"
"05/01/2024","Broker","Service - Late Pickup","8"
"05/01/2024","Broker","Driver","35"
"05/01/2024","Primary","Service - Ride Time","4"
"05/01/2024","Primary","Service - No Shows","12"
"04/30/2024","Broker","Service - Ride Time","6"
"04/30/2024","Other/Unidentified Provider","Driver","2"
"04/30/2024","Non-Transportation","Travel Services (Same Day)","3"
"04/30/2024","Non-Transportation","Travel Planning (Res)","9"
"04/30/2024","Non-Transportation","Policy","6"
"04/30/2024","Non-Transportation","IT/Technology","4"
"04/30/2024","Non-Transportation","Eligibility","2"
"04/30/2024","Non-Transportation","Customer","6"
"04/30/2024","Supplemental","Service - Ride Time","1"
"04/30/2024","Supplemental","Service - No Shows","2"
"04/30/2024","Supplemental","Driver","4"
"04/30/2024","Broker","Service - Other","4"
"04/30/2024","Broker","Service - No Shows","15"
"04/30/2024","Broker","Service - Late Pickup","3"
"04/30/2024","Broker","Driver","28"
"04/30/2024","Primary","Vehicles","2"
"04/30/2024","Primary","Service - Ride Time","3"
"04/30/2024","Primary","Service - No Shows","11"
"04/30/2024","Primary","Service - Late Pickup","2"
"04/30/2024","Primary","Driver","11"
"04/29/2024","Primary","Service - No Shows","17"
"04/29/2024","Other/Unidentified Provider","Service - No Shows","1"
"04/29/2024","Non-Transportation","Travel Services (Same Day)","5"
"04/29/2024","Non-Transportation","Travel Planning (Res)","12"
"04/29/2024","Primary","Driver","11"
"04/29/2024","Non-Transportation","Scheduling","1"
"04/29/2024","Non-Transportation","Policy","10"
"04/29/2024","Non-Transportation","IT/Technology","5"
"04/29/2024","Non-Transportation","Eligibility","5"
"04/29/2024","Non-Transportation","Customer Relations","1"
"04/29/2024","Non-Transportation","Customer","2"
"04/29/2024","Supplemental","Vehicles","3"
"04/29/2024","Supplemental","Service - Ride Time","1"
"04/29/2024","Supplemental","Service - No Shows","4"
"04/29/2024","Supplemental","Service - Late Pickup","1"
"04/29/2024","Primary","Service - Late Pickup","3"
"04/29/2024","Supplemental","Driver","3"
"04/29/2024","Broker","Service - Ride Time","5"
"04/29/2024","Broker","Service - Other","7"
"04/29/2024","Broker","Service - No Shows","26"
"04/29/2024","Broker","Service - Late Pickup","5"
"04/29/2024","Broker","Driver","34"
"04/29/2024","Primary","Service - Ride Time","2"
"04/29/2024","Primary","Service - Other","1"
"04/28/2024","Primary","Service - No Shows","1"
"04/28/2024","Non-Transportation","Travel Planning (Res)","2"
"04/28/2024","Broker","Service - No Shows","1"
"04/28/2024","Broker","Driver","1"
"04/27/2024","Non-Transportation","IT/Technology","2"
"04/27/2024","Broker","Vehicles","2"
"04/27/2024","Broker","Service - No Shows","1"
"04/27/2024","Broker","Driver","1"
"04/26/2024","Non-Transportation","Travel Planning (Res)","4"
"04/26/2024","Non-Transportation","Policy","9"
"04/26/2024","Non-Transportation","IT/Technology","5"
"04/26/2024","Non-Transportation","Customer","3"
"04/26/2024","Supplemental","Service - No Shows","1"
"04/26/2024","Supplemental","Service - Late Pickup","1"
"04/26/2024","Supplemental","Driver","2"
"04/26/2024","Broker","Service - Ride Time","9"
"04/26/2024","Broker","Service - Other","4"
"04/26/2024","Broker","Service - No Shows","15"
"04/26/2024","Broker","Service - Late Pickup","3"
"04/26/2024","Broker","Driver","38"
"04/26/2024","Primary","Vehicles","1"
"04/26/2024","Primary","Service - Ride Time","2"
"04/26/2024","Primary","Service - Other","1"
"04/26/2024","Primary","Service - No Shows","11"
"04/26/2024","Primary","Driver","4"
"04/26/2024","Primary","Service - Late Pickup","3"
"04/26/2024","Other/Unidentified Provider","Service - No Shows","2"
"04/26/2024","Other/Unidentified Provider","Driver","3"
"04/26/2024","Non-Transportation","Travel Services (Same Day)","3"
"04/25/2024","Supplemental","Service - No Shows","2"
"04/25/2024","Other/Unidentified Provider","Service - No Shows","1"
"04/25/2024","Non-Transportation","Travel Services (Same Day)","4"
"04/25/2024","Non-Transportation","Travel Planning (Res)","10"
"04/25/2024","Non-Transportation","Policy","18"
"04/25/2024","Non-Transportation","IT/Technology","6"
"04/25/2024","Non-Transportation","Eligibility","2"
"04/25/2024","Non-Transportation","Customer","7"
"04/25/2024","Supplemental","Driver","5"
"04/25/2024","Broker","Vehicles","3"
"04/25/2024","Broker","Service - Ride Time","5"
"04/25/2024","Broker","Service - Other","4"
"04/25/2024","Broker","Service - No Shows","19"
"04/25/2024","Broker","Service - Late Pickup","4"
"04/25/2024","Broker","Driver","36"
"04/25/2024","Primary","Service - Ride Time","4"
"04/25/2024","Primary","Service - No Shows","6"
"04/25/2024","Primary","Service - Late Pickup","3"
"04/25/2024","Primary","Driver","11"
"04/24/2024","Non-Transportation","Customer","3"
"04/24/2024","Other/Unidentified Provider","Service - Other","2"
"04/24/2024","Other/Unidentified Provider","Service - No Shows","1"
"04/24/2024","Other/Unidentified Provider","Driver","1"
"04/24/2024","Non-Transportation","Travel Services (Same Day)","9"
"04/24/2024","Non-Transportation","Travel Planning (Res)","4"
"04/24/2024","Non-Transportation","Scheduling","2"
"04/24/2024","Non-Transportation","Policy","13"
"04/24/2024","Non-Transportation","IT/Technology","4"
"04/24/2024","Non-Transportation","Eligibility","1"
"04/24/2024","Supplemental","Service - No Shows","3"
"04/24/2024","Supplemental","Driver","8"
"04/24/2024","Broker","Vehicles","1"
"04/24/2024","Broker","Service - Ride Time","4"
"04/24/2024","Broker","Service - Other","4"
"04/24/2024","Broker","Service - No Shows","13"
"04/24/2024","Broker","Service - Late Pickup","2"
"04/24/2024","Broker","Driver","33"
"04/24/2024","Primary","Vehicles","1"
"04/24/2024","Primary","Service - Ride Time","5"
"04/24/2024","Primary","Service - No Shows","5"
"04/24/2024","Primary","Service - Late Pickup","2"
"04/24/2024","Primary","Driver","8"
"04/23/2024","Primary","Service - No Shows","5"
"04/23/2024","Other/Unidentified Provider","Driver","1"
"04/23/2024","Non-Transportation","Travel Services (Same Day)","5"
"04/23/2024","Non-Transportation","Travel Planning (Res)","10"
"04/23/2024","Non-Transportation","Policy","17"
"04/23/2024","Non-Transportation","IT/Technology","4"
"04/23/2024","Primary","Service - Late Pickup","5"
"04/23/2024","Non-Transportation","Customer","4"
"04/23/2024","Supplemental","Service - No Shows","3"
"04/23/2024","Primary","Driver","12"
"04/23/2024","Supplemental","Driver","2"
"04/23/2024","Broker","Vehicles","1"
"04/23/2024","Broker","Service - Ride Time","3"
"04/23/2024","Broker","Service - Other","5"
"04/23/2024","Broker","Service - No Shows","28"
"04/23/2024","Broker","Service - Late Pickup","6"
"04/23/2024","Broker","Driver","45"
"04/23/2024","Primary","Service - Ride Time","1"
"04/23/2024","Primary","Service - Other","1"
"04/22/2024","Primary","Service - No Shows","12"
"04/22/2024","Other/Unidentified Provider","Service - No Shows","3"
"04/22/2024","Other/Unidentified Provider","Driver","6"
"04/22/2024","Non-Transportation","Travel Services (Same Day)","6"
"04/22/2024","Non-Transportation","Travel Planning (Res)","8"
"04/22/2024","Non-Transportation","Scheduling","2"
"04/22/2024","Non-Transportation","Policy","13"
"04/22/2024","Non-Transportation","IT/Technology","8"
"04/22/2024","Non-Transportation","Eligibility","1"
"04/22/2024","Non-Transportation","Customer","2"
"04/22/2024","Supplemental","Service - Ride Time","1"
"04/22/2024","Supplemental","Service - No Shows","4"
"04/22/2024","Supplemental","Service - Late Pickup","2"
"04/22/2024","Supplemental","Driver","4"
"04/22/2024","Broker","Vehicles","1"
"04/22/2024","Broker","Service - Ride Time","7"
"04/22/2024","Broker","Service - Other","4"
"04/22/2024","Broker","Service - No Shows","12"
"04/22/2024","Broker","Service - Late Pickup","4"
"04/22/2024","Broker","Driver","51"
"04/22/2024","Primary","Service - Ride Time","2"
"04/22/2024","Primary","Service - Other","1"
"04/22/2024","Primary","Service - Late Pickup","7"
"04/22/2024","Primary","Driver","8"
"04/21/2024","Primary","Service - Ride Time","1"
"04/21/2024","Primary","Service - No Shows","1"
"04/21/2024","Non-Transportation","Policy","1"
"04/21/2024","Supplemental","Service - Late Pickup","1"
"04/21/2024","Broker","Driver","3"
"04/20/2024","Other/Unidentified Provider","Service - Late Pickup","1"
"04/20/2024","Non-Transportation","Policy","2"
"04/20/2024","Broker","Service - Other","1"
"04/20/2024","Non-Transportation","IT/Technology","3"
"04/20/2024","Broker","Driver","6"
"04/20/2024","Primary","Service - Ride Time","1"
"04/20/2024","Primary","Service - Late Pickup","2"
"04/20/2024","Primary","Driver","1"
"04/19/2024","Broker","Service - Ride Time","10"
"04/19/2024","Broker","Service - Other","3"
"04/19/2024","Broker","Service - No Shows","16"
"04/19/2024","Broker","Service - Late Pickup","3"
"04/19/2024","Broker","Driver","48"
"04/19/2024","Primary","Service - Ride Time","7"
"04/19/2024","Primary","Service - Other","2"
"04/19/2024","Primary","Service - No Shows","10"
"04/19/2024","Primary","Driver","7"
"04/19/2024","Primary","Service - Late Pickup","2"
"04/19/2024","Other/Unidentified Provider","Vehicles","1"
"04/19/2024","Other/Unidentified Provider","Service - No Shows","1"
"04/19/2024","Other/Unidentified Provider","Driver","3"
"04/19/2024","Non-Transportation","Travel Services (Same Day)","5"
"04/19/2024","Non-Transportation","Travel Planning (Res)","4"
"04/19/2024","Non-Transportation","Scheduling","2"
"04/19/2024","Non-Transportation","Policy","8"
"04/19/2024","Non-Transportation","IT/Technology","8"
"04/19/2024","Non-Transportation","Customer","1"
"04/19/2024","Supplemental","Service - Ride Time","1"
"04/19/2024","Supplemental","Service - No Shows","4"
"04/19/2024","Supplemental","Driver","3"
"04/18/2024","Non-Transportation","Policy","8"
"04/18/2024","Other/Unidentified Provider","Driver","2"
"04/18/2024","Non-Transportation","Travel Services (Same Day)","7"
"04/18/2024","Non-Transportation","Travel Planning (Res)","4"
"04/18/2024","Non-Transportation","Scheduling","1"
"04/18/2024","Non-Transportation","IT/Technology","3"
"04/18/2024","Non-Transportation","Eligibility","1"
"04/18/2024","Non-Transportation","Customer","5"
"04/18/2024","E-Hail","Service - No Shows","1"
"04/18/2024","Supplemental","Vehicles","2"
"04/18/2024","Supplemental","Service - Ride Time","1"
"04/18/2024","Supplemental","Service - No Shows","4"
"04/18/2024","Supplemental","Service - Late Pickup","1"
"04/18/2024","Supplemental","Driver","3"
"04/18/2024","Broker","Vehicles","2"
"04/18/2024","Broker","Service - Ride Time","19"
"04/18/2024","Broker","Service - Other","5"
"04/18/2024","Broker","Service - No Shows","25"
"04/18/2024","Broker","Service - Late Pickup","12"
"04/18/2024","Broker","Driver","43"
"04/18/2024","Primary","Vehicles","1"
"04/18/2024","Primary","Service - Ride Time","8"
"04/18/2024","Primary","Service - No Shows","14"
"04/18/2024","Primary","Service - Late Pickup","11"
"04/18/2024","Primary","Driver","9"
"04/17/2024","Supplemental","Service - Ride Time","4"
"04/17/2024","Other/Unidentified Provider","Driver","5"
"04/17/2024","Other/Unidentified Provider",,"1"
"04/17/2024","Non-Transportation","Travel Services (Same Day)","7"
"04/17/2024","Non-Transportation","Travel Planning (Res)","15"
"04/17/2024","Non-Transportation","Scheduling","1"
"04/17/2024","Non-Transportation","Policy","6"
"04/17/2024","Non-Transportation","IT/Technology","2"
"04/17/2024","Non-Transportation","Customer","5"
"04/17/2024","E-Hail","Driver","1"
"04/17/2024","Supplemental","Service - No Shows","3"
"04/17/2024","Supplemental","Service - Late Pickup","1"
"04/17/2024","Supplemental","Driver","2"
"04/17/2024","Broker","Vehicles","1"
"04/17/2024","Broker","Service - Ride Time","14"
"04/17/2024","Broker","Service - Other","4"
"04/17/2024","Broker","Service - No Shows","30"
"04/17/2024","Broker","Service - Late Pickup","13"
"04/17/2024","Broker","Driver","54"
"04/17/2024","Primary","Vehicles","2"
"04/17/2024","Primary","Service - Ride Time","5"
"04/17/2024","Primary","Service - Other","1"
"04/17/2024","Primary","Service - No Shows","10"
"04/17/2024","Primary","Service - Late Pickup","7"
"04/17/2024","Primary","Driver","12"
"04/16/2024","Primary","Driver","11"
"04/16/2024","Primary","Service - Late Pickup","11"
"04/16/2024","Other/Unidentified Provider","Driver","4"
"04/16/2024","Non-Transportation","Travel Services (Same Day)","9"
"04/16/2024","Non-Transportation","Travel Planning (Res)","7"
"04/16/2024","Non-Transportation","Scheduling","3"
"04/16/2024","Primary","Service - No Shows","19"
"04/16/2024","Non-Transportation","Policy","16"
"04/16/2024","Non-Transportation","IT/Technology","3"
"04/16/2024","Non-Transportation","Eligibility","1"
"04/16/2024","Non-Transportation","Customer","5"
"04/16/2024","Supplemental","Service - Ride Time","2"
"04/16/2024","Supplemental","Service - No Shows","2"
"04/16/2024","Supplemental","Driver","2"
"04/16/2024","Broker","Vehicles","2"
"04/16/2024","Broker","Service - Ride Time","13"
"04/16/2024","Broker","Service - Other","7"
"04/16/2024","Broker","Service - No Shows","28"
"04/16/2024","Broker","Service - Late Pickup","10"
"04/16/2024","Broker","Driver","36"
"04/16/2024","Primary","Service - Ride Time","11"
"04/15/2024","Non-Transportation","Travel Planning (Res)","13"
"04/15/2024","Other/Unidentified Provider","Service - Other","2"
"04/15/2024","Other/Unidentified Provider","Driver","2"
"04/15/2024","Non-Transportation","Travel Services (Same Day)","9"
"04/15/2024","Non-Transportation","Scheduling","5"
"04/15/2024","Non-Transportation","Policy","5"
"04/15/2024","Non-Transportation","IT/Technology","3"
"04/15/2024","Non-Transportation","Eligibility","7"
"04/15/2024","Non-Transportation","Customer Relations","1"
"04/15/2024","Non-Transportation","Customer","12"
"04/15/2024","Supplemental","Service - Ride Time","1"
"04/15/2024","Supplemental","Service - No Shows","2"
"04/15/2024","Supplemental","Service - Late Pickup","4"
"04/15/2024","Supplemental","Driver","4"
"04/15/2024","Broker","Vehicles","4"
"04/15/2024","Broker","Service - Ride Time","17"
"04/15/2024","Broker","Service - Other","8"
"04/15/2024","Broker","Service - No Shows","32"
"04/15/2024","Broker","Service - Late Pickup","11"
"04/15/2024","Broker","Driver","53"
"04/15/2024","Primary","Service - Ride Time","8"
"04/15/2024","Primary","Service - Other","1"
"04/15/2024","Primary","Service - No Shows","16"
"04/15/2024","Primary","Service - Late Pickup","8"
"04/15/2024","Primary","Driver","12"
"04/14/2024","Primary","Driver","1"
"04/14/2024","Non-Transportation","Scheduling","1"
"04/14/2024","Broker","Service - No Shows","1"
"04/14/2024","Primary","Service - No Shows","1"
"04/13/2024","Broker","Service - Ride Time","1"
"04/13/2024","Non-Transportation","Policy","1"
"04/13/2024","Supplemental","Service - No Shows","1"
"04/13/2024","Primary","Service - Ride Time","1"
"04/12/2024","Non-Transportation","Customer Relations","1"
"04/12/2024","Non-Transportation","Customer","7"
"04/12/2024","Supplemental","Service - Ride Time","2"
"04/12/2024","Supplemental","Service - Other","1"
"04/12/2024","Supplemental","Service - No Shows","2"
"04/12/2024","Supplemental","Driver","3"
"04/12/2024","Broker","Vehicles","1"
"04/12/2024","Broker","Service - Ride Time","10"
"04/12/2024","Broker","Service - Other","7"
"04/12/2024","Broker","Service - No Shows","29"
"04/12/2024","Broker","Service - Late Pickup","17"
"04/12/2024","Broker","Driver","41"
"04/12/2024","Primary","Vehicles","1"
"04/12/2024","Primary","Service - Ride Time","6"
"04/12/2024","Primary","Service - No Shows","16"
"04/12/2024","Primary","Driver","11"
"04/12/2024","Primary","Service - Late Pickup","6"
"04/12/2024","Other/Unidentified Provider","Service - No Shows","1"
"04/12/2024","Non-Transportation","Travel Services (Same Day)","4"
"04/12/2024","Non-Transportation","Travel Planning (Res)","6"
"04/12/2024","Non-Transportation","Scheduling","2"
"04/12/2024","Non-Transportation","Policy","9"
"04/12/2024","Non-Transportation","IT/Technology","5"
"04/12/2024","Non-Transportation","Eligibility","1"
"04/11/2024","Broker","Service - Other","10"
"04/11/2024","Other/Unidentified Provider","Service - Late Pickup","1"
"04/11/2024","Other/Unidentified Provider","Driver","5"
"04/11/2024","Non-Transportation","Travel Services (Same Day)","4"
"04/11/2024","Non-Transportation","Travel Planning (Res)","6"
"04/11/2024","Non-Transportation","Policy","6"
"04/11/2024","Non-Transportation","IT/Technology","3"
"04/11/2024","Non-Transportation","Eligibility","3"
"04/11/2024","Non-Transportation","Customer Relations","1"
"04/11/2024","Non-Transportation","Customer","4"
"04/11/2024","Supplemental","Vehicles","1"
"04/11/2024","Supplemental","Service - No Shows","4"
"04/11/2024","Supplemental","Driver","3"
"04/11/2024","Broker","Service - Ride Time","7"
"04/11/2024","Broker","Service - No Shows","23"
"04/11/2024","Broker","Service - Late Pickup","12"
"04/11/2024","Broker","Driver","49"
"04/11/2024","Primary","Service - Ride Time","4"
"04/11/2024","Primary","Service - No Shows","7"
"04/11/2024","Primary","Service - Late Pickup","6"
"04/11/2024","Primary","Driver","9"
"04/10/2024","Primary","Service - Late Pickup","7"
"04/10/2024","Other/Unidentified Provider","Service - No Shows","1"
"04/10/2024","Non-Transportation","Travel Services (Same Day)","7"
"04/10/2024","Non-Transportation","Travel Planning (Res)","6"
"04/10/2024","Non-Transportation","Scheduling","1"
"04/10/2024","Non-Transportation","Policy","11"
"04/10/2024","Non-Transportation","IT/Technology","3"
"04/10/2024","Non-Transportation","Eligibility","7"
"04/10/2024","Non-Transportation","Customer","5"
"04/10/2024","Supplemental","Service - No Shows","1"
"04/10/2024","Supplemental","Service - Late Pickup","4"
"04/10/2024","Broker","Vehicles","1"
"04/10/2024","Broker","Service - Ride Time","9"
"04/10/2024","Broker","Service - Other","8"
"04/10/2024","Broker","Service - No Shows","45"
"04/10/2024","Primary","Driver","5"
"04/10/2024","Broker","Service - Late Pickup","11"
"04/10/2024","Broker","Driver","38"
"04/10/2024","Primary","Vehicles","1"
"04/10/2024","Primary","Service - Ride Time","4"
"04/10/2024","Primary","Service - Other","1"
"04/10/2024","Primary","Service - No Shows","18"
"04/09/2024","Broker","Service - No Shows","29"
"04/09/2024","Other/Unidentified Provider","Service - No Shows","4"
"04/09/2024","Non-Transportation","Travel Services (Same Day)","5"
"04/09/2024","Non-Transportation","Travel Planning (Res)","3"
"04/09/2024","Non-Transportation","Scheduling","1"
"04/09/2024","Non-Transportation","Policy","12"
"04/09/2024","Non-Transportation","IT/Technology","5"
"04/09/2024","Non-Transportation","Eligibility","3"
"04/09/2024","Non-Transportation","Customer Relations","2"
"04/09/2024","Non-Transportation","Customer","9"
"04/09/2024","Supplemental","Service - Ride Time","5"
"04/09/2024","Supplemental","Service - Other","1"
"04/09/2024","Supplemental","Service - No Shows","10"
"04/09/2024","Supplemental","Driver","3"
"04/09/2024","Broker","Vehicles","1"
"04/09/2024","Broker","Service - Ride Time","16"
"04/09/2024","Broker","Service - Other","6"
"04/09/2024","Broker","Service - Late Pickup","7"
"04/09/2024","Broker","Driver","40"
"04/09/2024","Primary","Service - Ride Time","6"
"04/09/2024","Primary","Service - No Shows","15"
"04/09/2024","Primary","Service - Late Pickup","15"
"04/09/2024","Primary","Driver","10"
"04/08/2024","Primary","Driver","16"
"04/08/2024","Other/Unidentified Provider","Service - Other","1"
"04/08/2024","Other/Unidentified Provider","Service - No Shows","1"
"04/08/2024","Other/Unidentified Provider","Driver","2"
"04/08/2024","Non-Transportation","Travel Services (Same Day)","2"
"04/08/2024","Non-Transportation","Travel Planning (Res)","5"
"04/08/2024","Non-Transportation","Scheduling","5"
"04/08/2024","Non-Transportation","Policy","8"
"04/08/2024","Non-Transportation","IT/Technology","5"
"04/08/2024","Non-Transportation","Customer Relations","1"
"04/08/2024","Non-Transportation","Customer","4"
"04/08/2024","Supplemental","Vehicles","2"
"04/08/2024","Supplemental","Service - Ride Time","2"
"04/08/2024","Supplemental","Service - No Shows","2"
"04/08/2024","Supplemental","Service - Late Pickup","1"
"04/08/2024","Supplemental","Driver","2"
"04/08/2024","Broker","Vehicles","1"
"04/08/2024","Broker","Service - Ride Time","5"
"04/08/2024","Broker","Service - Other","14"
"04/08/2024","Broker","Service - No Shows","33"
"04/08/2024","Broker","Service - Late Pickup","15"
"04/08/2024","Broker","Driver","38"
"04/08/2024","Primary","Service - Ride Time","4"
"04/08/2024","Primary","Service - Other","1"
"04/08/2024","Primary","Service - No Shows","15"
"04/08/2024","Primary","Service - Late Pickup","3"
"04/07/2024","Broker","Service - Late Pickup","1"
"04/07/2024","Non-Transportation","Travel Services (Same Day)","1"
"04/07/2024","Non-Transportation","IT/Technology","2"
"04/07/2024","Broker","Service - Other","2"
"04/07/2024","Broker","Driver","1"
"04/06/2024","Broker","Service - No Shows","1"
"04/06/2024","Non-Transportation","Scheduling","1"
"04/06/2024","Non-Transportation","Policy","1"
"04/06/2024","Non-Transportation","IT/Technology","1"
"04/06/2024","Non-Transportation","Eligibility","1"
"04/06/2024","Primary","Service - Late Pickup","1"
"04/05/2024","Broker","Service - No Shows","26"
"04/05/2024","Other/Unidentified Provider","Service - Other","1"
"04/05/2024","Other/Unidentified Provider","Driver","2"
"04/05/2024","Non-Transportation","Travel Services (Same Day)","7"
"04/05/2024","Non-Transportation","Travel Planning (Res)","2"
"04/05/2024","Non-Transportation","Scheduling","1"
"04/05/2024","Non-Transportation","Policy","14"
"04/05/2024","Non-Transportation","IT/Technology","3"
"04/05/2024","Non-Transportation","Customer","6"
"04/05/2024","Supplemental","Vehicles","1"
"04/05/2024","Supplemental","Service - Ride Time","5"
"04/05/2024","Supplemental","Service - No Shows","3"
"04/05/2024","Supplemental","Driver","6"
"04/05/2024","Broker","Vehicles","2"
"04/05/2024","Broker","Service - Ride Time","12"
"04/05/2024","Broker","Service - Other","4"
"04/05/2024","Broker","Service - Late Pickup","2"
"04/05/2024","Broker","Driver","34"
"04/05/2024","Primary","Service - Ride Time","6"
"04/05/2024","Primary","Service - Other","1"
"04/05/2024","Primary","Service - No Shows","11"
"04/05/2024","Primary","Service - Late Pickup","6"
"04/05/2024","Primary","Driver","12"
"04/04/2024","Primary","Service - No Shows","12"
"04/04/2024","Other/Unidentified Provider","Service - Other","1"
"04/04/2024","Other/Unidentified Provider","Service - No Shows","1"
"04/04/2024","Other/Unidentified Provider","Driver","3"
"04/04/2024","Non-Transportation","Travel Services (Same Day)","11"
"04/04/2024","Non-Transportation","Travel Planning (Res)","4"
"04/04/2024","Non-Transportation","Scheduling","2"
"04/04/2024","Non-Transportation","Policy","6"
"04/04/2024","Non-Transportation","IT/Technology","8"
"04/04/2024","Non-Transportation","Eligibility","4"
"04/04/2024","Non-Transportation","Customer Relations","1"
"04/04/2024","Non-Transportation","Customer","4"
"04/04/2024","Supplemental","Service - Ride Time","1"
"04/04/2024","Supplemental","Service - No Shows","1"
"04/04/2024","Supplemental","Service - Late Pickup","2"
"04/04/2024","Supplemental","Driver","2"
"04/04/2024","Broker","Service - Ride Time","15"
"04/04/2024","Broker","Service - Other","4"
"04/04/2024","Broker","Service - No Shows","31"
"04/04/2024","Primary","Service - Late Pickup","4"
"04/04/2024","Broker","Service - Late Pickup","7"
"04/04/2024","Primary","Driver","14"
"04/04/2024","Broker","Driver","37"
"04/04/2024","Primary","Vehicles","1"
"04/04/2024","Primary","Service - Ride Time","3"
"04/04/2024","Primary","Service - Other","2"
"04/03/2024","Primary","Driver","12"
"04/03/2024","Other/Unidentified Provider","Service - No Shows","1"
"04/03/2024","Other/Unidentified Provider","Driver","2"
"04/03/2024","Non-Transportation","Travel Services (Same Day)","7"
"04/03/2024","Non-Transportation","Travel Planning (Res)","7"
"04/03/2024","Non-Transportation","Scheduling","4"
"04/03/2024","Non-Transportation","Policy","12"
"04/03/2024","Non-Transportation","IT/Technology","5"
"04/03/2024","Non-Transportation","Eligibility","2"
"04/03/2024","Non-Transportation","Customer Relations","1"
"04/03/2024","Non-Transportation","Customer","7"
"04/03/2024","Supplemental","Service - No Shows","2"
"04/03/2024","Supplemental","Driver","1"
"04/03/2024","Broker","Service - Ride Time","10"
"04/03/2024","Broker","Service - Other","5"
"04/03/2024","Broker","Service - No Shows","25"
"04/03/2024","Broker","Service - Late Pickup","5"
"04/03/2024","Broker","Driver","39"
"04/03/2024","Primary","Vehicles","1"
"04/03/2024","Primary","Service - Ride Time","6"
"04/03/2024","Primary","Service - Other","1"
"04/03/2024","Primary","Service - No Shows","13"
"04/03/2024","Primary","Service - Late Pickup","5"
"04/02/2024","Primary","Driver","6"
"04/02/2024","Other/Unidentified Provider","Service - No Shows","1"
"04/02/2024","Other/Unidentified Provider","Service - Late Pickup","1"
"04/02/2024","Other/Unidentified Provider","Driver","1"
"04/02/2024","Non-Transportation","Travel Services (Same Day)","5"
"04/02/2024","Non-Transportation","Travel Planning (Res)","2"
"04/02/2024","Non-Transportation","Scheduling","2"
"04/02/2024","Non-Transportation","Policy","9"
"04/02/2024","Non-Transportation","IT/Technology","4"
"04/02/2024","Non-Transportation","Eligibility","2"
"04/02/2024","Non-Transportation","Customer Relations","1"
"04/02/2024","Non-Transportation","Customer","9"
"04/02/2024","Supplemental","Service - Ride Time","1"
"04/02/2024","Supplemental","Service - No Shows","4"
"04/02/2024","Supplemental","Service - Late Pickup","1"
"04/02/2024","Supplemental","Driver","5"
"04/02/2024","Broker","Vehicles","1"
"04/02/2024","Broker","Service - Ride Time","11"
"04/02/2024","Broker","Service - Other","4"
"04/02/2024","Broker","Service - No Shows","30"
"04/02/2024","Broker","Service - Late Pickup","8"
"04/02/2024","Broker","Driver","35"
"04/02/2024","Primary","Vehicles","1"
"04/02/2024","Primary","Service - Ride Time","7"
"04/02/2024","Primary","Service - Other","1"
"04/02/2024","Primary","Service - No Shows","15"
"04/02/2024","Primary","Service - Late Pickup","3"
"04/01/2024","Non-Transportation","Policy","14"
"04/01/2024","Non-Transportation","Travel Services (Same Day)","8"
"04/01/2024","Non-Transportation","Travel Planning (Res)","12"
"04/01/2024","Non-Transportation","Scheduling","4"
"04/01/2024","Non-Transportation","IT/Technology","8"
"04/01/2024","Non-Transportation","Eligibility","4"
"04/01/2024","Non-Transportation","Customer Relations","1"
"04/01/2024","Non-Transportation","Customer","7"
"04/01/2024","Supplemental","Service - Ride Time","2"
"04/01/2024","Supplemental","Service - No Shows","4"
"04/01/2024","Supplemental","Service - Late Pickup","2"
"04/01/2024","Supplemental","Driver","1"
"04/01/2024","Broker","Service - Ride Time","4"
"04/01/2024","Broker","Service - Other","5"
"04/01/2024","Broker","Service - No Shows","31"
"04/01/2024","Broker","Service - Late Pickup","4"
"04/01/2024","Broker","Driver","44"
"04/01/2024","Primary","Vehicles","1"
"04/01/2024","Primary","Service - Ride Time","5"
"04/01/2024","Primary","Service - No Shows","11"
"04/01/2024","Primary","Service - Late Pickup","6"
"04/01/2024","Primary","Driver","13"
"03/31/2024","Broker","Driver","2"
"03/31/2024","Non-Transportation","Policy","2"
"03/31/2024","Non-Transportation","IT/Technology","2"
"03/31/2024","Non-Transportation","Eligibility","1"
"03/31/2024","Broker","Service - No Shows","1"
"03/30/2024","Non-Transportation","Policy","1"
"03/30/2024","Non-Transportation","Eligibility","1"
"03/30/2024","Broker","Driver","2"
"03/30/2024","Non-Transportation","Travel Services (Same Day)","2"
"03/29/2024","Non-Transportation","Policy","5"
"03/29/2024","Non-Transportation","IT/Technology","3"
"03/29/2024","Non-Transportation","Eligibility","1"
"03/29/2024","Non-Transportation","Customer","7"
"03/29/2024","Supplemental","Service - Ride Time","1"
"03/29/2024","Supplemental","Service - No Shows","1"
"03/29/2024","Supplemental","Driver","2"
"03/29/2024","Broker","Vehicles","1"
"03/29/2024","Broker","Service - Ride Time","3"
"03/29/2024","Broker","Service - Other","2"
"03/29/2024","Broker","Service - No Shows","22"
"03/29/2024","Broker","Service - Late Pickup","7"
"03/29/2024","Broker","Driver","33"
"03/29/2024","Primary","Service - Ride Time","4"
"03/29/2024","Primary","Service - Late Pickup","2"
"03/29/2024","Primary","Service - No Shows","9"
"03/29/2024","Other/Unidentified Provider","Vehicles","1"
"03/29/2024","Other/Unidentified Provider","Service - No Shows","1"
"03/29/2024","Other/Unidentified Provider","Service - Late Pickup","1"
"03/29/2024","Other/Unidentified Provider","Driver","4"
"03/29/2024","Non-Transportation","Travel Services (Same Day)","8"
"03/29/2024","Primary","Driver","5"
"03/29/2024","Non-Transportation","Travel Planning (Res)","3"
"03/29/2024","Non-Transportation","Scheduling","2"
"03/28/2024","Primary","Driver","5"
"03/28/2024","Other/Unidentified Provider","Service - No Shows","1"
"03/28/2024","Other/Unidentified Provider","Service - Late Pickup","1"
"03/28/2024","Non-Transportation","Travel Services (Same Day)","5"
"03/28/2024","Non-Transportation","Travel Planning (Res)","11"
"03/28/2024","Non-Transportation","Scheduling","2"
"03/28/2024","Non-Transportation","Policy","10"
"03/28/2024","Non-Transportation","IT/Technology","5"
"03/28/2024","Non-Transportation","Eligibility","3"
"03/28/2024","Non-Transportation","Customer","5"
"03/28/2024","Supplemental","Service - Ride Time","1"
"03/28/2024","Supplemental","Driver","3"
"03/28/2024","Broker","Vehicles","1"
"03/28/2024","Broker","Service - Ride Time","12"
"03/28/2024","Broker","Service - Other","8"
"03/28/2024","Broker","Service - No Shows","31"
"03/28/2024","Broker","Service - Late Pickup","3"
"03/28/2024","Broker","Driver","46"
"03/28/2024","Primary","Service - Ride Time","5"
"03/28/2024","Primary","Service - Other","1"
"03/28/2024","Primary","Service - No Shows","20"
"03/28/2024","Primary","Service - Late Pickup","4"
"03/27/2024","Supplemental","Service - Late Pickup","1"
"03/27/2024","Other/Unidentified Provider","Driver","3"
"03/27/2024","Non-Transportation","Travel Services (Same Day)","5"
"03/27/2024","Non-Transportation","Travel Planning (Res)","6"
"03/27/2024","Non-Transportation","Scheduling","1"
"03/27/2024","Non-Transportation","Policy","9"
"03/27/2024","Non-Transportation","IT/Technology","6"
"03/27/2024","Non-Transportation","Eligibility","2"
"03/27/2024","Non-Transportation","Customer","7"
"03/27/2024","Supplemental","Service - Ride Time","1"
"03/27/2024","Supplemental","Service - Other","1"
"03/27/2024","Supplemental","Service - No Shows","3"
"03/27/2024","Supplemental","Driver","3"
"03/27/2024","Broker","Vehicles","3"
"03/27/2024","Broker","Service - Ride Time","10"
"03/27/2024","Broker","Service - Other","2"
"03/27/2024","Broker","Service - No Shows","23"
"03/27/2024","Broker","Service - Late Pickup","9"
"03/27/2024","Broker","Driver","35"
"03/27/2024","Primary","Vehicles","1"
"03/27/2024","Primary","Service - Ride Time","4"
"03/27/2024","Primary","Service - Other","1"
"03/27/2024","Primary","Service - No Shows","14"
"03/27/2024","Primary","Service - Late Pickup","10"
"03/27/2024","Primary","Driver","6"
"03/26/2024","Primary","Service - Late Pickup","4"
"03/26/2024","Other/Unidentified Provider","Service - No Shows","1"
"03/26/2024","Other/Unidentified Provider","Driver","1"
"03/26/2024","Non-Transportation","Travel Services (Same Day)","1"
"03/26/2024","Non-Transportation","Travel Planning (Res)","5"
"03/26/2024","Non-Transportation","Scheduling","3"
"03/26/2024","Non-Transportation","Policy","11"
"03/26/2024","Non-Transportation","IT/Technology","8"
"03/26/2024","Non-Transportation","Eligibility","3"
"03/26/2024","Non-Transportation","Customer","3"
"03/26/2024","Supplemental","Service - Ride Time","1"
"03/26/2024","Supplemental","Service - No Shows","2"
"03/26/2024","Primary","Driver","9"
"03/26/2024","Supplemental","Service - Late Pickup","2"
"03/26/2024","Supplemental","Driver","2"
"03/26/2024","Broker","Vehicles","1"
"03/26/2024","Broker","Service - Ride Time","8"
"03/26/2024","Broker","Service - Other","2"
"03/26/2024","Broker","Service - No Shows","22"
"03/26/2024","Broker","Service - Late Pickup","9"
"03/26/2024","Broker","Driver","40"
"03/26/2024","Primary","Vehicles","1"
"03/26/2024","Primary","Service - Ride Time","6"
"03/26/2024","Primary","Service - Other","1"
"03/26/2024","Primary","Service - No Shows","11"
"03/25/2024","Broker","Vehicles","1"
"03/25/2024","Other/Unidentified Provider","Service - No Shows","1"
"03/25/2024","Other/Unidentified Provider","Service - Late Pickup","1"
"03/25/2024","Other/Unidentified Provider","Driver","6"
"03/25/2024","Non-Transportation","Travel Services (Same Day)","10"
"03/25/2024","Non-Transportation","Travel Planning (Res)","6"
"03/25/2024","Non-Transportation","Policy","16"
"03/25/2024","Non-Transportation","IT/Technology","6"
"03/25/2024","Non-Transportation","Eligibility","1"
"03/25/2024","Non-Transportation","Customer Relations","2"
"03/25/2024","Non-Transportation","Customer","2"
"03/25/2024","Supplemental","Service - Other","1"
"03/25/2024","Supplemental","Service - No Shows","3"
"03/25/2024","Supplemental","Service - Late Pickup","1"
"03/25/2024","Supplemental","Driver","4"
"03/25/2024","Broker","Service - Ride Time","13"
"03/25/2024","Broker","Service - Other","6"
"03/25/2024","Broker","Service - No Shows","32"
"03/25/2024","Broker","Service - Late Pickup","9"
"03/25/2024","Broker","Driver","49"
"03/25/2024","Primary","Service - Ride Time","9"
"03/25/2024","Primary","Service - Other","2"
"03/25/2024","Primary","Service - No Shows","8"
"03/25/2024","Primary","Service - Late Pickup","6"
"03/25/2024","Primary","Driver","12"
"03/24/2024","Non-Transportation","Travel Planning (Res)","2"
"03/24/2024","Supplemental","Driver","1"
"03/24/2024","Broker","Service - Ride Time","1"
"03/24/2024","Broker","Driver","2"
"03/24/2024","Primary","Service - Late Pickup","1"
"03/23/2024","Non-Transportation","Policy","2"
"03/23/2024","Broker","Driver","1"
"03/22/2024","Non-Transportation","IT/Technology","3"
"03/22/2024","Non-Transportation","Eligibility","3"
"03/22/2024","Non-Transportation","Customer","3"
"03/22/2024","Supplemental","Service - Ride Time","1"
"03/22/2024","Supplemental","Service - No Shows","6"
"03/22/2024","Primary","Service - Late Pickup","10"
"03/22/2024","Supplemental","Service - Late Pickup","2"
"03/22/2024","Supplemental","Driver","1"
"03/22/2024","Broker","Service - Ride Time","11"
"03/22/2024","Broker","Service - Other","3"
"03/22/2024","Broker","Service - No Shows","19"
"03/22/2024","Broker","Service - Late Pickup","4"
"03/22/2024","Broker","Driver","43"
"03/22/2024","Primary","Service - Ride Time","3"
"03/22/2024","Primary","Service - No Shows","21"
"03/22/2024","Primary","Service - Other","1"
"03/22/2024","Primary","Driver","4"
"03/22/2024","Other/Unidentified Provider","Driver","2"
"03/22/2024","Non-Transportation","Travel Services (Same Day)","3"
"03/22/2024","Non-Transportation","Travel Planning (Res)","10"
"03/22/2024","Non-Transportation","Scheduling","2"
"03/22/2024","Non-Transportation","Policy","13"
"03/21/2024","Broker","Service - Ride Time","7"
"03/21/2024","Other/Unidentified Provider","Driver","3"
"03/21/2024","Non-Transportation","Travel Services (Same Day)","4"
"03/21/2024","Non-Transportation","Travel Planning (Res)","6"
"03/21/2024","Non-Transportation","Scheduling","1"
"03/21/2024","Non-Transportation","Policy","12"
"03/21/2024","Non-Transportation","IT/Technology","5"
"03/21/2024","Non-Transportation","Eligibility","2"
"03/21/2024","Non-Transportation","Customer Relations","1"
"03/21/2024","Non-Transportation","Customer","5"
"03/21/2024","Supplemental","Vehicles","2"
"03/21/2024","Supplemental","Service - No Shows","2"
"03/21/2024","Supplemental","Service - Late Pickup","3"
"03/21/2024","Supplemental","Driver","3"
"03/21/2024","Broker","Service - Other","4"
"03/21/2024","Broker","Service - No Shows","15"
"03/21/2024","Broker","Service - Late Pickup","13"
"03/21/2024","Broker","Driver","37"
"03/21/2024","Primary","Service - Ride Time","7"
"03/21/2024","Primary","Service - No Shows","13"
"03/21/2024","Primary","Service - Late Pickup","22"
"03/21/2024","Primary","Driver","9"
"03/20/2024","Primary","Driver","11"
"03/20/2024","Other/Unidentified Provider","Service - Other","1"
"03/20/2024","Other/Unidentified Provider","Driver","1"
"03/20/2024","Non-Transportation","Travel Services (Same Day)","3"
"03/20/2024","Non-Transportation","Travel Planning (Res)","6"
"03/20/2024","Non-Transportation","Scheduling","4"
"03/20/2024","Non-Transportation","Policy","13"
"03/20/2024","Non-Transportation","IT/Technology","4"
"03/20/2024","Non-Transportation","Eligibility","2"
"03/20/2024","Non-Transportation","Customer","5"
"03/20/2024","Supplemental","Service - Ride Time","3"
"03/20/2024","Supplemental","Service - No Shows","1"
"03/20/2024","Supplemental","Service - Late Pickup","2"
"03/20/2024","Supplemental","Driver","1"
"03/20/2024","Broker","Vehicles","2"
"03/20/2024","Broker","Service - Ride Time","9"
"03/20/2024","Broker","Service - Other","5"
"03/20/2024","Broker","Service - No Shows","16"
"03/20/2024","Broker","Service - Late Pickup","11"
"03/20/2024","Broker","Driver","39"
"03/20/2024","Primary","Service - Ride Time","8"
"03/20/2024","Primary","Service - No Shows","15"
"03/20/2024","Primary","Service - Late Pickup","11"
"03/19/2024","Non-Transportation","Eligibility","1"
"03/19/2024","Other/Unidentified Provider","Service - No Shows","1"
"03/19/2024","Other/Unidentified Provider","Service - Late Pickup","1"
"03/19/2024","Other/Unidentified Provider","Driver","2"
"03/19/2024","Non-Transportation","Travel Services (Same Day)","4"
"03/19/2024","Non-Transportation","Travel Planning (Res)","11"
"03/19/2024","Non-Transportation","Scheduling","2"
"03/19/2024","Non-Transportation","Policy","13"
"03/19/2024","Non-Transportation","IT/Technology","6"
"03/19/2024","Non-Transportation","Customer Relations","1"
"03/19/2024","Non-Transportation","Customer","8"
"03/19/2024","Supplemental","Service - Ride Time","3"
"03/19/2024","Supplemental","Service - No Shows","6"
"03/19/2024","Supplemental","Service - Late Pickup","1"
"03/19/2024","Supplemental","Driver","1"
"03/19/2024","Broker","Vehicles","4"
"03/19/2024","Broker","Service - Ride Time","15"
"03/19/2024","Broker","Service - Other","3"
"03/19/2024","Broker","Service - No Shows","19"
"03/19/2024","Broker","Service - Late Pickup","11"
"03/19/2024","Broker","Driver","36"
"03/19/2024","Primary","Vehicles","1"
"03/19/2024","Primary","Service - Ride Time","10"
"03/19/2024","Primary","Service - No Shows","20"
"03/19/2024","Primary","Service - Late Pickup","8"
"03/19/2024","Primary","Driver","9"
"03/18/2024","Primary","Service - Late Pickup","9"
"03/18/2024","Primary","Driver","8"
"03/18/2024","Other/Unidentified Provider","Driver","1"
"03/18/2024","Non-Transportation","Travel Services (Same Day)","8"
"03/18/2024","Non-Transportation","Travel Planning (Res)","7"
"03/18/2024","Non-Transportation","Scheduling","4"
"03/18/2024","Non-Transportation","Policy","11"
"03/18/2024","Non-Transportation","IT/Technology","5"
"03/18/2024","Non-Transportation","Eligibility","3"
"03/18/2024","Non-Transportation","Customer","4"
"03/18/2024","Supplemental","Service - Ride Time","1"
"03/18/2024","Supplemental","Service - No Shows","2"
"03/18/2024","Supplemental","Service - Late Pickup","1"
"03/18/2024","Supplemental","Driver","6"
"03/18/2024","Broker","Vehicles","1"
"03/18/2024","Broker","Service - Ride Time","12"
"03/18/2024","Broker","Service - Other","7"
"03/18/2024","Broker","Service - No Shows","25"
"03/18/2024","Broker","Service - Late Pickup","16"
"03/18/2024","Other/Unidentified Provider","Service - Ride Time","1"
"03/18/2024","Broker","Driver","46"
"03/18/2024","Primary","Service - Ride Time","8"
"03/18/2024","Primary","Service - No Shows","16"
"03/17/2024","Broker","Service - No Shows","3"
"03/17/2024","Primary","Service - Late Pickup","1"
"03/17/2024","Non-Transportation","Travel Services (Same Day)","1"
"03/17/2024","Supplemental","Service - Ride Time","1"
"03/17/2024","Supplemental","Driver","1"
"03/17/2024","Broker","Service - Ride Time","1"
"03/17/2024","Broker","Driver","3"
"03/16/2024","Primary","Service - Ride Time","1"
"03/16/2024","Primary","Driver","1"
"03/16/2024","Non-Transportation","Travel Services (Same Day)","1"
"03/16/2024","Non-Transportation","Scheduling","1"
"03/16/2024","Broker","Service - Ride Time","1"
"03/16/2024","Primary","Service - No Shows","1"
"03/15/2024","Broker","Service - Late Pickup","13"
"03/15/2024","Other/Unidentified Provider","Service - Late Pickup","1"
"03/15/2024","Other/Unidentified Provider","Driver","1"
"03/15/2024","Non-Transportation","Travel Services (Same Day)","6"
"03/15/2024","Non-Transportation","Travel Planning (Res)","6"
"03/15/2024","Non-Transportation","Scheduling","1"
"03/15/2024","Non-Transportation","Policy","14"
"03/15/2024","Non-Transportation","IT/Technology","3"
"03/15/2024","Non-Transportation","Eligibility","2"
"03/15/2024","Non-Transportation","Customer","4"
"03/15/2024","Supplemental","Vehicles","1"
"03/15/2024","Supplemental","Service - Ride Time","1"
"03/15/2024","Supplemental","Service - Other","1"
"03/15/2024","Supplemental","Service - No Shows","3"
"03/15/2024","Supplemental","Service - Late Pickup","1"
"03/15/2024","Supplemental","Driver","3"
"03/15/2024","Broker","Vehicles","1"
"03/15/2024","Broker","Service - Ride Time","14"
"03/15/2024","Broker","Service - No Shows","23"
"03/15/2024","Broker","Driver","33"
"03/15/2024","Primary","Service - Ride Time","10"
"03/15/2024","Primary","Service - No Shows","7"
"03/15/2024","Primary","Service - Late Pickup","10"
"03/15/2024","Primary","Driver","9"
"03/14/2024","Non-Transportation","Customer","4"
"03/14/2024","Other/Unidentified Provider","Vehicles","1"
"03/14/2024","Other/Unidentified Provider","Service - Ride Time","1"
"03/14/2024","Other/Unidentified Provider","Service - Late Pickup","3"
"03/14/2024","Other/Unidentified Provider","Driver","4"
"03/14/2024","Non-Transportation","Travel Services (Same Day)","9"
"03/14/2024","Non-Transportation","Travel Planning (Res)","7"
"03/14/2024","Non-Transportation","Scheduling","4"
"03/14/2024","Non-Transportation","Policy","13"
"03/14/2024","Non-Transportation","IT/Technology","6"
"03/14/2024","Supplemental","Service - Ride Time","2"
"03/14/2024","Supplemental","Service - No Shows","2"
"03/14/2024","Supplemental","Driver","2"
"03/14/2024","Broker","Service - Ride Time","8"
"03/14/2024","Broker","Service - Other","6"
"03/14/2024","Broker","Service - No Shows","30"
"03/14/2024","Broker","Service - Late Pickup","18"
"03/14/2024","Broker","Driver","25"
"03/14/2024","Primary","Vehicles","1"
"03/14/2024","Primary","Service - Ride Time","7"
"03/14/2024","Primary","Service - Other","1"
"03/14/2024","Primary","Service - No Shows","19"
"03/14/2024","Primary","Service - Late Pickup","14"
"03/14/2024","Primary","Driver","12"
"03/13/2024","Primary","Service - Late Pickup","10"
"03/13/2024","Other/Unidentified Provider","Driver","1"
"03/13/2024","Non-Transportation","Travel Services (Same Day)","3"
"03/13/2024","Non-Transportation","Travel Planning (Res)","5"
"03/13/2024","Non-Transportation","Scheduling","3"
"03/13/2024","Non-Transportation","Policy","12"
"03/13/2024","Non-Transportation","IT/Technology","5"
"03/13/2024","Non-Transportation","Eligibility","1"
"03/13/2024","Non-Transportation","Customer","1"
"03/13/2024","Primary","Driver","10"
"03/13/2024","Supplemental","Service - Ride Time","1"
"03/13/2024","Supplemental","Service - Other","1"
"03/13/2024","Supplemental","Service - Late Pickup","1"
"03/13/2024","Supplemental","Driver","1"
"03/13/2024","Broker","Vehicles","1"
"03/13/2024","Broker","Service - Ride Time","10"
"03/13/2024","Broker","Service - Other","3"
"03/13/2024","Broker","Service - No Shows","22"
"03/13/2024","Broker","Service - Late Pickup","8"
"03/13/2024","Broker","Driver","31"
"03/13/2024","Primary","Vehicles","1"
"03/13/2024","Primary","Service - Ride Time","7"
"03/13/2024","Primary","Service - No Shows","20"
"03/12/2024","Supplemental","Service - Late Pickup","2"
"03/12/2024","Other/Unidentified Provider","Vehicles","1"
"03/12/2024","Other/Unidentified Provider","Service - Late Pickup","1"
"03/12/2024","Other/Unidentified Provider","Driver","2"
"03/12/2024","Non-Transportation","Travel Services (Same Day)","4"
"03/12/2024","Non-Transportation","Travel Planning (Res)","7"
"03/12/2024","Non-Transportation","Scheduling","1"
"03/12/2024","Non-Transportation","Policy","13"
"03/12/2024","Non-Transportation","IT/Technology","4"
"03/12/2024","Non-Transportation","Eligibility","3"
"03/12/2024","Non-Transportation","Customer","5"
"03/12/2024","Supplemental","Service - Ride Time","1"
"03/12/2024","Supplemental","Service - Other","2"
"03/12/2024","Supplemental","Service - No Shows","2"
"03/12/2024","Supplemental","Driver","3"
"03/12/2024","Broker","Service - Ride Time","17"
"03/12/2024","Broker","Service - Other","6"
"03/12/2024","Broker","Service - No Shows","20"
"03/12/2024","Broker","Service - Late Pickup","16"
"03/12/2024","Broker","Driver","39"
"03/12/2024","Primary","Vehicles","2"
"03/12/2024","Primary","Service - Ride Time","11"
"03/12/2024","Primary","Service - Other","1"
"03/12/2024","Primary","Service - No Shows","13"
"03/12/2024","Primary","Service - Late Pickup","10"
"03/12/2024","Primary","Driver","4"
"03/11/2024","Primary","Service - No Shows","14"
"03/11/2024","Other/Unidentified Provider","Service - No Shows","1"
"03/11/2024","Other/Unidentified Provider","Service - Late Pickup","3"
"03/11/2024","Other/Unidentified Provider","Driver","1"
"03/11/2024","Non-Transportation","Travel Services (Same Day)","6"
"03/11/2024","Non-Transportation","Travel Planning (Res)","6"
"03/11/2024","Non-Transportation","Scheduling","2"
"03/11/2024","Non-Transportation","Policy","24"
"03/11/2024","Non-Transportation","IT/Technology","5"
"03/11/2024","Non-Transportation","Eligibility","3"
"03/11/2024","Non-Transportation","Customer Relations","1"
"03/11/2024","Non-Transportation","Customer","7"
"03/11/2024","Supplemental","Service - Ride Time","1"
"03/11/2024","Supplemental","Service - Other","2"
"03/11/2024","Primary","Service - Late Pickup","3"
"03/11/2024","Supplemental","Service - No Shows","2"
"03/11/2024","Supplemental","Driver","5"
"03/11/2024","Broker","Vehicles","1"
"03/11/2024","Broker","Service - Ride Time","5"
"03/11/2024","Broker","Service - Other","6"
"03/11/2024","Broker","Service - No Shows","35"
"03/11/2024","Broker","Service - Late Pickup","9"
"03/11/2024","Primary","Driver","10"
"03/11/2024","Broker","Driver","42"
"03/11/2024","Primary","Vehicles","1"
"03/11/2024","Primary","Service - Ride Time","8"
"03/10/2024","Other/Unidentified Provider","Driver","1"
"03/10/2024","Broker","Driver","1"
"03/09/2024","Other/Unidentified Provider","Service - No Shows","1"
"03/09/2024","Non-Transportation","Travel Services (Same Day)","1"
"03/09/2024","Non-Transportation","Policy","1"
"03/09/2024","Supplemental","Service - No Shows","1"
"03/09/2024","Broker","Service - Other","1"
"03/09/2024","Broker","Service - No Shows","2"
"03/09/2024","Broker","Service - Late Pickup","2"
"03/09/2024","Broker","Driver","5"
"03/08/2024","Non-Transportation","Eligibility","2"
"03/08/2024","Non-Transportation","Customer","3"
"03/08/2024","Supplemental","Vehicles","1"
"03/08/2024","Supplemental","Service - Ride Time","2"
"03/08/2024","Supplemental","Service - Other","1"
"03/08/2024","Supplemental","Service - No Shows","1"
"03/08/2024","Supplemental","Service - Late Pickup","4"
"03/08/2024","Supplemental","Driver","3"
"03/08/2024","Broker","Service - Ride Time","7"
"03/08/2024","Broker","Service - Other","2"
"03/08/2024","Broker","Service - No Shows","22"
"03/08/2024","Broker","Service - Late Pickup","7"
"03/08/2024","Broker","Driver","34"
"03/08/2024","Primary","Service - Ride Time","5"
"03/08/2024","Primary","Service - Other","1"
"03/08/2024","Primary","Service - No Shows","12"
"03/08/2024","Primary","Driver","8"
"03/08/2024","Primary","Service - Late Pickup","8"
"03/08/2024","Other/Unidentified Provider","Service - Ride Time","1"
"03/08/2024","Other/Unidentified Provider","Driver","1"
"03/08/2024","Non-Transportation","Travel Services (Same Day)","3"
"03/08/2024","Non-Transportation","Travel Planning (Res)","8"
"03/08/2024","Non-Transportation","Scheduling","2"
"03/08/2024","Non-Transportation","Policy","5"
"03/08/2024","Non-Transportation","IT/Technology","2"
"03/07/2024","Broker","Service - No Shows","19"
"03/07/2024","Other/Unidentified Provider","Driver","1"
"03/07/2024","Non-Transportation","Travel Services (Same Day)","2"
"03/07/2024","Non-Transportation","Travel Planning (Res)","8"
"03/07/2024","Non-Transportation","Scheduling","2"
"03/07/2024","Non-Transportation","Policy","6"
"03/07/2024","Non-Transportation","IT/Technology","3"
"03/07/2024","Non-Transportation","Eligibility","2"
"03/07/2024","Non-Transportation","Customer Relations","1"
"03/07/2024","Non-Transportation","Customer","2"
"03/07/2024","E-Hail","Driver","1"
"03/07/2024","Supplemental","Vehicles","1"
"03/07/2024","Supplemental","Service - No Shows","1"
"03/07/2024","Supplemental","Service - Late Pickup","2"
"03/07/2024","Supplemental","Driver","1"
"03/07/2024","Broker","Service - Ride Time","13"
"03/07/2024","Broker","Service - Other","3"
"03/07/2024","Broker","Service - Late Pickup","11"
"03/07/2024","Broker","Driver","45"
"03/07/2024","Primary","Vehicles","1"
"03/07/2024","Primary","Service - Ride Time","4"
"03/07/2024","Primary","Service - No Shows","11"
"03/07/2024","Primary","Service - Late Pickup","10"
"03/07/2024","Primary","Driver","9"
"03/06/2024","Primary","Service - Late Pickup","5"
"03/06/2024","Other/Unidentified Provider","Driver","3"
"03/06/2024","Non-Transportation","Travel Services (Same Day)","2"
"03/06/2024","Non-Transportation","Travel Planning (Res)","6"
"03/06/2024","Non-Transportation","Policy","10"
"03/06/2024","Non-Transportation","IT/Technology","7"
"03/06/2024","Non-Transportation","Customer","5"
"03/06/2024","E-Hail","Driver","1"
"03/06/2024","Supplemental","Vehicles","2"
"03/06/2024","Supplemental","Service - Ride Time","2"
"03/06/2024","Supplemental","Service - No Shows","3"
"03/06/2024","Supplemental","Service - Late Pickup","2"
"03/06/2024","Supplemental","Driver","1"
"03/06/2024","Broker","Vehicles","1"
"03/06/2024","Broker","Service - Ride Time","19"
"03/06/2024","Broker","Service - Other","4"
"03/06/2024","Primary","Driver","8"
"03/06/2024","Broker","Service - No Shows","23"
"03/06/2024","Broker","Service - Late Pickup","9"
"03/06/2024","Broker","Driver","44"
"03/06/2024","Primary","Service - Ride Time","6"
"03/06/2024","Primary","Service - Other","1"
"03/06/2024","Primary","Service - No Shows","15"
"03/05/2024","Primary","Service - Late Pickup","9"
"03/05/2024","Other/Unidentified Provider","Service - Late Pickup","1"
"03/05/2024","Other/Unidentified Provider","Driver","4"
"03/05/2024","Non-Transportation","Travel Services (Same Day)","6"
"03/05/2024","Non-Transportation","Travel Planning (Res)","7"
"03/05/2024","Non-Transportation","Scheduling","2"
"03/05/2024","Non-Transportation","Policy","14"
"03/05/2024","Non-Transportation","IT/Technology","6"
"03/05/2024","Non-Transportation","Eligibility","1"
"03/05/2024","Non-Transportation","Customer Relations","2"
"03/05/2024","Non-Transportation","Customer","7"
"03/05/2024","Supplemental","Vehicles","1"
"03/05/2024","Supplemental","Service - Ride Time","1"
"03/05/2024","Supplemental","Service - Other","1"
"03/05/2024","Supplemental","Service - No Shows","3"
"03/05/2024","Supplemental","Driver","5"
"03/05/2024","Broker","Vehicles","1"
"03/05/2024","Broker","Service - Ride Time","15"
"03/05/2024","Broker","Service - Other","11"
"03/05/2024","Broker","Service - No Shows","22"
"03/05/2024","Broker","Service - Late Pickup","11"
"03/05/2024","Broker","Driver","42"
"03/05/2024","Primary","Service - Ride Time","4"
"03/05/2024","Primary","Service - No Shows","15"
"03/05/2024","Primary","Driver","6"
"03/04/2024","Primary","Driver","10"
"03/04/2024","Other/Unidentified Provider","Service - No Shows","1"
"03/04/2024","Other/Unidentified Provider","Driver","2"
"03/04/2024","Non-Transportation","Travel Services (Same Day)","4"
"03/04/2024","Non-Transportation","Travel Planning (Res)","2"
"03/04/2024","Non-Transportation","Scheduling","1"
"03/04/2024","Non-Transportation","Policy","8"
"03/04/2024","Non-Transportation","IT/Technology","3"
"03/04/2024","Non-Transportation","Eligibility","1"
"03/04/2024","Non-Transportation","Customer Relations","1"
"03/04/2024","Non-Transportation","Customer","6"
"03/04/2024","Supplemental","Service - Ride Time","1"
"03/04/2024","Supplemental","Service - No Shows","3"
"03/04/2024","Supplemental","Driver","4"
"03/04/2024","Broker","Service - Ride Time","7"
"03/04/2024","Broker","Service - Other","3"
"03/04/2024","Broker","Service - No Shows","34"
"03/04/2024","Broker","Service - Late Pickup","10"
"03/04/2024","Broker","Driver","31"
"03/04/2024","Primary","Vehicles","1"
"03/04/2024","Primary","Service - Ride Time","3"
"03/04/2024","Primary","Service - No Shows","15"
"03/04/2024","Primary","Service - Late Pickup","8"
"03/03/2024","Broker","Service - No Shows","1"
"03/03/2024","Non-Transportation","Travel Planning (Res)","1"
"03/03/2024","Non-Transportation","Policy","4"
"03/03/2024","Supplemental","Service - No Shows","1"
"03/03/2024","Broker","Driver","1"
"03/02/2024","Broker","Driver","2"
"03/02/2024","Non-Transportation","Travel Planning (Res)","1"
"03/02/2024","Non-Transportation","Policy","6"
"03/02/2024","Non-Transportation","Customer","1"
"03/02/2024","Primary","Driver","2"
"03/01/2024","Non-Transportation","Policy","11"
"03/01/2024","Other/Unidentified Provider","Service - No Shows","1"
"03/01/2024","Other/Unidentified Provider","Driver","2"
"03/01/2024","Non-Transportation","Travel Services (Same Day)","3"
"03/01/2024","Non-Transportation","Travel Planning (Res)","4"
"03/01/2024","Non-Transportation","Scheduling","1"
"03/01/2024","Non-Transportation","IT/Technology","3"
"03/01/2024","Non-Transportation","Eligibility","2"
"03/01/2024","Non-Transportation","Customer","2"
"03/01/2024","Supplemental","Vehicles","1"
"03/01/2024","Supplemental","Service - Ride Time","2"
"03/01/2024","Supplemental","Service - No Shows","1"
"03/01/2024","Supplemental","Driver","1"
"03/01/2024","Broker","Vehicles","1"
"03/01/2024","Broker","Service - Ride Time","14"
"03/01/2024","Broker","Service - Other","1"
"03/01/2024","Broker","Service - No Shows","19"
"03/01/2024","Broker","Service - Late Pickup","7"
"03/01/2024","Broker","Driver","28"
"03/01/2024","Primary","Vehicles","1"
"03/01/2024","Primary","Service - Ride Time","4"
"03/01/2024","Primary","Service - No Shows","17"
"03/01/2024","Primary","Service - Late Pickup","7"
"03/01/2024","Primary","Driver","8"
"02/29/2024","Non-Transportation","Customer","4"
"02/29/2024","Supplemental","Service - Ride Time","2"
"02/29/2024","Supplemental","Service - No Shows","5"
"02/29/2024","Broker","Vehicles","2"
"02/29/2024","Broker","Service - Ride Time","12"
"02/29/2024","Broker","Service - Other","2"
"02/29/2024","Broker","Service - No Shows","18"
"02/29/2024","Broker","Service - Late Pickup","7"
"02/29/2024","Broker","Driver","30"
"02/29/2024","Primary","Vehicles","1"
"02/29/2024","Primary","Service - Ride Time","5"
"02/29/2024","Primary","Service - No Shows","12"
"02/29/2024","Primary","Service - Late Pickup","5"
"02/29/2024","Primary","Driver","7"
"02/29/2024","Other/Unidentified Provider","Driver","2"
"02/29/2024","Non-Transportation","Travel Services (Same Day)","4"
"02/29/2024","Non-Transportation","Travel Planning (Res)","10"
"02/29/2024","Non-Transportation","Scheduling","2"
"02/29/2024","Non-Transportation","Policy","8"
"02/29/2024","Non-Transportation","Eligibility","2"
"02/28/2024","Broker","Service - Other","6"
"02/28/2024","Broker","Service - No Shows","22"
"02/28/2024","Broker","Service - Late Pickup","11"
"02/28/2024","Broker","Driver","34"
"02/28/2024","Primary","Service - Ride Time","9"
"02/28/2024","Primary","Service - Other","1"
"02/28/2024","Primary","Service - Late Pickup","2"
"02/28/2024","Primary","Service - No Shows","12"
"02/28/2024","Other/Unidentified Provider","Service - Late Pickup","2"
"02/28/2024","Other/Unidentified Provider","Driver","4"
"02/28/2024","Non-Transportation","Travel Services (Same Day)","8"
"02/28/2024","Non-Transportation","Travel Planning (Res)","13"
"02/28/2024","Non-Transportation","Policy","8"
"02/28/2024","Non-Transportation","IT/Technology","4"
"02/28/2024","Non-Transportation","Eligibility","2"
"02/28/2024","Non-Transportation","Customer Relations","1"
"02/28/2024","Primary","Driver","9"
"02/28/2024","Non-Transportation","Customer","7"
"02/28/2024","E-Hail","Service - Other","1"
"02/28/2024","E-Hail","Driver","1"
"02/28/2024","Supplemental","Service - Ride Time","1"
"02/28/2024","Supplemental","Service - Other","1"
"02/28/2024","Supplemental","Service - No Shows","5"
"02/28/2024","Supplemental","Service - Late Pickup","2"
"02/28/2024","Supplemental","Driver","3"
"02/28/2024","Broker","Vehicles","1"
"02/28/2024","Broker","Service - Ride Time","13"
"02/27/2024","Broker","Service - Late Pickup","11"
"02/27/2024","Other/Unidentified Provider","Service - No Shows","1"
"02/27/2024","Other/Unidentified Provider","Driver","2"
"02/27/2024","Non-Transportation","Travel Services (Same Day)","6"
"02/27/2024","Non-Transportation","Travel Planning (Res)","9"
"02/27/2024","Non-Transportation","Scheduling","2"
"02/27/2024","Non-Transportation","Policy","9"
"02/27/2024","Non-Transportation","IT/Technology","2"
"02/27/2024","Non-Transportation","Eligibility","1"
"02/27/2024","Non-Transportation","Customer Relations","1"
"02/27/2024","Non-Transportation","Customer","4"
"02/27/2024","E-Hail","Driver","1"
"02/27/2024","Supplemental","Service - Ride Time","2"
"02/27/2024","Supplemental","Service - No Shows","1"
"02/27/2024","Supplemental","Service - Late Pickup","1"
"02/27/2024","Supplemental","Driver","1"
"02/27/2024","Broker","Vehicles","2"
"02/27/2024","Broker","Service - Ride Time","10"
"02/27/2024","Broker","Service - Other","5"
"02/27/2024","Broker","Service - No Shows","28"
"02/27/2024","Broker","Driver","36"
"02/27/2024","Primary","Vehicles","1"
"02/27/2024","Primary","Service - Ride Time","8"
"02/27/2024","Primary","Service - No Shows","8"
"02/27/2024","Primary","Service - Late Pickup","5"
"02/27/2024","Primary","Driver","6"
"02/26/2024","Primary","Driver","12"
"02/26/2024","Other/Unidentified Provider","Service - Ride Time","1"
"02/26/2024","Other/Unidentified Provider","Service - No Shows","1"
"02/26/2024","Other/Unidentified Provider","Driver","1"
"02/26/2024","Non-Transportation","Travel Services (Same Day)","8"
"02/26/2024","Non-Transportation","Travel Planning (Res)","4"
"02/26/2024","Non-Transportation","Scheduling","5"
"02/26/2024","Non-Transportation","Policy","11"
"02/26/2024","Non-Transportation","IT/Technology","3"
"02/26/2024","Non-Transportation","Eligibility","1"
"02/26/2024","Non-Transportation","Customer","4"
"02/26/2024","Supplemental","Vehicles","1"
"02/26/2024","Supplemental","Service - Ride Time","2"
"02/26/2024","Supplemental","Service - Other","1"
"02/26/2024","Supplemental","Service - No Shows","8"
"02/26/2024","Supplemental","Service - Late Pickup","1"
"02/26/2024","Supplemental","Driver","3"
"02/26/2024","Broker","Vehicles","1"
"02/26/2024","Broker","Service - Ride Time","7"
"02/26/2024","Broker","Service - Other","5"
"02/26/2024","Broker","Service - No Shows","16"
"02/26/2024","Broker","Service - Late Pickup","7"
"02/26/2024","Broker","Driver","33"
"02/26/2024","Primary","Service - Ride Time","1"
"02/26/2024","Primary","Service - No Shows","15"
"02/26/2024","Primary","Service - Late Pickup","4"
"02/25/2024","Broker","Service - Late Pickup","1"
"02/25/2024","Non-Transportation","Policy","2"
"02/25/2024","Non-Transportation","IT/Technology","1"
"02/25/2024","Supplemental","Service - No Shows","1"
"02/25/2024","Broker","Service - No Shows","1"
"02/25/2024","Broker","Driver","3"
"02/24/2024","Broker","Driver","2"
"02/24/2024","Broker","Vehicles","1"
"02/24/2024","Broker","Service - No Shows","2"
"02/24/2024","Primary","Driver","1"
"02/23/2024","Non-Transportation","Travel Services (Same Day)","6"
"02/23/2024","Other/Unidentified Provider","Service - No Shows","2"
"02/23/2024","Other/Unidentified Provider","Driver","1"
"02/23/2024","Non-Transportation","Travel Planning (Res)","10"
"02/23/2024","Non-Transportation","Scheduling","2"
"02/23/2024","Non-Transportation","Policy","12"
"02/23/2024","Non-Transportation","IT/Technology","4"
"02/23/2024","Non-Transportation","Eligibility","2"
"02/23/2024","Non-Transportation","Customer","4"
"02/23/2024","Supplemental","Vehicles","1"
"02/23/2024","Supplemental","Service - Ride Time","2"
"02/23/2024","Supplemental","Service - No Shows","1"
"02/23/2024","Supplemental","Driver","2"
"02/23/2024","Broker","Service - Ride Time","7"
"02/23/2024","Broker","Service - Other","2"
"02/23/2024","Broker","Service - No Shows","19"
"02/23/2024","Broker","Service - Late Pickup","5"
"02/23/2024","Broker","Driver","30"
"02/23/2024","Primary","Service - No Shows","10"
"02/23/2024","Primary","Service - Late Pickup","1"
"02/23/2024","Primary","Driver","6"
"02/22/2024","Non-Transportation","Customer","12"
"02/22/2024","Other/Unidentified Provider","Service - No Shows","1"
"02/22/2024","Other/Unidentified Provider","Driver","1"
"02/22/2024","Non-Transportation","Travel Services (Same Day)","4"
"02/22/2024","Non-Transportation","Travel Planning (Res)","7"
"02/22/2024","Non-Transportation","Scheduling","1"
"02/22/2024","Non-Transportation","Policy","7"
"02/22/2024","Non-Transportation","IT/Technology","5"
"02/22/2024","Non-Transportation","Eligibility","5"
"02/22/2024","Non-Transportation","Customer Relations","1"
"02/22/2024","Supplemental","Service - Ride Time","3"
"02/22/2024","Supplemental","Service - Other","1"
"02/22/2024","Supplemental","Service - No Shows","5"
"02/22/2024","Supplemental","Service - Late Pickup","1"
"02/22/2024","Broker","Vehicles","1"
"02/22/2024","Broker","Service - Ride Time","3"
"02/22/2024","Broker","Service - Other","4"
"02/22/2024","Broker","Service - No Shows","16"
"02/22/2024","Broker","Service - Late Pickup","4"
"02/22/2024","Broker","Driver","32"
"02/22/2024","Primary","Service - Ride Time","5"
"02/22/2024","Primary","Service - Other","1"
"02/22/2024","Primary","Service - No Shows","13"
"02/22/2024","Primary","Service - Late Pickup","5"
"02/22/2024","Primary","Driver","12"
"02/21/2024","Primary","Service - No Shows","17"
"02/21/2024","Other/Unidentified Provider","Service - No Shows","1"
"02/21/2024","Non-Transportation","Travel Services (Same Day)","6"
"02/21/2024","Primary","Driver","11"
"02/21/2024","Non-Transportation","Travel Planning (Res)","5"
"02/21/2024","Non-Transportation","Scheduling","5"
"02/21/2024","Primary","Service - Late Pickup","3"
"02/21/2024","Non-Transportation","Policy","7"
"02/21/2024","Non-Transportation","IT/Technology","6"
"02/21/2024","Non-Transportation","Eligibility","2"
"02/21/2024","Non-Transportation","Customer","6"
"02/21/2024","Supplemental","Service - Ride Time","1"
"02/21/2024","Supplemental","Driver","3"
"02/21/2024","Broker","Vehicles","3"
"02/21/2024","Broker","Service - Ride Time","5"
"02/21/2024","Broker","Service - Other","4"
"02/21/2024","Broker","Service - No Shows","19"
"02/21/2024","Broker","Service - Late Pickup","9"
"02/21/2024","Broker","Driver","27"
"02/21/2024","Primary","Service - Ride Time","1"
"02/21/2024","Primary","Service - Other","1"
"02/20/2024","Non-Transportation","Scheduling","4"
"02/20/2024","Other/Unidentified Provider","Service - No Shows","1"
"02/20/2024","Other/Unidentified Provider","Driver","2"
"02/20/2024","Non-Transportation","Travel Services (Same Day)","4"
"02/20/2024","Non-Transportation","Travel Planning (Res)","11"
"02/20/2024","Non-Transportation","Policy","14"
"02/20/2024","Non-Transportation","IT/Technology","7"
"02/20/2024","Non-Transportation","Eligibility","3"
"02/20/2024","Non-Transportation","Customer","8"
"02/20/2024","E-Hail","Driver","1"
"02/20/2024","Supplemental","Service - Ride Time","3"
"02/20/2024","Supplemental","Service - No Shows","4"
"02/20/2024","Supplemental","Service - Late Pickup","1"
"02/20/2024","Supplemental","Driver","1"
"02/20/2024","Broker","Vehicles","1"
"02/20/2024","Broker","Service - Ride Time","5"
"02/20/2024","Broker","Service - Other","5"
"02/20/2024","Broker","Service - No Shows","23"
"02/20/2024","Broker","Service - Late Pickup","10"
"02/20/2024","Broker","Driver","46"
"02/20/2024","Primary","Service - Ride Time","6"
"02/20/2024","Primary","Service - No Shows","21"
"02/20/2024","Primary","Service - Late Pickup","3"
"02/20/2024","Primary","Driver","11"
"02/19/2024","Broker","Service - No Shows","1"
"02/19/2024","Broker","Service - Late Pickup","1"
"02/19/2024","Broker","Driver","2"
"02/19/2024","Primary","Service - No Shows","2"
"02/19/2024","Non-Transportation","Policy","2"
"02/19/2024","Non-Transportation","Customer","1"
"02/18/2024","Supplemental","Service - No Shows","1"
"02/18/2024","Broker","Service - Late Pickup","1"
"02/18/2024","Broker","Driver","1"
"02/18/2024","Primary","Driver","1"
"02/18/2024","Non-Transportation","Travel Planning (Res)","1"
"02/18/2024","Non-Transportation","Policy","1"
"02/17/2024","Supplemental","Service - Late Pickup","1"
"02/17/2024","Broker","Service - No Shows","1"
"02/17/2024","Broker","Service - Late Pickup","1"
"02/17/2024","Broker","Driver","2"
"02/17/2024","Primary","Service - Late Pickup","1"
"02/17/2024","Non-Transportation","Travel Services (Same Day)","1"
"02/17/2024","Non-Transportation","Policy","2"
"02/16/2024","Primary","Service - Other","2"
"02/16/2024","Primary","Service - No Shows","17"
"02/16/2024","Primary","Driver","8"
"02/16/2024","Primary","Service - Late Pickup","12"
"02/16/2024","Non-Transportation","Travel Services (Same Day)","7"
"02/16/2024","Non-Transportation","Travel Planning (Res)","13"
"02/16/2024","Non-Transportation","Scheduling","1"
"02/16/2024","Non-Transportation","Policy","11"
"02/16/2024","Non-Transportation","IT/Technology","2"
"02/16/2024","Non-Transportation","Eligibility","1"
"02/16/2024","Non-Transportation","Customer","6"
"02/16/2024","Supplemental","Service - Ride Time","2"
"02/16/2024","Supplemental","Service - No Shows","2"
"02/16/2024","Supplemental","Driver","3"
"02/16/2024","Broker","Vehicles","5"
"02/16/2024","Broker","Service - Ride Time","5"
"02/16/2024","Broker","Service - Other","4"
"02/16/2024","Broker","Service - No Shows","27"
"02/16/2024","Broker","Service - Late Pickup","10"
"02/16/2024","Broker","Driver","31"
"02/16/2024","Primary","Vehicles","1"
"02/16/2024","Primary","Service - Ride Time","12"
"02/15/2024","Supplemental","Driver","6"
"02/15/2024","Non-Transportation","Travel Services (Same Day)","5"
"02/15/2024","Non-Transportation","Travel Planning (Res)","17"
"02/15/2024","Non-Transportation","Scheduling","2"
"02/15/2024","Non-Transportation","Policy","6"
"02/15/2024","Non-Transportation","IT/Technology","4"
"02/15/2024","Non-Transportation","Eligibility","4"
"02/15/2024","Non-Transportation","Customer Relations","1"
"02/15/2024","Non-Transportation","Customer","3"
"02/15/2024","E-Hail","Service - No Shows","1"
"02/15/2024","Supplemental","Service - Ride Time","2"
"02/15/2024","Supplemental","Service - Other","1"
"02/15/2024","Supplemental","Service - No Shows","1"
"02/15/2024","Supplemental","Service - Late Pickup","3"
"02/15/2024","Broker","Vehicles","1"
"02/15/2024","Broker","Service - Ride Time","9"
"02/15/2024","Broker","Service - Other","4"
"02/15/2024","Broker","Service - No Shows","24"
"02/15/2024","Broker","Service - Late Pickup","13"
"02/15/2024","Broker","Driver","44"
"02/15/2024","Primary","Service - Ride Time","7"
"02/15/2024","Primary","Service - Other","3"
"02/15/2024","Primary","Service - No Shows","15"
"02/15/2024","Primary","Service - Late Pickup","11"
"02/15/2024","Primary","Driver","7"
"02/14/2024","Primary","Service - No Shows","15"
"02/14/2024","Other/Unidentified Provider","Service - Ride Time","1"
"02/14/2024","Other/Unidentified Provider","Driver","1"
"02/14/2024","Non-Transportation","Travel Services (Same Day)","4"
"02/14/2024","Primary","Driver","10"
"02/14/2024","Non-Transportation","Travel Planning (Res)","4"
"02/14/2024","Non-Transportation","Policy","7"
"02/14/2024","Non-Transportation","IT/Technology","1"
"02/14/2024","Non-Transportation","Eligibility","3"
"02/14/2024","Non-Transportation","Customer","4"
"02/14/2024","Supplemental","Vehicles","2"
"02/14/2024","Supplemental","Service - Ride Time","1"
"02/14/2024","Primary","Service - Late Pickup","11"
"02/14/2024","Supplemental","Service - No Shows","3"
"02/14/2024","Supplemental","Service - Late Pickup","1"
"02/14/2024","Broker","Vehicles","1"
"02/14/2024","Broker","Service - Ride Time","9"
"02/14/2024","Broker","Service - Other","8"
"02/14/2024","Broker","Service - No Shows","14"
"02/14/2024","Broker","Service - Late Pickup","6"
"02/14/2024","Broker","Driver","28"
"02/14/2024","Primary","Service - Ride Time","3"
"02/14/2024","Primary","Service - Other","1"
"02/13/2024","Other/Unidentified Provider","Service - No Shows","1"
"02/13/2024","Non-Transportation","Travel Services (Same Day)","4"
"02/13/2024","Non-Transportation","Travel Planning (Res)","6"
"02/13/2024","Non-Transportation","Scheduling","1"
"02/13/2024","Non-Transportation","Policy","10"
"02/13/2024","Non-Transportation","IT/Technology","4"
"02/13/2024","Non-Transportation","Eligibility","1"
"02/13/2024","Non-Transportation","Customer","6"
"02/13/2024","E-Hail","Service - Other","1"
"02/13/2024","Supplemental","Service - No Shows","3"
"02/13/2024","Supplemental","Service - Late Pickup","1"
"02/13/2024","Supplemental","Driver","1"
"02/13/2024","Broker","Service - Ride Time","3"
"02/13/2024","Broker","Service - Other","2"
"02/13/2024","Broker","Service - No Shows","12"
"02/13/2024","Broker","Service - Late Pickup","1"
"02/13/2024","Broker","Driver","25"
"02/13/2024","Primary","Service - Ride Time","5"
"02/13/2024","Primary","Service - No Shows","6"
"02/13/2024","Primary","Service - Late Pickup","3"
"02/13/2024","Primary","Driver","4"
"02/12/2024","Primary","Driver","8"
"02/12/2024","Non-Transportation","Travel Services (Same Day)","4"
"02/12/2024","Non-Transportation","Travel Planning (Res)","3"
"02/12/2024","Non-Transportation","Policy","9"
"02/12/2024","Non-Transportation","Eligibility","4"
"02/12/2024","Non-Transportation","Customer","3"
"02/12/2024","Supplemental","Service - No Shows","4"
"02/12/2024","Supplemental","Driver","4"
"02/12/2024","Broker","Vehicles","4"
"02/12/2024","Broker","Service - Ride Time","10"
"02/12/2024","Broker","Service - Other","4"
"02/12/2024","Broker","Service - No Shows","26"
"02/12/2024","Broker","Service - Late Pickup","6"
"02/12/2024","Broker","Driver","45"
"02/12/2024","Primary","Service - Ride Time","2"
"02/12/2024","Primary","Service - Other","1"
"02/12/2024","Primary","Service - No Shows","20"
"02/12/2024","Primary","Service - Late Pickup","4"
"02/11/2024","Broker","Driver","1"
"02/11/2024","Supplemental","Service - No Shows","1"
"02/11/2024","Primary","Vehicles","1"
"02/10/2024","Primary","Service - No Shows","1"
"02/10/2024","Non-Transportation","Travel Planning (Res)","1"
"02/10/2024","Non-Transportation","Policy","2"
"02/10/2024","Broker","Service - Ride Time","1"
"02/10/2024","Broker","Service - No Shows","2"
"02/10/2024","Broker","Driver","2"
"02/10/2024","Primary","Service - Late Pickup","1"
"02/09/2024","Primary","Service - Ride Time","6"
"02/09/2024","Other/Unidentified Provider","Service - No Shows","1"
"02/09/2024","Non-Transportation","Travel Services (Same Day)","4"
"02/09/2024","Non-Transportation","Travel Planning (Res)","6"
"02/09/2024","Non-Transportation","Policy","14"
"02/09/2024","Non-Transportation","IT/Technology","1"
"02/09/2024","Non-Transportation","Eligibility","1"
"02/09/2024","Non-Transportation","Customer","2"
"02/09/2024","Supplemental","Vehicles","1"
"02/09/2024","Supplemental","Service - Ride Time","1"
"02/09/2024","Supplemental","Service - No Shows","1"
"02/09/2024","Supplemental","Service - Late Pickup","4"
"02/09/2024","Supplemental","Driver","1"
"02/09/2024","Broker","Service - Ride Time","10"
"02/09/2024","Broker","Service - Other","5"
"02/09/2024","Broker","Service - No Shows","16"
"02/09/2024","Broker","Service - Late Pickup","6"
"02/09/2024","Broker","Driver","32"
"02/09/2024","Primary","Vehicles","1"
"02/09/2024","Primary","Service - No Shows","14"
"02/09/2024","Primary","Service - Late Pickup","11"
"02/09/2024","Primary","Driver","7"
"02/08/2024","Primary","Service - Late Pickup","7"
"02/08/2024","Other/Unidentified Provider","Vehicles","1"
"02/08/2024","Other/Unidentified Provider","Service - No Shows","1"
"02/08/2024","Other/Unidentified Provider","Driver","1"
"02/08/2024","Non-Transportation","Travel Services (Same Day)","5"
"02/08/2024","Non-Transportation","Travel Planning (Res)","3"
"02/08/2024","Non-Transportation","Scheduling","1"
"02/08/2024","Non-Transportation","Policy","11"
"02/08/2024","Non-Transportation","IT/Technology","3"
"02/08/2024","Non-Transportation","Eligibility","3"
"02/08/2024","Non-Transportation","Customer Relations","2"
"02/08/2024","Non-Transportation","Customer","1"
"02/08/2024","Supplemental","Service - Ride Time","1"
"02/08/2024","Supplemental","Service - No Shows","3"
"02/08/2024","Supplemental","Service - Late Pickup","1"
"02/08/2024","Supplemental","Driver","2"
"02/08/2024","Broker","Vehicles","1"
"02/08/2024","Broker","Service - Ride Time","17"
"02/08/2024","Broker","Service - Other","6"
"02/08/2024","Broker","Service - No Shows","20"
"02/08/2024","Broker","Service - Late Pickup","6"
"02/08/2024","Broker","Driver","42"
"02/08/2024","Primary","Service - Ride Time","4"
"02/08/2024","Primary","Driver","8"
"02/08/2024","Primary","Service - Other","3"
"02/08/2024","Primary","Service - No Shows","15"
"02/07/2024","Primary","Service - Late Pickup","4"
"02/07/2024","Other/Unidentified Provider","Service - Late Pickup","1"
"02/07/2024","Other/Unidentified Provider","Driver","2"
"02/07/2024","Non-Transportation","Travel Services (Same Day)","5"
"02/07/2024","Non-Transportation","Travel Planning (Res)","6"
"02/07/2024","Non-Transportation","Scheduling","2"
"02/07/2024","Non-Transportation","Policy","11"
"02/07/2024","Non-Transportation","IT/Technology","7"
"02/07/2024","Non-Transportation","Eligibility","3"
"02/07/2024","E-Hail","Driver","1"
"02/07/2024","Supplemental","Service - Ride Time","1"
"02/07/2024","Supplemental","Service - No Shows","1"
"02/07/2024","Supplemental","Driver","3"
"02/07/2024","Broker","Vehicles","2"
"02/07/2024","Broker","Service - Ride Time","10"
"02/07/2024","Broker","Service - Other","1"
"02/07/2024","Broker","Service - No Shows","19"
"02/07/2024","Broker","Service - Late Pickup","9"
"02/07/2024","Broker","Driver","30"
"02/07/2024","Primary","Service - Ride Time","7"
"02/07/2024","Primary","Service - Other","1"
"02/07/2024","Primary","Service - No Shows","8"
"02/07/2024","Primary","Driver","10"
"02/06/2024","Non-Transportation","Travel Services (Same Day)","2"
"02/06/2024","Non-Transportation","Travel Planning (Res)","7"
"02/06/2024","Non-Transportation","Scheduling","1"
"02/06/2024","Non-Transportation","Policy","13"
"02/06/2024","Non-Transportation","IT/Technology","3"
"02/06/2024","Non-Transportation","Eligibility","4"
"02/06/2024","Non-Transportation","Customer","5"
"02/06/2024","Supplemental","Service - Ride Time","1"
"02/06/2024","Supplemental","Service - No Shows","4"
"02/06/2024","Supplemental","Driver","1"
"02/06/2024","Broker","Service - Ride Time","12"
"02/06/2024","Broker","Service - Other","7"
"02/06/2024","Broker","Service - No Shows","25"
"02/06/2024","Broker","Service - Late Pickup","13"
"02/06/2024","Broker","Driver","43"
"02/06/2024","Primary","Vehicles","2"
"02/06/2024","Primary","Service - Ride Time","2"
"02/06/2024","Primary","Service - Other","1"
"02/06/2024","Primary","Service - No Shows","17"
"02/06/2024","Primary","Service - Late Pickup","7"
"02/06/2024","Primary","Driver","9"
"02/06/2024","Other/Unidentified Provider","Driver","3"
"02/05/2024","Primary","Service - No Shows","22"
"02/05/2024","Primary","Driver","9"
"02/05/2024","Primary","Service - Late Pickup","6"
"02/05/2024","Other/Unidentified Provider","Service - No Shows","1"
"02/05/2024","Other/Unidentified Provider","Service - Late Pickup","1"
"02/05/2024","Other/Unidentified Provider","Driver","2"
"02/05/2024","Non-Transportation","Travel Services (Same Day)","7"
"02/05/2024","Non-Transportation","Travel Planning (Res)","10"
"02/05/2024","Non-Transportation","Scheduling","1"
"02/05/2024","Non-Transportation","Policy","7"
"02/05/2024","Non-Transportation","IT/Technology","4"
"02/05/2024","Non-Transportation","Eligibility","3"
"02/05/2024","Non-Transportation","Customer","8"
"02/05/2024","Supplemental","Service - Ride Time","1"
"02/05/2024","Supplemental","Service - No Shows","3"
"02/05/2024","Supplemental","Driver","6"
"02/05/2024","Broker","Vehicles","3"
"02/05/2024","Broker","Service - Ride Time","13"
"02/05/2024","Broker","Service - Other","8"
"02/05/2024","Broker","Service - No Shows","25"
"02/05/2024","Broker","Service - Late Pickup","5"
"02/05/2024","Broker","Driver","43"
"02/05/2024","Primary","Service - Ride Time","3"
"02/05/2024","Primary","Service - Other","1"
"02/04/2024","Broker","Service - No Shows","1"
"02/04/2024","Other/Unidentified Provider","Driver","1"
"02/04/2024","Non-Transportation","Scheduling","1"
"02/04/2024","Broker","Service - Late Pickup","2"
"02/03/2024","Broker","Driver","4"
"02/03/2024","Non-Transportation","Travel Planning (Res)","1"
"02/03/2024","Non-Transportation","IT/Technology","1"
"02/03/2024","Broker","Service - Late Pickup","1"
"02/02/2024","Non-Transportation","Policy","10"
"02/02/2024","Non-Transportation","IT/Technology","2"
"02/02/2024","Non-Transportation","Eligibility","5"
"02/02/2024","Non-Transportation","Customer Relations","1"
"02/02/2024","Non-Transportation","Customer","4"
"02/02/2024","Other/Unidentified Provider","Driver","1"
"02/02/2024","Non-Transportation","Travel Services (Same Day)","6"
"02/02/2024","Non-Transportation","Travel Planning (Res)","7"
"02/02/2024","Supplemental","Vehicles","1"
"02/02/2024","Supplemental","Service - Ride Time","1"
"02/02/2024","Supplemental","Service - Other","1"
"02/02/2024","Supplemental","Service - No Shows","3"
"02/02/2024","Supplemental","Driver","6"
"02/02/2024","Broker","Service - Ride Time","13"
"02/02/2024","Broker","Service - Other","6"
"02/02/2024","Broker","Service - No Shows","33"
"02/02/2024","Broker","Service - Late Pickup","8"
"02/02/2024","Broker","Driver","31"
"02/02/2024","Primary","Vehicles","2"
"02/02/2024","Primary","Service - Ride Time","1"
"02/02/2024","Primary","Service - No Shows","18"
"02/02/2024","Primary","Service - Late Pickup","4"
"02/02/2024","Primary","Driver","4"
"02/01/2024","Broker","Driver","35"
"02/01/2024","Primary","Service - Ride Time","2"
"02/01/2024","Other/Unidentified Provider","Driver","2"
"02/01/2024","Non-Transportation","Travel Services (Same Day)","8"
"02/01/2024","Non-Transportation","Travel Planning (Res)","3"
"02/01/2024","Non-Transportation","Policy","8"
"02/01/2024","Primary","Vehicles","2"
"02/01/2024","Non-Transportation","IT/Technology","3"
"02/01/2024","Non-Transportation","Eligibility","3"
"02/01/2024","Non-Transportation","Customer Relations","1"
"02/01/2024","Non-Transportation","Customer","5"
"02/01/2024","Primary","Service - Late Pickup","5"
"02/01/2024","Supplemental","Vehicles","1"
"02/01/2024","Supplemental","Service - No Shows","3"
"02/01/2024","Supplemental","Driver","4"
"02/01/2024","Primary","Service - No Shows","12"
"02/01/2024","Broker","Service - Ride Time","3"
"02/01/2024","Primary","Driver","2"
"02/01/2024","Broker","Service - Other","3"
"02/01/2024","Broker","Service - No Shows","14"
"02/01/2024","Broker","Service - Late Pickup","4"
